17 4 4 7016
25 2 7 1542
35 2 10 472
36 2 4 5194
37 2 0 14029
38 4 0 9891
39 4 1 9892
40 4 0 10141
41 4 0 4553
42 4 0 4562
43 4 0 9938
44 4 1 9937
45 4 0 3265
46 4 0 4528
47 4 0 9915
48 4 1 9913
49 4 0 9906
50 4 0 4535
51 4 0 9946
52 4 1 9945
53 4 0 9944
54 4 0 4541
55 4 0 9929
56 4 1 12647
57 4 1 12645
58 4 0 4499
59 4 0 3261
60 4 2 16891
61 4 2 16953
77 4 1 2645
79 4 1 16847
80 4 1 16854
85 4 2 16883
86 4 0 4525
87 4 0 261
88 4 1 374
89 4 0 7848
90 4 0 4519
91 4 1 368
92 4 0 249
93 4 0 369
94 4 0 4522
95 4 0 242
97 4 1 12662
98 4 0 4524
99 4 0 257
100 4 1 372
101 4 0 373
102 4 0 4523
103 4 0 5901
104 4 1 370
105 4 0 371
113 4 1 365
114 4 0 245
115 4 0 4517
117 0 5 2473
118 0 1 15710
119 4 0 5702
120 4 1 10006
121 4 0 10008
122 4 0 4538
123 4 0 383
124 4 1 3268
125 4 0 3269
126 4 0 4543
127 4 0 9996
128 4 1 396
129 4 0 9977
130 4 0 4572
131 4 0 4542
132 4 0 295
133 4 0 7912
134 4 0 387
135 4 1 386
136 4 0 311
137 4 0 4540
138 4 0 9346
139 4 1 9988
140 4 0 9992
141 4 0 4507
143 4 6 2080
146 4 0 4544
147 4 1 9975
148 4 0 9976
149 4 0 4569
150 4 1 392
151 4 0 393
152 4 0 4570
153 4 2 10050
154 4 0 10058
155 4 0 4571
156 4 1 394
157 4 0 395
159 0 5 18084
182 12 0 7038
184 1 0 362
192 2 14 5279
193 4 1 16579
194 4 1 16580
195 4 1 16582
200 4 1 16777
201 4 1 16778
202 4 1 16780
203 4 1 16779
209 4 2 17140
210 4 2 14444
236 4 2 14278
237 4 2 14476
238 4 2 14474
239 4 2 14475
285 4 3 16101
286 4 3 10400
287 4 3 12745
414 0 5 21904
422 0 5 6352
527 12 0 7090
537 15 0 6629
555 15 0 11206
556 15 0 6625
647 2 8 20190
710 4 1 16936
711 4 1 16581
714 4 2 14445
718 4 3 6986
719 4 1 16970
720 4 2 2368
723 7 8 7369
724 0 5 6385
725 12 0 6671
727 2 7 26577
728 9 5 1102
729 7 8 7407
730 7 8 7394
731 7 8 8802
732 12 0 7395
733 0 5 6428
734 12 0 7093
735 12 0 7093
737 12 0 926
738 12 0 1297
739 12 0 11994
740 12 0 11998
741 7 7 7391
742 12 0 928
743 12 0 929
744 4 0 18059
745 12 0 1102
746 4 0 3865
748 12 0 1102
750 12 0 1116
751 2 4 1515
752 12 0 1272
753 2 7 20094
754 2 7 20218
755 15 0 6677
756 2 1 6264
759 7 0 942
761 0 8 1208
763 4 2 17007
765 7 9 18088
766 2 4 19621
767 2 10 20443
768 2 0 5012
769 7 8 6348
770 15 0 6630
771 15 0 1225
772 12 0 7066
773 12 0 7137
774 3 7 6663
776 2 15 6452
777 15 0 959
778 2 0 6259
779 15 0 7714
780 12 0 6628
781 2 4 19644
782 12 0 1329
783 7 6 6687
784 7 11 1438
785 7 9 7341
786 7 7 7391
787 0 5 24697
788 2 7 5750
789 2 4 19699
790 2 0 19401
791 2 10 20334
792 4 1 16855
793 4 1 14449
794 4 1 14450
795 4 1 14154
796 4 2 22973
797 4 2 17068
798 4 2 22972
799 4 2 2106
804 1 0 2588
805 1 0 2586
806 1 0 2585
807 7 7 7356
808 7 11 7353
809 2 7 20033
810 2 4 19726
811 2 0 19137
812 2 10 20257
813 15 0 6618
814 7 1 18084
816 2 15 6472
818 3 7 6613
820 2 15 6470
821 4 2 17102
823 15 0 7014
826 2 0 19271
827 2 4 3498
828 1 0 2584
829 12 0 1272
832 4 3 6847
833 4 0 22978
835 0 0 1007
836 0 8 1007
837 4 1 14466
838 4 1 14468
839 4 1 14467
840 4 1 16821
841 12 0 1270
842 15 0 7015
843 4 2 14470
844 4 2 2101
845 4 2 9640
846 4 2 14472
847 4 3 1019
848 4 3 697
849 4 3 6869
850 4 3 6871
851 2 7 22077
852 2 4 8287
853 2 0 22102
854 2 10 22147
855 1 0 1281
856 1 0 1025
857 1 0 4056
858 0 1 15711
859 4 0 9880
860 4 1 3443
862 4 0 18397
863 2 0 19213
864 2 7 26579
865 2 4 5212
866 2 10 20357
867 4 2 17180
868 2 4 19713
869 2 7 5163
870 2 1 33458
871 2 0 19235
872 2 1 19242
873 2 10 20298
875 15 0 6423
876 4 6 1680
877 12 0 7099
878 7 11 9200
880 2 10 20382
883 12 0 7088
884 12 0 6368
885 2 0 8494
886 2 7 20093
887 15 0 6680
888 4 2 17182
889 12 0 3022
890 2 10 20386
892 4 1 16950
893 15 0 959
894 15 0 6642
895 12 0 7103
896 12 0 959
897 4 2 17011
898 12 0 959
899 2 15 6459
900 15 0 7014
901 15 0 7014
902 15 0 7014
903 15 0 7014
905 4 1 1057
906 4 1 1058
907 4 3 6480
908 4 1 6545
909 4 1 6557
910 12 0 3024
911 2 5 28628
913 2 8 20170
914 4 3 2829
915 12 0 1272
916 12 0 7589
917 4 2 1080
918 1 0 1283
920 2 4 19703
921 12 0 7588
922 2 8 22097
923 2 7 22080
924 2 5 22131
925 2 4 4351
926 2 1 22108
927 2 0 22106
928 2 10 22151
929 0 1 15712
930 1 0 1283
931 1 0 1183
932 1 0 6430
933 1 0 1282
934 2 0 19405
935 2 7 8274
936 2 4 5215
937 2 10 20329
938 12 0 7601
939 12 0 7588
940 4 1 16676
941 4 0 6513
942 4 0 9835
943 2 10 20256
944 2 10 20253
945 2 7 859
948 2 7 859
951 0 8 1093
954 0 4 3331
955 0 4 2616
956 12 0 7084
957 12 0 7286
958 12 0 7084
960 12 0 7084
961 0 5 6387
962 12 0 6385
964 4 0 9744
965 1 0 981
966 9 0 1103
967 9 0 1103
968 9 0 1103
973 9 0 1103
974 9 0 1103
975 9 0 1103
976 9 0 1103
980 9 0 1103
981 12 0 1399
983 4 1 4878
985 9 0 1103
986 9 0 1103
989 9 0 1103
992 9 0 1103
994 9 0 1103
996 4 0 3453
997 2 7 859
1002 9 0 1103
1004 9 0 1103
1006 12 0 224
1008 2 7 1550
1009 2 4 8583
1010 2 10 20440
1011 2 0 19273
1013 12 0 1236
1014 12 0 1183
1015 7 8 6348
1016 15 0 6619
1017 0 5 1116
1018 2 7 1121
1019 12 0 1272
1020 4 2 13552
1021 4 2 13551
1022 4 2 15299
1023 4 2 15297
1024 4 2 15304
1025 4 2 15302
1026 4 4 15305
1027 4 2 15294
1028 4 3 13275
1029 9 0 5563
1030 9 0 5563
1031 9 0 5563
1032 9 0 5563
1033 9 0 5563
1034 9 0 5563
1035 9 0 5563
1036 9 0 5563
1037 9 0 5563
1038 9 0 5563
1041 15 0 16208
1042 15 0 7015
1043 15 0 7015
1044 15 0 7015
1046 2 3 6596
1047 2 3 6595
1048 9 0 5563
1049 9 0 5563
1052 9 0 5563
1053 9 0 5563
1057 9 0 5563
1058 9 0 5563
1061 9 0 5563
1063 9 0 5563
1072 0 5 18080
1074 15 0 6619
1075 12 0 7236
1076 4 0 6012
1077 4 0 9836
1078 12 0 811
1080 7 8 25475
1081 7 8 7345
1082 0 5 6406
1083 12 0 7133
1084 9 0 1143
1085 9 0 1143
1086 9 0 1143
1087 9 0 1143
1088 9 0 1143
1089 9 0 1143
1090 9 0 1143
1091 9 0 1143
1092 9 0 1143
1093 9 0 1143
1095 9 0 1143
1096 9 0 1143
1099 9 0 1143
1100 1 0 21586
1101 9 0 1143
1102 9 0 1143
1105 9 0 1143
1108 9 0 1143
1109 9 0 1143
1111 9 0 1143
1112 9 0 1143
1113 0 5 6413
1114 0 5 6343
1115 12 0 7097
1116 4 0 6011
1117 2 4 7453
1119 0 5 18077
1121 4 2 703
1122 4 0 6494
1123 4 0 6494
1124 4 0 6494
1125 12 0 6494
1127 0 0 1816
1128 0 8 1150
1129 12 0 7129
1130 12 0 1288
1131 4 0 9557
1132 15 5 16208
1133 15 0 16207
1134 15 0 16207
1136 9 0 1155
1138 9 0 1155
1139 9 0 1155
1141 9 0 1155
1144 9 0 1155
1146 9 0 1155
1149 9 0 1155
1150 9 0 1155
1151 9 0 1155
1154 4 3 6833
1155 2 10 20327
1156 4 0 9839
1157 2 0 5066
1158 2 4 19643
1159 2 10 4994
1161 2 7 1544
1162 4 1 13219
1163 4 1 13218
1164 9 0 49933
1165 0 5 6422
1166 4 6 2208
1167 4 6 18506
1168 4 6 30993
1169 4 6 18816
1170 4 2 8647
1171 4 1 12707
1172 4 0 12313
1173 4 2 6777
1174 4 3 6956
1175 15 0 6659
1176 0 0 6412
1177 0 8 6400
1178 0 8 6336
1179 0 5 18090
1180 0 4 1093
1181 0 4 2616
1182 4 3 6852
1183 4 1 16927
1184 4 0 6510
1186 4 0 6503
1187 0 0 6415
1189 4 0 963
1190 4 1 15120
1191 0 0 1816
1192 4 3 13277
1193 4 6 27782
1194 2 8 22093
1195 2 5 7495
1196 2 1 22114
1197 2 5 5226
1198 2 8 22095
1199 0 0 6014
1200 4 6 18663
1201 4 6 2161
1202 4 6 2329
1203 4 6 2594
1204 4 6 1644
1205 0 5 18078
1206 3 7 7393
1207 2 4 5223
1208 12 0 2616
1210 3 7 7401
1211 4 2 14260
1212 15 0 2637
1213 4 2 3613
1214 2 4 19625
1215 4 2 16942
1216 4 1 9559
1217 12 0 7280
1218 2 5 5527
1219 2 7 20122
1220 2 1 19232
1221 12 0 568
1222 15 0 6002
1224 9 0 1246
1228 9 0 1246
1229 9 0 1246
1231 9 0 1246
1232 9 0 1246
1238 9 0 1246
1239 9 0 1246
1243 9 0 1246
1244 9 0 1246
1245 9 0 1246
1246 9 0 1246
1250 9 0 1246
1251 0 7 11907
1252 12 0 2616
1253 13 1 6707
1254 4 0 24380
1255 15 0 1262
1256 12 0 7078
1257 12 0 1656
1258 4 0 6511
1259 2 0 30392
1260 12 0 1310
1261 12 0 6009
1262 0 0 7923
1263 2 1 22215
1264 2 5 5530
1265 2 7 20156
1266 2 8 4909
1267 0 8 6359
1268 0 8 2357
1269 0 8 6367
1270 4 1 23113
1272 4 1 3396
1273 4 3 12723
1274 12 0 6661
1275 4 3 1019
1276 4 6 2210
1279 4 2 13255
1280 4 2 15298
1281 11 2 3337
1282 4 3 15324
1283 12 0 811
1284 12 0 7914
1287 2 15 6447
1288 7 11 4826
1292 2 0 8466
1293 12 0 3034
1294 12 0 3035
1296 2 4 5195
1297 4 1 19035
1298 4 1 6305
1299 4 1 16717
1300 2 10 20391
1302 4 2 17174
1303 4 3 6871
1304 4 1 16818
1306 4 2 11387
1307 12 0 811
1309 12 0 12334
1310 4 2 16971
1311 2 1 8513
1312 2 4 8576
1313 2 15 6458
1314 4 2 17179
1315 4 0 6524
1317 2 10 20377
1318 2 1 19290
1319 4 0 14437
1321 0 8 6335
1322 0 0 6373
1323 9 0 1301
1324 12 0 7196
1325 12 0 6524
1326 0 5 2661
1327 12 0 3093
1328 9 0 1317
1332 9 0 1317
1334 9 0 1317
1335 9 0 1317
1339 9 0 1317
1341 9 0 1317
1349 12 0 7918
1350 4 0 6358
1351 4 1 16897
1352 12 0 7013
1353 12 0 3031
1354 4 1 8776
1355 4 1 23014
1356 12 0 924
1357 12 0 1322
1358 12 0 7593
1359 4 2 6751
1360 4 3 7000
1361 12 0 7594
1362 12 0 7595
1363 4 1 13223
1364 4 2 14339
1366 4 2 14338
1367 4 2 14354
1368 4 2 17184
1369 4 2 14335
1370 4 2 14336
1371 4 2 5495
1372 4 1 23054
1374 4 1 16659
1376 4 1 23090
1377 4 1 16657
1378 4 1 16656
1379 4 1 5494
1380 4 1 12426
1381 12 0 3023
1382 2 4 19636
1383 2 0 8495
1384 2 7 1546
1385 2 5 8593
1386 2 1 19247
1387 2 8 20087
1388 2 10 20450
1389 2 4 8575
1391 2 10 20410
1392 4 1 3642
1394 2 4 5203
1395 4 1 9924
1396 4 1 3260
1397 4 1 3587
1398 4 1 1357
1399 0 8 6395
1400 0 8 6418
1401 0 5 18088
1402 0 8 6334
1403 4 0 6499
1404 4 0 6499
1405 2 10 5540
1406 2 6 5638
1407 12 0 3032
1408 12 0 3033
1409 12 0 3032
1410 12 0 3032
1411 2 10 20442
1412 2 8 20074
1413 2 7 1547
1414 2 5 19525
1415 2 4 19613
1416 2 0 8495
1417 2 1 8501
1418 4 2 14344
1419 4 2 14353
1420 4 2 4471
1421 4 1 23083
1422 4 2 14345
1423 4 2 14346
1424 4 2 7836
1425 4 2 14190
1427 4 1 16798
1429 4 1 23130
1430 4 1 16797
1431 4 1 16796
1432 4 1 2539
1433 4 1 16795
1434 0 0 6383
1435 4 2 2960
1436 4 2 17144
1438 4 6 25943
1440 2 4 8570
1443 4 0 6522
1444 4 0 6504
1445 4 3 10167
1446 4 3 6841
1447 4 0 14438
1448 4 3 6842
1449 4 0 9823
1450 0 1 1026
1451 12 0 1249
1453 12 0 9825
1454 2 0 8457
1455 2 1 22214
1457 2 4 19683
1458 2 5 8601
1459 2 0 19136
1460 2 8 20109
1461 2 1 19375
1462 4 0 9846
1464 15 0 6627
1465 2 15 20594
1467 12 0 1361
1468 7 8 6697
1469 2 7 20154
1470 1 0 1025
1472 4 0 6508
1473 2 10 20402
1475 7 11 6693
1476 15 0 6619
1477 0 4 3331
1478 0 4 1093
1479 4 1 16710
1480 2 4 9381
1481 2 0 25595
1482 2 7 20089
1483 2 4 9117
1484 2 10 9122
1485 2 6 7464
1486 4 1 9889
1487 0 5 6344
1488 4 3 12960
1489 4 2 8676
1490 4 0 6502
1491 4 0 9836
1492 9 0 1301
1493 2 7 5165
1495 4 1 16553
1497 4 1 23094
1498 4 1 14348
1499 4 1 16552
1500 15 1 37388
1501 4 1 16551
1502 4 2 16947
1503 4 2 14846
1504 4 2 17024
1505 4 1 23076
1506 4 2 17077
1507 4 2 17156
1508 4 2 2563
1509 4 2 18466
1510 2 4 19775
1511 2 7 20173
1512 2 1 19226
1513 2 8 20092
1514 2 5 19533
1515 2 10 20421
1516 2 0 8498
1518 12 0 9825
1519 12 0 1438
1520 15 0 1656
1521 2 1 19306
1522 2 6 22239
1523 2 5 5534
1524 12 0 959
1527 12 0 1442
1528 12 0 1443
1529 3 7 1262
1532 12 0 7104
1533 0 8 6358
1534 9 0 1155
1535 4 2 1787
1536 9 0 1155
1537 1 0 1183
1539 2 10 20395
1544 4 0 6498
1545 4 1 2539
1547 4 6 21551
1554 9 0 1103
1557 4 6 18456
1559 9 0 1103
1560 4 1 16856
1561 4 1 12671
1566 2 8 20078
1567 9 0 1103
1568 9 0 1103
1571 9 0 1103
1574 9 0 1103
1588 9 0 5563
1589 9 0 5563
1591 9 0 5563
1596 12 0 18096
1597 9 0 5563
1598 12 0 1464
1599 9 0 1301
1602 2 0 8489
1603 9 0 5563
1604 2 8 63370
1607 2 10 20272
1608 2 4 19743
1612 0 8 6368
1613 2 10 28470
1619 9 0 5563
1622 4 0 6501
1623 1 0 3568
1624 4 3 15340
1625 2 8 26586
1630 15 0 6552
1637 12 0 1102
1638 7 11 6623
1639 2 1 5128
1640 2 1 8526
1641 9 0 1143
1645 0 5 18060
1648 9 0 1143
1649 0 8 1483
1651 9 0 1143
1652 1 0 12642
1654 7 11 7356
1655 9 0 1143
1656 12 0 1102
1657 9 0 1143
1658 9 0 1143
1659 4 1 1795
1663 12 0 1322
1664 2 10 18289
1672 12 0 7095
1676 9 0 1143
1677 4 3 8678
1678 4 3 11269
1679 2 5 5137
1680 2 1 19304
1681 9 0 1246
1684 4 2 13256
1685 1 0 1285
1686 15 0 18096
1687 15 0 1496
1688 15 0 18092
1689 7 11 7354
1690 15 0 1007
1691 15 0 6360
1692 12 0 959
1693 7 11 6655
1694 7 11 6655
1695 7 11 6655
1696 15 0 1498
1697 15 0 6630
1698 12 0 1498
1699 12 0 6665
1700 0 0 7264
1701 15 0 1498
1702 15 0 6349
1703 0 8 6349
1704 0 8 1504
1705 3 7 7380
1706 15 0 6614
1707 0 5 21905
1708 0 5 18114
1710 0 1 15713
1711 0 4 1093
1712 0 4 2616
1713 4 0 23949
1714 4 0 9858
1715 4 3 8683
1716 4 1 16667
1717 4 3 12960
1718 4 2 17137
1719 2 0 7429
1720 2 10 21460
1721 2 4 8581
1722 2 5 15467
1724 1 0 2592
1725 1 0 2592
1726 2 6 20749
1727 2 7 5166
1728 2 7 19997
1729 1 0 2588
1730 4 3 6902
1731 4 3 6903
1732 4 3 6904
1733 4 1 15272
1734 4 3 6905
1735 4 3 687
1736 4 3 6906
1737 4 3 977
1738 4 3 6902
1739 4 3 6903
1740 4 3 6904
1741 4 1 15065
1742 4 3 6905
1743 4 3 687
1744 4 3 6914
1745 4 3 977
1746 4 3 6902
1747 4 3 6903
1748 4 3 6904
1749 4 1 15074
1750 4 3 6905
1751 4 3 687
1752 4 3 6914
1753 4 3 977
1754 4 3 6902
1755 4 3 6903
1756 4 3 6904
1757 4 1 15181
1758 4 3 6905
1759 4 3 687
1760 4 3 6914
1761 4 3 977
1764 4 1 7578
1766 4 1 23095
1767 4 1 14065
1768 4 1 14064
1769 4 1 16786
1770 4 1 14378
1772 4 1 3757
1774 4 1 23093
1775 4 1 14370
1776 4 1 12930
1777 4 1 14371
1778 4 1 14377
1780 4 1 16820
1782 4 1 23102
1783 4 1 14373
1784 4 1 14374
1785 4 1 14121
1786 4 1 14376
1787 4 2 14360
1788 4 2 16990
1789 4 2 3653
1790 4 1 23050
1791 4 2 972
1792 4 2 6731
1793 4 2 14361
1794 4 2 14272
1795 4 2 16935
1796 4 2 16992
1797 4 2 17015
1798 4 1 23058
1799 4 2 17066
1800 4 2 16967
1801 4 2 15002
1802 4 2 16895
1803 4 2 16945
1804 4 2 16998
1805 4 2 17022
1806 4 1 23072
1807 4 2 17072
1808 4 2 16977
1809 4 2 14205
1810 4 2 14418
1811 2 8 20037
1812 2 1 19245
1813 2 10 20413
1814 2 5 19534
1815 2 4 5217
1816 2 0 8495
1817 2 7 20164
1818 2 8 20183
1819 2 0 14039
1820 2 5 19535
1821 2 7 5151
1822 2 10 20385
1823 2 4 6794
1824 2 1 19292
1825 2 4 19784
1826 2 5 8587
1827 2 0 8482
1828 2 1 19369
1829 2 7 15591
1830 2 8 4129
1831 2 10 20361
1832 4 1 16845
1835 4 2 14443
1836 4 2 14249
1839 4 2 17126
1840 4 2 17170
1843 4 2 14469
1844 4 2 14471
1845 4 3 6864
1846 4 3 13617
1849 4 2 16914
1850 4 2 14282
1851 0 8 6340
1852 4 3 6985
1853 4 3 10410
1854 4 0 6497
1875 12 0 8604
1877 9 0 1317
1878 9 0 1317
1880 9 0 1317
1882 9 0 1317
1886 9 0 1317
1893 2 1 19234
1894 12 0 3029
1895 2 7 7488
1896 2 7 7487
1897 2 7 7485
1899 2 7 7483
1900 2 7 7492
1901 2 4 7440
1902 2 4 7441
1903 2 4 7439
1904 2 0 7429
1905 2 0 7428
1906 2 4 12236
1907 2 10 10654
1908 2 10 1600
1909 2 0 7426
1910 2 0 7493
1911 2 4 7494
1912 4 0 6509
1913 2 4 5009
1914 4 0 6505
1915 15 0 1183
1917 2 15 20435
1918 13 1 6706
1922 12 0 1283
1923 12 0 1625
1924 12 0 2618
1925 2 7 20114
1926 2 4 5218
1927 2 0 19276
1928 2 10 20415
1929 4 1 16848
1930 4 1 23067
1931 12 0 1645
1933 2 10 20418
1934 4 2 6774
1935 2 15 20471
1936 2 15 20399
1937 2 7 5040
1938 2 4 8565
1939 12 0 18084
1940 12 0 18084
1941 12 0 8383
1942 12 0 18080
1943 4 3 697
1944 4 2 17062
1945 4 2 17189
1946 12 0 20919
1948 2 10 1661
1950 7 7 7352
1951 2 7 8279
1955 4 3 6907
1956 12 0 7236
1957 4 6 1684
1958 2 4 1759
1959 2 1 14038
1960 4 3 6832
1961 4 6 1685
1962 12 0 6565
1963 7 11 7350
1965 4 2 3846
1968 12 0 1695
1969 4 3 7001
1970 0 0 1805
1971 12 0 7128
1972 12 0 924
1973 4 0 6506
1974 4 1 16901
1975 2 8 20179
1976 2 5 8590
1977 1 0 1244
1978 4 2 12813
1979 4 6 18793
1980 4 0 9840
1981 4 3 8668
1982 2 8 20191
1983 2 8 7490
1984 4 6 1705
1985 4 6 1706
1986 2 8 20638
1987 12 0 7155
1988 4 3 25892
1990 2 5 5533
1991 2 5 18269
1992 4 0 21612
1993 4 0 14436
1994 2 0 19129
1995 0 0 1496
1996 4 0 9840
1997 4 1 16670
1998 2 10 20356
1999 4 2 1330
2000 2 8 20251
2002 11 2 3337
2003 11 2 1244
2004 12 0 7138
2005 12 0 7270
2006 12 0 7270
2007 12 0 7270
2008 12 0 7270
2011 2 7 20120
2012 4 0 6507
2013 2 10 20373
2014 2 8 5176
2015 2 1 19255
2016 4 3 1727
2017 4 2 6738
2018 2 7 20088
2020 2 15 20492
2021 4 6 18650
2023 2 6 7481
2024 2 8 22096
2025 2 1 22115
2026 2 5 8593
2027 2 7 22079
2028 2 4 22119
2029 2 0 19281
2030 2 10 22146
2032 4 1 16887
2033 4 2 10711
2034 4 1 12699
2035 2 7 5161
2036 4 2 17054
2037 4 3 11447
2038 4 2 13248
2039 4 0 6012
2040 4 6 18399
2041 4 2 8703
2042 2 10 20379
2043 4 0 6011
2044 2 0 19220
2045 4 1 13537
2046 2 7 22226
2047 2 0 8473
2048 2 4 19770
2050 7 7 7355
2051 4 6 1755
2052 4 6 1755
2053 4 6 1757
2054 2 0 19299
2055 2 4 8579
2056 2 4 1758
2057 2 7 20175
2058 2 5 19611
2059 4 1 22991
2060 7 11 1762
2064 2 4 19650
2065 2 7 20212
2066 2 0 19203
2067 2 10 20431
2069 4 2 16868
2070 0 5 6353
2071 0 8 18084
2072 2 10 20363
2073 2 0 19134
2074 2 7 20168
2075 2 4 5218
2077 2 10 28578
2078 2 7 20157
2079 2 4 19637
2080 2 0 19400
2081 4 0 6537
2082 1 0 2588
2084 2 8 20152
2085 15 0 1116
2087 4 2 17095
2088 2 15 6455
2089 2 15 20407
2091 0 8 6396
2092 2 15 6442
2098 2 3 28718
2099 2 3 28636
2100 2 3 8258
2101 11 2 21328
2102 11 3 1816
2103 6 2 26499
2104 6 3 5999
2105 4 0 10005
2106 4 1 1818
2107 4 0 845
2108 4 2 8662
2109 4 3 977
2110 4 1 12674
2112 4 2 14279
2113 12 0 924
2114 4 1 16654
2115 1 0 3237
2117 4 1 16576
2119 4 1 16969
2120 4 1 8969
2121 4 1 16575
2122 4 2 14425
2123 4 2 14426
2124 4 2 14427
2125 4 2 17176
2126 4 2 14429
2127 4 2 14430
2128 2 8 2380
2129 4 6 18662
2130 2 4 22118
2131 2 7 22075
2132 2 10 22149
2133 4 6 18480
2134 2 0 22101
2136 0 5 18085
2137 2 15 6437
2138 2 15 6460
2139 2 15 22135
2140 2 15 6440
2141 4 2 8655
2142 4 2 17117
2143 4 2 2355
2144 4 2 3602
2145 4 2 14480
2146 4 2 14481
2147 2 7 7419
2148 4 3 6926
2149 4 3 6972
2150 4 3 6973
2151 4 3 6975
2152 4 3 2989
2153 4 3 8683
2154 15 0 1143
2156 4 1 16858
2158 4 1 14478
2159 4 1 14479
2160 4 1 14477
2161 12 0 1143
2162 12 0 963
2163 2 15 20291
2164 2 15 20312
2165 4 1 23054
2166 4 3 685
2167 4 2 17178
2168 4 1 16713
2169 2 15 20347
2170 4 6 3127
2172 4 3 9895
2173 4 2 28227
2175 2 1 8534
2176 2 10 1926
2177 2 10 1927
2178 2 7 7482
2179 2 7 7420
2180 2 7 7486
2181 2 8 7489
2182 2 4 7438
2183 2 0 7427
2184 2 15 7434
2186 4 2 4545
2187 12 0 3019
2188 12 0 3020
2189 2 4 1938
2191 12 0 7087
2194 2 4 8567
2195 2 15 6432
2196 2 4 7462
2197 2 4 7443
2198 2 14 7465
2199 2 14 7474
2200 2 14 7466
2201 2 14 7473
2202 2 4 7463
2203 2 1 8506
2204 2 8 20038
2205 2 8 20153
2206 2 15 6445
2207 2 15 22137
2208 2 15 22142
2209 2 15 22139
2210 4 6 2552
2211 4 6 18656
2212 4 6 2553
2213 4 6 18673
2214 4 6 17884
2215 4 6 18670
2216 4 6 18486
2217 4 6 18665
2218 2 15 20451
2219 4 6 18485
2220 4 6 18729
2221 4 6 18484
2222 4 6 2559
2223 12 0 1102
2224 2 15 6432
2225 2 15 20470
2226 2 10 20372
2227 2 1 22219
2230 4 3 6930
2231 4 1 16671
2232 4 1 4272
2233 4 2 18489
2234 4 1 8677
2235 2 15 20598
2236 2 15 20345
2237 4 2 2628
2238 4 1 16842
2239 12 0 2854
2240 4 1 23061
2241 4 1 15248
2243 2 4 19729
2244 2 7 8090
2245 4 3 15506
2246 4 0 9841
2248 4 4 1184
2249 4 6 2632
2250 12 0 7113
2251 7 8 7368
2252 12 0 7167
2254 2 5 19612
2255 4 2 2057
2256 2 4 5221
2257 2 10 20429
2258 2 7 4260
2259 2 4 19623
2260 2 0 8470
2262 4 0 9840
2263 2 7 5170
2264 4 2 12830
2265 2 0 19297
2266 2 15 20427
2267 2 4 5208
2268 2 7 20213
2271 2 10 20346
2273 4 3 16114
2274 4 3 6883
2275 4 3 13279
2276 4 2 16996
2277 4 1 3173
2278 4 2 17190
2280 2 10 20370
2281 2 0 19297
2282 2 7 20211
2283 4 1 16831
2284 4 1 23132
2287 0 5 2474
2288 0 5 18084
2289 0 4 3331
2290 0 4 2616
2291 2 1 19305
2292 4 1 19037
2295 15 0 1225
2296 7 8 10377
2299 2 1 19389
2300 4 2 9502
2301 4 2 2083
2302 4 2 4713
2303 4 2 9500
2304 0 6 7450
2305 4 1 18127
2306 4 2 3709
2307 4 2 17163
2308 4 1 23028
2309 4 2 13864
2310 4 1 23025
2311 4 2 17233
2312 4 2 5406
2313 0 6 7451
2314 4 2 9531
2315 4 2 9530
2316 4 1 23021
2317 4 2 17214
2318 7 6 7382
2319 7 6 7388
2320 7 5 4752
2321 7 5 7363
2322 7 11 6644
2323 7 11 6644
2324 7 11 18114
2325 7 11 15732
2326 4 1 16905
2327 4 2 17172
2361 2 5 8690
2362 4 6 18730
2363 13 0 6708
2364 4 1 14459
2366 4 1 14458
2367 4 1 14162
2369 4 1 14457
2370 4 2 16871
2371 4 2 17114
2372 4 2 18478
2373 4 2 17158
2374 4 2 17002
2375 4 2 17051
2376 4 6 18672
2377 4 6 18509
2378 12 0 7251
2379 4 3 2215
2380 4 3 6902
2381 4 3 2217
2382 12 0 7269
2383 4 3 6903
2384 4 3 6904
2385 4 3 6905
2386 4 3 2222
2387 4 3 6902
2388 4 3 2228
2389 4 3 6952
2390 4 3 6953
2391 4 3 6954
2392 4 3 2265
2393 4 3 6902
2394 4 3 2217
2395 4 3 6903
2396 4 3 6904
2397 4 3 6955
2398 4 3 2269
2399 4 3 6902
2400 4 3 2270
2401 4 3 6952
2402 4 3 6953
2403 4 3 6954
2404 9 1 1102
2405 9 1 1102
2406 9 1 15274
2407 9 1 1102
2408 9 1 15274
2409 9 1 15274
2410 4 0 12312
2411 15 5 13108
2412 15 0 1007
2413 15 0 13108
2414 15 5 13108
2415 15 0 13108
2417 4 3 8634
2418 4 3 2969
2419 4 3 6819
2420 4 3 6820
2421 4 3 6821
2422 4 3 6822
2423 4 3 8642
2424 4 3 6853
2425 4 3 2976
2426 4 3 6854
2427 4 3 6855
2428 4 3 6856
2429 4 1 14484
2431 4 1 14483
2432 4 1 1861
2434 4 1 14482
2435 4 1 16769
2437 4 1 16770
2438 4 1 16772
2440 4 1 16771
2441 4 6 18468
2442 4 6 2324
2443 4 6 18477
2444 4 6 18516
2445 4 6 18749
2446 4 6 18733
2447 7 9 7396
2448 4 6 18732
2449 7 9 1464
2450 7 9 7406
2451 4 6 18772
2452 7 9 7241
2453 7 9 7337
2454 0 2 15733
2455 0 1 15715
2456 0 1 2345
2457 0 2 15738
2458 0 2 15792
2459 0 1 15742
2460 0 2 6373
2461 0 1 2357
2462 0 1 1805
2463 4 2 16900
2464 4 2 11558
2465 4 2 17031
2466 12 0 6368
2467 4 2 17165
2468 4 2 17020
2469 4 2 17027
2470 4 2 14496
2471 4 2 14492
2472 4 2 14495
2473 4 2 14295
2474 4 2 14493
2475 4 2 2686
2476 12 0 2376
2477 12 0 23527
2478 4 0 1805
2479 2 1 8512
2480 2 5 19601
2481 2 7 16155
2482 2 0 8488
2483 2 1 19243
2484 2 15 6442
2485 2 4 5219
2486 2 5 19627
2487 2 10 20448
2488 2 7 22078
2489 2 8 22094
2490 2 0 8488
2491 2 1 22112
2492 2 4 12992
2493 2 5 22121
2494 2 15 22136
2495 2 10 7310
2496 2 7 2398
2497 2 8 2399
2498 2 0 19299
2499 2 1 8511
2500 2 4 19626
2501 2 5 19614
2502 2 15 6444
2503 2 10 20436
2504 2 2 8106
2505 2 2 20723
2506 2 2 20722
2507 2 2 20714
2508 2 3 6606
2509 2 3 6607
2510 2 3 6594
2511 2 3 20728
2512 6 2 5996
2513 6 3 5998
2514 6 2 5996
2515 6 2 5996
2516 6 3 5998
2517 6 2 5996
2518 6 3 5998
2519 6 3 5998
2520 2 7 22085
2521 2 8 22084
2522 2 0 8485
2523 2 1 22216
2524 2 4 8803
2525 2 5 22133
2526 2 15 22141
2527 2 10 22150
2528 2 7 22081
2529 2 8 22098
2530 2 0 22105
2531 2 1 22111
2532 2 4 22120
2533 2 5 22134
2534 2 15 22140
2535 2 10 20389
2536 12 0 6630
2543 4 3 704
2545 4 3 3043
2546 4 3 6981
2547 4 3 6905
2548 12 0 7922
2549 2 10 20330
2550 2 2 8106
2551 2 18 10671
2552 2 3 6593
2553 9 6 15274
2554 9 6 6270
2555 9 6 15274
2556 9 6 1301
2557 2 5 2466
2558 2 4 7442
2559 2 10 2469
2560 12 0 1143
2561 12 0 1310
2562 4 0 6488
2563 12 0 6396
2564 4 2 4485
2565 4 0 6555
2566 4 1 16666
2567 2 15 20590
2568 4 1 17125
2569 4 1 17120
2570 4 1 23122
2571 4 1 2486
2572 4 1 12687
2573 4 1 2489
2574 4 1 2490
2575 4 0 10840
2576 4 0 10834
2577 4 0 10845
2578 4 1 10891
2579 4 0 12864
2580 4 1 23133
2581 0 7 11908
2582 4 1 12394
2583 4 1 13524
2584 4 1 23144
2585 4 1 12669
2586 4 1 22033
2587 4 0 10892
2588 4 2 13253
2589 7 5 7383
2590 15 0 18597
2591 15 0 1329
2592 7 5 7418
2593 0 5 6373
2594 0 5 18115
2595 0 5 7921
2596 0 5 18085
2598 9 2 15274
2599 9 1 1102
2600 9 1 1102
2601 9 2 15274
2602 9 1 1102
2604 7 11 7349
2605 7 11 6373
2606 12 0 2515
2607 12 0 2516
2608 15 0 6703
2609 12 0 2637
2610 12 0 6396
2611 12 0 18107
2612 4 1 12704
2613 4 1 12661
2614 4 1 16614
2615 4 1 12655
2616 4 1 12701
2617 4 1 12654
2618 4 1 12702
2619 12 0 3029
2620 4 1 15284
2621 4 1 15295
2622 4 1 13244
2623 4 1 15336
2624 4 1 15547
2625 12 0 12931
2628 12 0 3048
2629 13 0 6710
2632 2 15 20473
2633 0 1 2533
2634 12 0 7283
2635 4 3 6902
2636 12 0 2551
2637 12 0 924
2638 12 0 924
2639 12 0 2571
2640 12 0 7166
2642 4 3 6903
2643 4 3 6904
2644 4 1 15082
2645 4 3 6905
2646 4 3 2217
2647 4 3 6906
2648 4 3 2215
2649 4 3 6902
2650 4 3 6903
2651 4 3 6904
2652 4 1 15164
2653 4 3 6905
2654 4 3 2217
2655 4 3 6914
2656 4 3 2215
2657 1 0 981
2658 12 0 18103
2659 12 0 18105
2660 12 0 18104
2661 12 0 18106
2662 11 2 21712
2663 11 3 1816
2664 2 15 20441
2665 7 8 6396
2666 12 0 7923
2667 12 0 2599
2668 12 0 6630
2669 12 0 6651
2671 12 0 6655
2672 7 8 6680
2673 7 8 25467
2674 7 8 22193
2675 7 8 8743
2676 12 0 7241
2677 7 8 2473
2678 7 11 1443
2679 0 5 2474
2680 0 5 25468
2681 0 5 2474
2682 0 5 2627
2683 0 5 6345
2684 0 5 25468
2685 0 5 2473
2686 0 5 18117
2687 0 5 21327
2688 0 8 6417
2690 4 3 28201
2691 4 3 6903
2692 7 11 1443
2693 7 11 1443
2694 4 3 28250
2695 2 4 7432
2696 12 0 7922
2697 9 5 1102
2698 9 5 1102
2699 9 5 1102
2700 9 5 1102
2701 9 5 1102
2702 12 0 7158
2703 2 14 24596
2704 2 14 24594
2705 2 14 24595
2706 2 14 7454
2707 2 14 7456
2708 2 14 7448
2709 2 14 7455
2710 2 14 7447
2711 2 15 7433
2712 12 0 7916
2713 12 0 28952
2714 2 14 7461
2715 2 14 7460
2716 2 14 7446
2717 2 14 7445
2718 2 14 7457
2719 13 0 6710
2720 12 0 1102
2721 4 1 16826
2722 12 0 1102
2723 0 5 18079
2724 12 0 1323
2725 12 0 7629
2728 12 0 7629
2730 12 0 7629
2732 12 0 7629
2734 12 0 7629
2735 12 0 7629
2738 12 0 7629
2740 12 0 7629
2742 12 0 7629
2744 12 0 7629
2745 12 0 7629
2748 12 0 7629
2749 12 0 7629
2750 12 0 7629
2751 12 0 7629
2754 2 8 20117
2755 12 0 2757
2756 12 0 7596
2757 12 0 7596
2758 12 0 7596
2759 12 0 7596
2760 12 0 6430
2761 12 0 2760
2762 12 0 2760
2763 2 15 6437
2764 2 15 6444
2765 2 15 20383
2766 2 15 6445
2767 12 0 1695
2770 7 7 4681
2771 7 7 4690
2772 7 7 4689
2773 2 2 2786
2774 2 3 20654
2775 7 7 18107
2776 7 7 41755
2777 2 2 2787
2778 2 3 20654
2779 12 0 2788
2780 2 2 20712
2781 2 3 20979
2782 2 2 20671
2783 2 3 20717
2784 12 0 2793
2785 2 2 20668
2786 2 3 20718
2787 2 15 20534
2788 12 0 18115
2789 13 1 6707
2790 13 1 6707
2791 13 1 6707
2792 13 1 6707
2793 12 0 1143
2794 12 0 1143
2795 12 0 1143
2797 12 0 3422
2798 12 0 4689
2799 12 0 7129
2800 4 1 21114
2801 2 8 5193
2802 4 0 6484
2803 4 0 6514
2804 4 0 6502
2805 4 1 23084
2806 12 0 1244
2807 2 0 9118
2808 2 14 3947
2809 2 4 7476
2810 2 4 7479
2811 2 10 7308
2812 2 15 6448
2813 2 4 7478
2814 2 5 3151
2815 2 0 8465
2816 2 4 19669
2817 4 2 17103
2818 4 2 1963
2819 2 15 6443
2820 4 0 6540
2821 2 4 19633
2822 2 8 20091
2823 2 1 19236
2824 2 2 20554
2825 2 2 20552
2826 4 0 6497
2827 2 0 7431
2828 12 0 7105
2829 12 0 2853
2830 12 0 2853
2831 12 0 2853
2832 12 0 811
2833 12 0 7139
2834 12 0 3152
2835 7 7 4714
2836 7 7 4715
2837 12 0 924
2838 7 7 4716
2839 12 0 924
2840 7 7 7391
2841 7 7 7390
2842 7 7 7355
2843 12 0 18074
2844 2 4 2861
2845 2 0 14035
2846 12 0 3225
2847 2 7 4805
2848 2 4 5198
2849 2 0 19929
2850 2 7 3855
2851 4 3 23529
2852 4 3 13095
2853 4 3 6966
2854 4 3 25851
2855 12 0 7207
2856 12 0 2868
2857 4 3 25852
2858 12 0 2873
2859 12 0 2874
2862 0 8 24673
2863 0 8 24674
2864 4 3 25848
2865 4 3 4333
2866 4 3 23530
2867 4 3 23532
2868 4 3 23533
2869 4 3 9403
2870 4 3 23540
2871 0 8 24675
2872 12 0 2885
2874 12 0 3020
2875 12 0 11990
2876 12 0 6660
2877 2 8 20151
2878 2 0 8469
2879 4 0 13109
2880 7 11 7417
2881 9 4 15274
2882 9 4 15274
2883 9 4 15274
2884 2 4 26367
2885 12 0 3048
2886 7 8 2904
2887 15 0 6687
2888 0 5 21327
2889 9 5 811
2890 15 0 6684
2891 12 0 3021
2892 0 8 13707
2893 0 8 13707
2894 0 5 18117
2895 15 1 2947
2896 15 1 2947
2898 4 3 2967
2899 4 2 16949
2900 4 6 18528
2901 2 14 6568
2902 4 1 23099
2903 2 2 8107
2904 2 3 20732
2905 4 1 23032
2906 4 3 2922
2907 2 1 19227
2908 2 15 20605
2909 12 0 2925
2910 4 3 6931
2911 4 1 9898
2912 2 15 20320
2913 4 1 16828
2915 2 5 19664
2916 4 6 2934
2917 4 0 9850
2918 4 3 13274
2919 4 0 6526
2920 4 0 6556
2921 4 0 6485
2922 4 0 6564
2923 4 0 6550
2924 7 8 6350
2925 12 0 3124
2926 12 0 7038
2927 15 1 2947
2928 15 0 6371
2929 7 11 7414
2930 15 0 6400
2931 15 0 7385
2932 7 11 7415
2933 4 0 9845
2934 7 6 7400
2935 12 0 3004
2936 12 0 3004
2937 12 0 3004
2939 12 0 3004
2940 15 0 1769
2941 2 15 20359
2942 2 13 3007
2943 4 0 21600
2944 4 0 21598
2945 12 0 16754
2946 15 0 16752
2947 15 0 16754
2948 4 0 6515
2949 4 2 16989
2950 2 10 20378
2951 4 0 9851
2952 4 2 3040
2953 4 1 23077
2954 4 1 14615
2955 4 1 16545
2956 12 0 3031
2957 4 1 14499
2958 4 1 14498
2959 4 1 14525
2960 4 1 14497
2961 4 2 17093
2962 4 2 17160
2963 4 2 16980
2964 4 2 17175
2965 4 3 22677
2966 4 3 7193
2967 4 3 22673
2968 4 3 22676
2969 4 1 14524
2970 4 1 14529
2971 4 1 14531
2972 4 1 14528
2973 4 2 14539
2974 4 2 14537
2975 4 2 14534
2976 4 2 14536
2977 4 3 22689
2978 4 3 22693
2979 4 3 22690
2980 4 3 12450
2981 4 1 14549
2982 4 1 14554
2983 4 1 14552
2984 4 1 16789
2985 4 2 9739
2986 4 2 11369
2987 4 2 11373
2988 4 2 14411
2989 4 3 25769
2990 4 3 25768
2991 4 3 25765
2992 4 3 16731
2993 4 2 13252
2994 4 1 13217
2995 4 3 13273
2996 7 5 7331
2997 7 5 10044
2998 12 0 6562
2999 12 0 7259
3000 4 2 16888
3001 4 0 18087
3002 4 0 6338
3003 4 0 6492
3004 4 0 6551
3005 4 0 6553
3006 4 0 6521
3007 4 3 6832
3008 4 1 23080
3010 15 0 6371
3011 4 2 13259
3012 0 4 3331
3013 0 4 1093
3014 12 0 7040
3015 4 0 18109
3016 12 0 7139
3017 12 0 811
3018 4 1 23027
3019 4 1 12682
3020 4 2 21294
3021 2 2 20673
3022 4 2 16534
3023 2 3 20727
3024 2 3 20726
3025 2 3 20725
3026 2 2 20675
3027 2 2 20670
3028 2 2 8104
3029 6 2 5996
3030 6 2 26497
3031 6 2 5996
3032 6 3 5998
3033 6 3 5998
3034 6 3 5998
3035 12 0 3225
3036 2 2 5392
3037 2 2 20653
3038 2 2 3185
3039 2 2 20672
3040 2 3 20740
3041 2 3 20729
3042 2 3 20734
3043 6 2 2414
3044 2 4 3191
3045 4 3 25778
3046 4 3 13276
3047 4 3 25782
3048 4 3 11525
3049 4 3 25780
3050 4 3 3058
3051 4 3 6901
3052 4 3 13283
3053 4 3 3293
3054 4 3 6898
3055 4 2 8665
3056 4 2 16954
3057 4 2 16984
3058 4 2 17055
3059 4 2 13252
3060 4 2 6730
3061 4 2 9112
3062 4 2 3206
3063 4 2 13250
3064 4 2 3205
3065 4 1 27547
3066 4 1 27550
3067 4 1 3217
3068 4 1 16824
3069 4 1 27554
3070 4 1 15149
3071 2 0 19209
3072 4 1 16694
3073 4 1 16846
3074 4 1 12420
3075 4 1 15322
3076 4 1 4873
3077 4 1 13542
3078 2 2 20669
3079 2 3 20738
3080 12 0 7066
3081 12 0 7185
3082 12 0 2853
3083 12 0 7215
3084 12 0 7072
3085 12 0 7922
3086 12 0 7922
3087 0 1 18115
3088 9 0 1317
3089 9 0 1103
3090 9 0 1103
3091 9 0 1103
3092 9 0 1103
3093 9 0 1103
3094 9 0 1103
3095 9 0 1103
3096 9 0 1103
3097 9 0 1103
3098 9 0 1103
3099 9 0 1103
3100 9 0 1103
3101 9 0 1103
3102 9 0 1103
3103 2 5 8588
3104 15 0 3155
3105 15 0 3155
3106 15 0 3155
3107 15 0 20779
3108 15 0 20773
3109 12 0 16753
3110 12 0 7723
3111 15 0 20777
3112 9 0 1143
3113 9 0 1143
3114 9 0 1143
3115 9 0 1143
3116 9 0 1143
3117 12 0 7138
3118 9 0 1143
3119 9 0 1143
3120 9 0 1143
3121 9 0 1143
3122 9 0 1143
3123 9 0 1143
3124 9 0 1143
3125 9 0 5563
3126 9 0 5563
3127 9 0 5563
3128 12 0 16755
3129 9 0 5563
3130 9 0 5563
3131 15 0 16760
3132 9 0 5563
3133 9 0 5563
3134 9 0 1246
3135 15 0 20782
3136 12 0 35701
3137 15 0 20783
3138 9 0 1246
3139 9 0 1246
3140 9 0 1246
3141 9 0 1246
3142 9 0 1246
3143 9 0 1246
3144 9 0 1246
3145 2 15 3288
3146 9 0 1246
3147 4 0 3289
3148 4 0 7849
3149 4 0 3291
3150 4 1 3292
3151 4 3 3293
3152 4 2 17177
3153 4 1 23128
3154 2 0 18340
3155 12 0 3331
3156 12 0 7132
3157 12 0 7083
3158 4 2 10412
3159 4 3 6832
3160 4 6 3304
3161 4 1 16696
3162 12 0 3233
3163 12 0 2853
3164 7 11 7357
3165 12 0 983
3166 4 3 12965
3167 15 0 6699
3168 15 0 6629
3169 15 0 6002
3170 15 0 6666
3171 15 0 3429
3172 7 8 7330
3173 7 8 25466
3174 7 8 6690
3175 15 0 11164
3176 15 0 3307
3177 15 0 6651
3179 15 0 28257
3180 15 0 6658
3181 15 0 6678
3182 7 5 18597
3183 12 0 6669
3184 2 15 20396
3185 2 10 20362
3186 2 7 26576
3187 2 15 20573
3188 2 8 20072
3189 2 1 8525
3190 2 5 6799
3191 2 1 11165
3192 2 8 26590
3193 2 5 19545
3194 2 5 19622
3195 2 1 8499
3196 2 8 26585
3197 2 8 20184
3198 2 5 8585
3199 2 1 19372
3200 4 2 17004
3201 2 1 19283
3202 4 2 10216
3203 2 5 5228
3204 4 2 3606
3205 4 2 14410
3206 2 8 20186
3207 4 2 14535
3208 2 5 5232
3209 2 8 20250
3210 2 1 19275
3211 4 3 25766
3212 4 3 25779
3213 4 3 6953
3214 4 3 22674
3215 4 3 6899
3216 4 1 18121
3217 4 1 16787
3218 12 0 7208
3219 4 1 3396
3220 0 5 25469
3221 4 1 3396
3222 2 15 20607
3223 2 4 19624
3224 4 1 16926
3225 2 15 6437
3226 4 3 6832
3227 2 10 20381
3228 4 3 10402
3229 4 1 9917
3230 4 2 17166
3231 4 3 10166
3232 4 3 3409
3233 1 0 3410
3234 12 0 963
3235 4 0 9840
3236 12 0 3152
3237 12 0 3152
3238 12 0 3411
3239 0 8 24683
3240 0 8 24684
3241 0 8 24685
3242 4 4 3413
3243 4 4 3414
3244 4 4 7017
3245 4 4 7018
3246 4 4 7019
3247 4 3 6961
3248 12 0 1102
3249 15 0 6632
3250 12 0 1301
3251 12 0 8452
3252 12 0 3029
3253 12 0 3422
3254 12 0 2885
3255 12 0 3426
3256 12 0 3427
3257 12 0 3427
3258 12 0 5283
3259 15 0 11164
3260 4 1 16612
3261 4 1 23143
3262 2 4 21052
3263 4 1 3432
3264 12 0 11489
3265 12 0 6669
3266 12 0 3433
3267 2 7 20176
3268 2 15 6432
3269 2 4 19772
3270 4 1 16585
3271 4 1 3396
3272 4 2 3442
3273 4 3 2967
3274 4 1 16587
3275 4 1 16586
3276 4 6 18490
3277 2 10 20444
3278 2 7 3447
3279 4 3 26927
3280 4 3 26928
3281 4 3 27175
3282 4 3 26932
3283 4 3 26933
3284 4 2 27993
3285 4 2 27994
3286 4 2 27995
3287 4 2 28591
3288 4 2 27996
3289 4 1 14514
3290 4 1 14509
3291 4 1 14511
3292 4 1 14513
3293 2 0 19281
3294 2 4 5203
3295 2 7 3434
3296 2 15 6442
3297 12 0 3427
3298 1 0 3410
3299 15 0 6002
3300 15 0 6682
3301 15 0 6002
3302 4 3 26944
3303 4 3 26945
3304 4 3 28997
3305 4 3 26948
3306 4 3 26949
3307 4 1 11060
3308 4 1 16592
3309 4 1 16591
3310 4 1 16590
3311 4 2 14544
3312 4 2 14545
3313 4 2 28047
3314 4 2 14546
3315 4 2 14547
3316 12 0 3486
3317 12 0 3486
3318 12 0 3487
3319 2 7 5007
3320 4 1 4506
3321 4 2 4016
3322 4 1 23015
3323 4 1 16906
3324 4 1 21457
3325 2 1 19252
3326 2 5 3502
3327 2 10 20434
3328 4 1 16655
3329 2 4 5204
3330 4 3 12971
3331 4 1 15196
3332 4 3 6987
3333 4 3 6832
3334 2 5 7495
3335 2 10 3509
3336 2 15 20341
3337 12 0 7111
3338 12 0 7094
3339 12 0 6371
3340 12 0 7148
3341 4 3 6920
3342 4 0 7843
3343 1 0 1183
3344 4 1 4511
3345 4 1 15912
3346 2 6 7495
3347 12 0 568
3348 12 0 6646
3349 12 0 3565
3350 2 4 7444
3351 2 14 7468
3352 1 0 3568
3353 12 0 6502
3354 12 0 6502
3355 7 9 6524
3356 7 9 7346
3357 7 9 7381
3358 7 9 6661
3359 2 7 1115
3360 4 0 3573
3361 2 4 7477
3362 2 14 7449
3363 4 1 16663
3364 2 7 7484
3365 4 1 16664
3366 2 8 7491
3367 2 6 7464
3368 2 14 7459
3369 7 9 6396
3370 4 1 7881
3371 7 11 18077
3372 7 11 51755
3373 4 1 16804
3374 4 1 16554
3375 4 1 16555
3376 4 1 16819
3377 4 1 14111
3378 4 1 16807
3379 4 1 16806
3380 4 1 16784
3381 4 1 16913
3382 0 2 15734
3383 0 2 15745
3384 0 1 292
3385 0 1 15716
3386 0 1 15750
3387 0 1 24213
3388 0 2 15770
3389 0 2 15773
3390 0 2 15787
3391 0 2 15789
3392 4 2 21310
3393 9 6 1301
3394 9 6 1301
3395 9 6 1301
3396 9 6 1301
3397 12 0 6629
3398 2 14 3746
3399 15 0 6627
3400 2 7 20110
3401 15 0 6628
3402 15 0 6691
3403 15 0 1225
3404 7 8 7338
3405 12 0 7210
3406 12 0 19567
3407 12 0 1659
3408 12 0 7217
3409 12 0 7186
3410 12 0 7089
3411 12 0 19528
3412 12 0 18597
3413 2 15 20589
3414 2 4 5198
3415 2 10 20339
3416 4 3 12971
3417 2 8 20174
3418 12 0 7287
3419 4 0 6549
3420 4 0 6483
3421 4 0 6560
3422 4 0 6479
3423 4 0 6489
3424 4 0 6487
3425 12 0 7292
3426 4 0 16610
3427 4 0 7905
3428 4 0 10892
3429 4 2 4532
3430 2 3 6612
3431 4 2 17092
3432 2 6 7437
3433 2 6 7480
3434 0 0 6371
3435 4 2 3708
3436 4 1 2539
3437 4 3 6875
3438 0 0 3026
3439 4 2 3709
3440 2 5 6806
3441 0 8 2947
3442 4 1 4500
3443 2 0 8495
3444 4 2 8698
3445 2 15 20599
3446 2 10 20419
3447 4 3 6880
3448 0 5 1464
3449 4 1 23127
3450 4 6 18659
3451 4 0 6541
3452 2 10 5120
3453 4 1 16907
3454 4 1 3755
3455 2 7 20015
3456 0 0 15798
3457 4 1 16850
3458 4 3 6982
3459 4 2 2563
3460 12 0 18115
3461 4 1 12672
3462 2 7 28607
3463 15 0 20772
3464 6 2 26497
3465 6 3 5998
3466 7 11 7408
3467 13 0 6714
3468 12 0 3411
3469 4 3 23528
3470 7 7 24678
3471 4 3 13090
3472 4 3 25850
3473 4 3 25849
3474 4 3 9390
3475 4 1 23421
3476 12 0 20898
3477 12 0 2885
3478 7 7 24679
3479 4 3 3760
3480 4 3 23531
3481 4 3 9407
3482 4 3 9404
3483 4 3 9406
3484 4 3 9412
3485 4 3 9414
3486 7 7 24680
3487 2 8 20196
3488 2 1 8516
3489 2 0 8496
3490 2 15 6445
3491 2 4 5211
3492 2 4 3780
3493 2 2 20664
3494 2 13 7430
3495 12 0 3788
3496 12 0 16452
3497 12 0 3788
3498 12 0 9657
3499 13 0 6710
3500 15 0 1046
3501 15 0 6643
3502 12 0 17459
3503 15 0 1323
3504 12 0 6270
3505 12 0 6012
3506 12 0 7171
3507 0 8 983
3508 12 0 7175
3509 12 0 7043
3510 12 0 7110
3511 4 1 23020
3512 12 0 1096
3513 12 0 7085
3514 12 0 2853
3515 12 0 7030
3516 12 0 7038
3517 12 0 7921
3518 12 0 1096
3519 12 0 1323
3520 12 0 7921
3521 12 0 1323
3522 4 3 7421
3523 4 3 7422
3524 4 3 6834
3525 4 3 6835
3526 4 3 6836
3527 4 3 7424
3528 4 2 6764
3529 4 3 12906
3530 0 7 11909
3531 0 7 11910
3532 4 2 6766
3533 4 2 6762
3534 4 2 6765
3535 4 2 6763
3536 4 3 13564
3537 4 2 6722
3538 4 2 6743
3539 4 2 6724
3540 4 2 6745
3541 4 2 6720
3542 4 2 6741
3543 4 2 6723
3544 4 2 6744
3545 4 2 6721
3546 4 2 6742
3547 4 2 6784
3548 4 2 6786
3549 4 2 6785
3550 12 0 1310
3551 12 0 1310
3552 12 0 1310
3553 12 0 1310
3554 12 0 7077
3555 4 1 16615
3556 4 1 16544
3557 4 0 3864
3558 4 1 16528
3559 4 3 11626
3560 4 1 20715
3561 4 1 23135
3562 4 2 16910
3563 4 1 3179
3564 12 0 7924
3565 4 1 14127
3566 4 2 17101
3567 2 3 6601
3568 1 0 1244
3569 4 1 18122
3570 2 4 8100
3571 2 5 19546
3572 2 7 5151
3573 11 2 21321
3574 11 3 1816
3575 7 7 7376
3576 7 7 18086
3577 7 7 7352
3578 4 2 9380
3579 4 3 3747
3580 13 0 6713
3581 2 15 20414
3582 4 1 23085
3583 4 2 16948
3584 12 0 7038
3585 4 2 16876
3586 2 1 19231
3587 4 1 16773
3588 4 1 16774
3589 4 1 16788
3590 4 1 16816
3591 4 1 16834
3592 4 1 3645
3593 4 1 16835
3594 4 1 3740
3595 4 1 16583
3596 4 1 16584
3597 4 1 16782
3598 4 1 3895
3599 4 1 16832
3600 4 1 16929
3601 12 0 7263
3602 4 1 16577
3603 4 1 16930
3604 11 3 2584
3605 11 2 21332
3606 4 1 14456
3607 4 1 14161
3608 9 4 15274
3609 9 4 15274
3610 9 4 15274
3611 9 4 15274
3612 9 4 15274
3613 12 0 7282
3614 12 0 6669
3615 12 0 7038
3616 12 0 6521
3617 12 0 7197
3618 12 0 7135
3619 12 0 9515
3620 12 0 7104
3621 12 0 7150
3622 12 0 6371
3623 12 0 7038
3624 12 0 7038
3625 12 0 7141
3626 12 0 7038
3627 12 0 3671
3628 12 0 3913
3629 12 0 6538
3630 12 0 3914
3631 12 0 7042
3632 12 0 3916
3633 12 0 3914
3634 12 0 3917
3635 12 0 3916
3636 12 0 7043
3637 12 0 3918
3638 12 0 7089
3639 12 0 7612
3640 12 0 3920
3641 4 1 14423
3642 4 1 14510
3643 4 1 14342
3644 4 1 16595
3645 4 1 16915
3646 4 1 3740
3647 4 1 14566
3648 4 6 18492
3649 4 6 18512
3650 4 6 18655
3651 4 6 2052
3652 4 6 18488
3653 4 6 1673
3654 4 6 18657
3655 4 6 18696
3656 4 6 18702
3657 12 0 2757
3658 12 0 1317
3659 12 0 1103
3660 12 0 8731
3661 2 10 18530
3662 0 5 22194
3663 0 5 6347
3664 0 5 6347
3665 0 5 18053
3666 0 5 6342
3667 7 8 6350
3668 12 0 1323
3669 15 0 2637
3670 15 0 6668
3671 15 0 7102
3672 12 0 7141
3673 15 0 6616
3674 15 0 6638
3675 15 0 12994
3676 15 0 6690
3677 12 0 1102
3678 9 5 1102
3679 9 5 1102
3680 9 5 1102
3681 9 5 1102
3682 9 5 1102
3683 9 5 1102
3684 12 0 7198
3685 7 8 18050
3686 12 0 7092
3687 2 8 3092
3688 12 0 7051
3689 12 0 7050
3690 12 0 7052
3691 12 0 7053
3692 12 0 7100
3693 12 0 7147
3694 4 0 6534
3695 4 0 6535
3696 2 14 7475
3697 4 0 6531
3698 4 0 6532
3699 2 14 7467
3700 12 0 2945
3701 12 0 6639
3702 15 0 4045
3703 0 5 18102
3704 13 0 6713
3705 15 0 6002
3706 12 0 7015
3707 12 0 7015
3708 12 0 10275
3709 12 0 2945
3710 12 0 10275
3711 15 0 4049
3712 7 8 25472
3713 7 11 1443
3714 12 0 7291
3715 12 0 7059
3716 12 0 9585
3717 12 0 7219
3718 12 0 1323
3719 4 1 23040
3720 12 0 7294
3721 12 0 3031
3722 15 0 6655
3723 15 0 6630
3724 15 0 6651
3725 15 0 6656
3726 0 5 22194
3727 0 5 6327
3728 0 5 6419
3729 0 5 6414
3730 7 8 6350
3731 7 8 25466
3732 4 1 15339
3733 4 3 4085
3734 9 5 1102
3735 9 5 1102
3736 9 5 1102
3737 9 5 1102
3738 2 10 20374
3739 4 0 16132
3740 2 7 22226
3741 4 2 17164
3742 2 2 20667
3743 4 6 6275
3744 12 0 1399
3745 12 0 7218
3746 15 0 1244
3747 4 2 11167
3748 4 1 10169
3749 4 1 23118
3750 4 2 8732
3751 4 3 3083
3752 4 1 8666
3753 4 2 17129
3754 4 2 17186
3755 2 0 19228
3756 4 0 6529
3757 4 0 6530
3758 4 3 6902
3759 4 1 16944
3760 4 0 963
3761 4 6 18769
3762 1 0 1244
3763 4 6 6272
3764 4 1 3750
3765 4 3 6971
3766 15 0 19569
3767 15 0 4110
3768 0 8 6326
3769 15 0 6620
3770 0 5 6350
3771 0 5 4113
3772 0 5 18079
3773 0 8 18084
3774 2 4 26366
3775 0 8 13708
3776 15 0 13708
3777 15 0 6371
3778 2 2 20660
3779 2 1 19287
3780 2 3 20717
3781 2 8 20150
3782 2 5 19532
3783 2 7 20216
3784 2 10 20350
3785 2 0 8480
3786 2 15 6468
3787 2 4 19694
3788 4 0 6563
3789 4 0 6554
3790 4 0 3331
3791 4 0 6552
3792 4 1 12424
3793 4 1 6190
3794 4 1 16571
3795 4 1 23120
3796 4 1 16569
3797 4 1 14711
3798 4 1 14091
3799 4 1 16568
3800 4 2 19042
3801 4 2 19043
3802 4 2 14803
3803 4 1 23036
3804 4 2 19044
3805 4 2 19041
3806 4 2 11270
3807 4 2 19040
3808 4 3 6902
3809 4 3 6903
3810 4 3 6904
3811 4 1 15121
3812 4 3 6905
3813 4 3 687
3814 4 3 6914
3815 4 3 977
3816 4 6 4130
3817 4 6 18481
3818 7 9 18169
3819 7 9 7364
3820 7 9 18089
3821 7 9 19497
3822 2 8 20180
3823 0 1 2354
3824 0 8 17469
3825 0 2 15790
3826 0 2 15793
3827 0 1 15717
3828 0 2 4137
3829 0 8 15794
3830 9 6 1301
3831 9 6 1301
3832 9 6 15274
3833 4 1 23089
3834 4 1 16839
3835 4 3 9417
3836 4 3 25658
3837 4 3 15333
3838 12 0 7089
3839 12 0 7186
3840 4 3 9422
3841 4 3 9424
3842 4 3 9415
3843 4 3 9242
3844 4 3 13088
3845 4 3 9425
3846 4 3 23537
3847 4 3 9426
3848 2 15 6434
3849 2 7 5153
3850 2 7 20215
3851 2 5 19647
3852 2 5 15468
3853 2 8 7324
3854 2 8 20252
3855 2 1 8528
3856 2 1 8533
3857 7 7 7340
3858 7 7 20661
3859 7 7 7392
3860 7 7 20659
3861 7 7 7356
3862 12 0 20951
3863 12 0 11205
3864 3 7 7339
3865 2 15 6474
3866 9 4 15274
3867 9 4 15274
3868 9 4 15274
3869 9 4 15274
3870 9 4 15274
3871 9 4 1102
3872 9 4 15274
3873 9 4 15274
3874 9 4 15274
3875 9 4 1102
3876 12 0 1151
3877 12 0 7266
3878 15 0 1262
3879 12 0 7230
3880 12 0 5689
3881 12 0 7038
3882 15 0 19531
3883 4 1 13228
3884 4 2 13249
3885 4 3 13278
3886 4 1 13539
3887 4 2 13249
3888 4 3 13278
3889 4 1 15908
3890 4 2 17204
3891 4 3 15318
3892 4 1 16775
3893 4 2 21308
3894 4 3 15320
3895 2 0 6262
3896 4 1 3749
3897 12 0 7110
3898 12 0 1102
3899 15 0 6672
3900 12 0 18078
3901 12 0 7048
3902 2 10 20412
3903 12 0 4258
3904 12 0 1310
3905 12 0 1310
3906 12 0 7036
3907 12 0 7100
3908 12 0 7100
3909 12 0 7063
3910 12 0 7171
3911 12 0 7205
3912 12 0 7257
3913 12 0 6554
3914 1 0 1283
3915 12 0 7054
3916 12 0 18075
3917 12 0 6546
3918 12 0 6614
3919 12 0 7168
3920 12 0 7047
3921 12 0 3093
3922 12 0 4280
3923 12 0 7284
3924 12 0 7161
3925 12 0 7151
3926 12 0 4284
3927 0 5 6425
3928 0 1 15714
3929 12 0 7162
3930 13 0 4287
3931 15 0 959
3932 12 0 12333
3933 2 7 7312
3934 2 8 4291
3935 2 7 7311
3936 4 1 16722
3937 4 1 16721
3938 4 1 16724
3939 4 1 23101
3940 4 1 16720
3941 4 1 16719
3942 4 1 14396
3943 4 1 16718
3944 4 1 16704
3945 4 1 16703
3946 4 1 9894
3947 4 1 16707
3948 4 1 16702
3949 4 1 16701
3950 4 1 16706
3951 4 1 16700
3952 4 1 14414
3953 4 1 16712
3954 4 1 16714
3955 4 1 23124
3956 4 1 16711
3957 4 1 16709
3958 4 1 16715
3959 4 1 16708
3960 12 0 6430
3961 4 2 16943
3962 4 2 18419
3963 4 2 17021
3964 4 1 23070
3965 4 2 17188
3966 4 2 17155
3967 4 2 17196
3968 4 2 17105
3969 4 2 14408
3970 4 2 16994
3971 4 2 17171
3972 4 1 23065
3973 4 2 17069
3974 4 2 16972
3975 4 2 4486
3976 4 2 11138
3977 4 2 16941
3978 4 2 16995
3979 4 2 17019
3980 4 1 23068
3981 4 2 17070
3982 4 2 16975
3983 4 2 14421
3984 4 2 9925
3985 4 1 16829
3986 4 6 18814
3987 4 6 18774
3988 4 6 18813
3989 4 6 18472
3990 4 6 17885
3991 4 6 18474
3992 4 3 6946
3993 4 3 6947
3994 4 3 6948
3995 4 1 15068
3996 4 3 6949
3997 4 3 4339
3998 4 3 10170
3999 4 3 8672
4000 4 3 6964
4001 4 3 6965
4002 4 3 6966
4003 4 1 15106
4004 4 3 6967
4005 4 3 4333
4006 4 3 28392
4007 4 3 11565
4008 4 3 6958
4009 4 3 6997
4010 4 3 6998
4011 4 1 15239
4012 4 3 6999
4013 4 3 4346
4014 4 3 9038
4015 4 3 12966
4016 12 0 1288
4017 2 7 20225
4018 2 8 20195
4019 2 0 8478
4020 2 1 19374
4021 2 4 19716
4022 2 5 19526
4023 2 15 4119
4024 2 10 20309
4025 2 2 20550
4026 2 3 20721
4027 12 0 7069
4028 12 0 7065
4029 12 0 3427
4030 4 0 6381
4031 4 0 6515
4032 4 0 6548
4033 4 0 6496
4034 12 0 7261
4035 4 1 16643
4036 4 1 4607
4037 4 1 14989
4038 4 1 27557
4039 4 1 15298
4040 4 1 14623
4041 4 1 15287
4042 4 1 14661
4043 4 1 14652
4044 4 1 14659
4045 4 1 14680
4046 4 1 14685
4047 4 1 14679
4048 4 2 17199
4049 4 2 14601
4050 4 2 17141
4051 4 2 17161
4052 4 2 21304
4053 12 0 6629
4054 4 2 17149
4055 4 2 3036
4056 12 0 811
4057 4 2 16890
4058 4 2 14674
4059 4 2 14673
4060 4 2 14675
4061 4 2 17008
4062 4 2 17147
4063 4 2 17181
4064 4 6 18487
4065 4 6 18699
4066 4 6 4403
4067 4 6 6272
4068 4 6 26325
4069 4 6 26085
4070 4 6 18771
4071 4 3 25801
4072 4 3 25802
4073 4 3 25804
4074 4 3 25809
4075 4 3 25811
4076 4 3 25810
4077 4 3 25825
4078 4 3 25904
4079 4 3 25896
4080 4 3 15290
4081 4 3 4419
4082 4 3 26074
4083 4 3 26075
4084 4 3 3409
4085 12 0 7155
4086 2 3 20736
4087 2 2 4426
4088 2 15 28520
4089 2 3 6592
4090 2 4 18496
4091 2 15 20380
4092 15 0 4433
4093 15 0 6665
4094 12 0 7264
4095 15 0 7302
4096 15 0 18096
4097 15 0 6630
4098 12 0 4435
4099 15 0 29087
4100 15 0 3093
4101 15 0 3093
4102 15 0 3093
4103 13 0 6708
4104 12 0 6646
4105 12 0 6658
4106 12 0 7279
4107 4 2 4438
4108 4 2 4439
4109 4 2 16983
4110 2 2 20555
4111 2 3 8095
4112 4 0 9852
4113 4 1 23123
4114 4 1 15246
4115 4 6 17888
4116 2 7 20223
4117 4 1 16830
4118 4 3 6976
4119 4 2 17100
4120 4 1 16695
4121 4 1 14323
4122 2 4 3498
4123 4 3 6919
4124 4 2 21293
4125 4 0 21605
4126 2 0 19217
4127 2 3 20662
4128 2 5 18269
4129 4 6 4458
4130 4 0 6562
4131 4 2 17115
4132 4 3 6884
4133 4 1 4462
4134 2 10 20294
4135 4 0 6486
4136 4 3 6885
4137 4 1 4835
4138 4 3 8638
4139 4 1 16822
4140 4 1 4869
4141 9 0 1103
4142 9 0 1103
4143 9 0 1103
4144 9 0 1103
4145 9 0 1103
4146 9 0 1103
4147 9 0 1103
4148 9 0 1103
4149 9 0 1103
4150 9 0 1103
4151 9 0 1103
4152 9 0 1103
4153 9 0 1103
4154 9 0 1103
4155 9 0 1103
4156 9 0 1103
4157 9 0 1103
4158 9 0 1103
4159 9 0 1103
4160 9 0 1103
4161 9 0 1103
4162 9 0 1103
4163 9 0 1155
4164 9 0 1155
4165 9 0 1155
4166 9 0 1155
4167 9 0 1155
4168 9 0 5563
4169 9 0 5563
4170 9 0 5563
4171 9 0 5563
4172 9 0 5563
4173 9 0 5563
4174 9 0 5563
4175 9 0 5563
4176 9 0 5563
4177 9 0 5563
4178 9 0 5563
4179 9 0 5563
4180 9 0 5563
4181 9 0 5563
4182 9 0 5563
4183 9 0 5563
4184 9 0 5563
4185 9 0 5563
4186 9 0 5563
4187 9 0 5563
4188 9 0 5563
4189 9 0 5563
4190 4 2 8660
4191 4 2 4497
4192 4 2 4919
4193 4 2 13550
4194 4 2 4494
4195 4 2 4493
4196 4 2 4483
4197 4 1 12980
4198 9 0 1246
4199 9 0 1246
4200 9 0 1246
4201 9 0 1246
4202 9 0 1246
4203 9 0 1246
4204 9 0 1246
4205 9 0 1246
4206 9 0 1246
4207 9 0 1246
4208 9 0 1246
4209 9 0 1246
4210 9 0 1246
4211 9 0 1246
4212 9 0 1246
4213 9 0 1246
4214 9 0 1246
4215 9 0 1246
4216 9 0 1246
4217 9 0 1246
4218 9 0 1246
4219 9 0 1246
4220 9 0 1246
4221 9 0 1246
4222 9 0 1317
4223 9 0 1317
4224 9 0 1317
4225 9 0 1317
4226 9 0 1317
4227 9 0 1317
4228 9 0 1317
4229 9 0 1317
4230 9 0 1317
4231 7 6 5086
4232 7 6 21463
4233 7 6 7112
4234 7 6 7410
4235 7 6 11164
4236 7 6 3164
4237 4 2 9501
4238 1 0 3410
4239 4 2 9503
4240 1 0 4584
4241 1 0 8442
4242 4 2 9505
4243 4 2 9511
4244 4 2 18458
4245 1 0 3337
4246 4 2 9513
4247 4 2 2362
4248 4 2 9526
4249 4 2 12464
4250 4 2 17237
4251 4 2 11274
4252 4 2 12403
4253 4 2 27881
4254 4 2 9543
4255 4 2 9532
4256 4 2 9545
4257 4 2 17224
4258 4 2 9538
4259 4 2 9546
4260 4 2 9550
4261 4 1 16794
4262 4 2 17218
4263 4 6 18668
4264 4 2 17111
4265 0 6 7452
4266 9 0 1143
4267 9 0 1143
4268 9 0 1143
4269 9 0 1143
4270 9 0 1143
4271 9 0 1143
4272 9 0 1143
4273 9 0 1143
4274 9 0 1143
4275 9 0 1143
4276 9 0 1143
4277 9 0 1143
4278 12 0 7148
4279 9 0 1143
4280 9 0 1143
4281 9 0 1143
4282 9 0 1143
4283 9 0 1143
4284 9 0 1143
4285 9 0 1143
4286 9 0 1143
4287 9 0 1143
4288 9 0 1143
4289 7 6 6396
4290 4 6 4400
4291 7 5 12105
4292 9 2 1102
4293 9 1 1102
4294 9 1 1102
4295 9 1 1102
4296 9 1 15274
4297 9 1 15274
4298 9 1 1102
4299 9 1 1102
4300 9 1 1102
4301 9 1 1102
4302 2 15 3006
4303 2 4 19615
4304 7 6 8711
4305 7 5 7333
4306 7 5 7717
4307 4 1 6295
4308 4 1 8089
4309 4 1 12395
4310 4 1 12865
4311 4 1 23117
4312 4 1 14403
4313 4 1 4615
4314 4 1 9997
4315 4 1 17135
4316 4 1 6297
4317 4 1 12399
4318 4 1 6291
4319 4 1 17130
4320 4 1 4301
4321 4 1 17138
4322 4 1 15314
4323 4 1 15319
4324 4 1 17128
4325 4 1 4631
4326 4 1 15076
4327 4 1 15273
4328 4 1 17136
4329 4 1 6315
4330 4 0 7906
4331 4 1 13195
4332 4 0 7902
4333 4 0 15858
4334 4 0 7903
4335 4 0 7904
4336 4 0 13055
4337 7 5 18597
4338 7 5 7384
4339 7 5 7332
4340 7 11 18079
4341 7 11 6373
4342 7 11 6389
4343 4 1 12388
4344 4 0 12802
4345 9 2 15274
4346 9 2 15274
4347 9 2 15274
4348 9 2 15274
4349 9 2 15274
4350 9 2 15274
4351 9 2 15274
4352 9 2 15274
4353 9 2 15274
4354 9 2 6270
4355 9 2 1102
4356 9 2 15274
4357 7 1 7137
4358 7 2 18062
4359 7 1 10700
4360 7 2 25483
4361 7 1 18174
4362 2 3 6600
4363 7 1 7839
4364 7 1 6396
4365 7 2 18062
4366 7 3 7918
4367 7 2 6393
4368 4 1 13236
4369 2 3 20743
4370 7 2 7624
4371 7 1 19482
4372 2 3 6594
4373 4 1 26619
4374 7 2 25483
4375 7 1 7840
4376 7 3 7841
4377 7 1 31325
4378 7 2 18062
4379 2 3 15835
4380 7 2 7626
4381 4 0 22293
4382 7 1 20624
4383 2 3 8257
4384 7 2 7361
4385 4 1 22422
4386 7 3 7841
4387 7 1 7377
4388 7 3 7358
4389 7 1 7371
4390 7 2 25482
4391 7 3 21652
4392 7 3 9151
4393 4 1 13215
4394 7 2 7624
4395 7 2 7367
4396 4 0 21632
4397 4 0 7841
4398 7 2 6393
4399 7 1 7375
4400 7 1 7375
4401 15 2 16536
4402 7 11 1438
4403 7 3 7397
4404 7 1 7404
4405 7 3 7326
4406 7 3 7326
4407 7 3 7326
4408 9 3 15274
4409 9 3 15274
4410 9 3 15274
4411 9 3 1102
4412 9 3 15274
4413 9 3 15274
4414 9 3 15274
4415 9 3 1102
4416 9 3 15274
4417 9 3 15274
4418 0 5 6342
4419 0 4 2616
4420 0 0 1097
4421 0 4 1093
4422 0 4 1093
4423 0 0 1097
4424 0 4 2616
4425 0 4 3331
4426 0 4 3331
4427 0 8 6270
4428 15 0 6699
4429 12 0 3093
4430 4 0 9853
4431 12 0 6614
4432 12 0 7798
4433 12 0 4435
4434 4 1 4365
4435 12 0 6614
4436 4 1 9912
4437 2 10 20390
4438 4 3 6977
4439 2 4 6795
4440 12 0 7246
4441 12 0 18078
4442 4 2 2563
4443 4 3 11327
4444 4 6 18694
4445 2 0 19398
4446 2 15 20369
4447 4 1 23019
4448 4 3 4723
4449 2 15 20439
4450 12 0 7184
4451 15 0 7298
4452 12 0 6521
4453 12 0 7248
4454 2 15 20592
4455 4 2 14261
4456 4 2 17231
4457 0 5 6327
4458 12 0 7245
4459 15 0 18072
4460 15 0 568
4461 7 6 7399
4462 4 1 23098
4463 4 1 9916
4464 4 3 7002
4465 4 3 6844
4466 12 0 7249
4467 12 0 7244
4468 12 0 7239
4469 12 0 7216
4470 7 11 21102
4471 7 11 4720
4472 12 0 2616
4473 12 0 7118
4474 2 2 12883
4475 15 0 6645
4476 4 1 12650
4477 4 6 17887
4478 4 3 4744
4479 0 8 6337
4480 0 8 6424
4481 0 8 6346
4482 12 0 7234
4483 13 0 6709
4484 13 0 6712
4485 13 0 6711
4486 15 0 6640
4487 12 0 7047
4488 12 0 7047
4489 12 0 7152
4490 12 0 3426
4491 12 0 12289
4492 12 0 7119
4493 12 0 7120
4494 12 0 7233
4495 12 0 9658
4496 1 0 8271
4497 1 0 1183
4498 1 0 2585
4499 1 0 1183
4500 1 0 6430
4501 1 0 6430
4502 12 0 7221
4503 12 0 3429
4504 4 1 15183
4505 4 1 16791
4506 12 0 6510
4507 4 6 18653
4508 4 3 8639
4509 4 2 17185
4510 12 0 7041
4511 2 4 19783
4512 12 0 1504
4513 12 0 6693
4514 12 0 4771
4515 12 0 1310
4516 12 0 7038
4517 12 0 7038
4518 12 0 2616
4519 12 0 2616
4520 12 0 2616
4521 12 0 7024
4522 12 0 7289
4523 12 0 7098
4524 12 0 7037
4525 12 0 7278
4526 12 0 7202
4527 12 0 1659
4528 12 0 7261
4529 12 0 4775
4530 12 0 7277
4531 12 0 6564
4532 12 0 4777
4533 12 0 4435
4534 4 3 6996
4535 4 0 9838
4536 0 5 6410
4537 0 5 6420
4538 0 5 4781
4539 0 5 7856
4540 0 5 6399
4541 0 5 6343
4542 0 5 6344
4543 4 2 21313
4544 0 5 6399
4545 4 1 16892
4546 0 0 6338
4547 2 19 21016
4548 2 5 3151
4549 4 0 9834
4550 4 0 9832
4551 12 0 3918
4552 15 0 4719
4553 15 0 4722
4554 15 0 4721
4555 15 0 20915
4556 15 0 20914
4557 15 0 28258
4558 15 0 8381
4559 12 0 6521
4560 2 7 4788
4561 2 0 19299
4562 2 1 8531
4563 2 4 4609
4564 2 5 6813
4565 2 15 6433
4566 2 10 20420
4567 2 8 20111
4568 2 0 22478
4569 2 4 19778
4570 2 5 8586
4571 2 15 20430
4572 12 0 4282
4573 15 0 1244
4574 4 3 4202
4575 2 10 20401
4576 2 2 20674
4577 2 3 6592
4578 15 0 6641
4579 15 0 6644
4580 15 0 959
4581 15 0 6679
4582 12 0 18095
4583 15 0 6698
4584 15 0 6669
4585 15 0 6619
4586 15 0 6628
4587 15 0 11208
4588 15 0 4807
4589 7 11 11207
4590 15 0 6636
4591 15 0 6492
4592 0 5 24702
4593 0 5 24710
4594 0 5 4823
4595 0 5 18078
4596 0 1 15736
4597 9 6 15274
4598 0 0 18063
4599 0 5 6350
4600 0 5 18119
4601 0 5 6413
4602 0 5 6402
4603 7 8 4811
4604 0 5 15852
4605 0 5 15853
4606 0 5 15854
4607 0 5 6355
4608 0 5 15855
4609 9 5 1301
4610 12 0 6393
4611 7 11 13103
4612 12 0 4826
4613 12 0 20913
4614 4 0 9859
4615 12 0 4829
4616 2 14 6589
4617 12 0 4831
4618 12 0 4832
4619 12 0 4833
4620 12 0 3093
4621 12 0 7025
4622 12 0 4435
4623 0 1 24215
4624 9 6 1301
4625 7 9 19495
4626 12 0 4717
4627 12 0 7157
4628 12 0 7060
4629 12 0 7925
4630 12 0 7064
4631 12 0 7264
4632 15 0 9632
4633 15 0 9632
4634 15 0 9632
4635 12 0 4841
4636 15 0 9632
4637 15 0 9632
4638 15 0 9632
4639 12 0 7078
4640 12 0 4681
4641 12 0 3146
4642 4 0 4843
4643 4 1 15079
4644 12 0 7269
4645 12 0 4829
4646 12 0 2516
4647 12 0 7293
4648 12 0 7247
4649 12 0 811
4650 12 0 811
4651 12 0 4742
4652 4 6 18789
4653 4 3 6944
4654 12 0 7177
4655 7 8 22193
4656 0 5 6402
4657 4 3 6832
4658 4 1 25945
4659 4 3 11131
4660 4 1 6322
4661 4 1 27551
4662 4 1 15061
4663 4 1 9907
4664 4 2 2563
4665 4 1 23015
4666 4 2 16911
4667 4 3 6832
4668 4 1 26979
4669 4 3 26930
4670 4 1 3396
4671 4 1 25657
4672 4 1 14515
4673 4 2 2563
4674 4 1 27997
4675 4 2 16911
4676 4 3 6991
4677 4 1 25950
4678 4 3 22692
4679 4 3 6832
4680 4 1 26981
4681 4 3 26947
4682 4 1 3396
4683 4 1 23113
4684 4 1 14530
4685 4 1 3396
4686 4 1 23137
4687 4 1 16594
4688 4 2 2563
4689 4 1 23041
4690 4 2 14533
4691 4 2 2563
4692 4 1 28049
4693 4 2 29632
4694 4 3 25770
4695 4 1 26048
4696 4 0 18495
4697 4 3 25767
4698 4 1 14550
4699 4 1 14555
4700 4 2 14232
4701 4 1 23044
4702 12 0 7096
4703 12 0 7064
4704 2 14 6567
4705 4 3 25783
4706 4 1 25979
4707 4 3 25781
4708 4 1 27545
4709 4 2 8098
4710 4 1 23029
4711 4 1 26047
4712 4 3 25803
4713 4 1 23140
4714 4 1 4557
4715 4 1 23024
4716 4 1 26016
4717 4 3 25813
4718 4 1 16652
4719 4 1 18131
4720 4 1 14624
4721 4 2 17193
4722 4 1 23045
4723 4 1 14332
4724 4 2 21302
4725 4 3 25897
4726 4 1 25900
4727 4 3 25895
4728 4 3 7004
4729 4 1 14649
4730 2 0 6261
4731 4 2 14677
4732 4 1 23031
4733 4 3 26078
4734 4 1 11638
4735 4 1 23125
4736 4 1 14686
4737 4 2 17192
4738 4 2 16921
4739 12 0 2599
4740 12 0 19572
4741 4 3 4912
4742 12 0 7169
4743 4 0 6546
4744 4 1 16925
4745 4 3 7005
4746 4 1 12718
4747 12 0 6414
4748 12 0 6414
4749 12 0 6414
4750 4 0 6566
4751 12 0 7266
4752 12 0 19528
4753 12 0 19529
4754 12 0 18083
4755 12 0 18102
4756 15 0 6685
4757 15 0 18053
4758 12 0 6669
4759 12 0 7202
4760 4 0 6566
4761 4 3 4339
4762 4 0 6566
4763 2 2 3186
4764 4 2 6716
4765 2 7 7313
4766 2 7 5154
4767 4 1 3528
4768 4 1 16946
4769 12 0 11207
4770 12 0 7061
4771 4 1 23012
4772 4 1 23075
4773 4 3 6843
4774 4 3 6934
4775 15 0 6633
4776 15 0 19567
4777 2 5 19538
4778 2 5 6808
4779 15 0 6652
4780 15 0 6664
4781 4 1 8702
4782 4 1 16812
4783 12 0 7276
4784 15 0 4719
4785 4 1 6277
4786 4 1 16833
4787 15 0 22927
4788 4 2 4024
4789 4 2 6777
4790 4 1 15165
4791 0 5 6374
4792 4 1 23131
4793 4 1 15247
4794 4 2 6787
4795 4 2 6756
4796 4 2 6758
4797 4 1 15161
4798 4 1 15206
4799 4 1 23087
4800 4 3 697
4801 12 0 1496
4802 12 0 6671
4803 12 0 6630
4804 12 0 7142
4805 12 0 7126
4806 12 0 6646
4807 12 0 6427
4808 12 0 8039
4809 12 0 7287
4810 4 2 19911
4811 4 2 6781
4812 4 3 6879
4813 15 0 15593
4814 15 0 7048
4815 4 3 6935
4816 4 3 4978
4817 2 8 7319
4818 2 8 20155
4819 12 0 4110
4820 4 6 18511
4821 4 6 3445
4822 4 6 4983
4823 12 0 4984
4824 2 0 8459
4825 2 0 8461
4826 2 0 19224
4827 4 1 16865
4828 4 1 16792
4829 4 1 9912
4830 4 2 17153
4831 4 2 17154
4832 4 2 22428
4833 4 3 6929
4834 12 0 7234
4835 4 3 6912
4836 4 0 21601
4837 4 0 21611
4838 4 0 21606
4839 12 0 7086
4840 2 15 13908
4841 12 0 7145
4842 0 0 6421
4843 12 0 7026
4844 12 0 7189
4845 12 0 7106
4846 12 0 7072
4847 12 0 7159
4848 12 0 8802
4849 12 0 2599
4850 12 0 7047
4851 12 0 7047
4852 7 2 6378
4853 4 2 15330
4854 4 1 23103
4855 4 1 5093
4856 4 1 5094
4857 4 1 5115
4858 4 1 5116
4859 12 0 6484
4860 15 0 4433
4861 4 2 5243
4862 12 0 7229
4863 12 0 7602
4864 12 0 7102
4865 15 0 7086
4866 12 0 9090
4867 15 0 6619
4868 12 0 6427
4869 12 0 3146
4870 12 0 7067
4871 12 0 12643
4872 15 0 1504
4873 15 0 4714
4874 15 0 6631
4875 15 0 6668
4876 15 0 6615
4877 15 0 6701
4878 15 0 6617
4879 15 0 6700
4880 15 0 2868
4881 12 0 3093
4882 13 0 8903
4883 12 0 3093
4884 12 0 7252
4885 12 0 7156
4886 12 0 6694
4887 12 0 7110
4888 12 0 3788
4889 12 0 2599
4890 12 0 18047
4891 12 0 4841
4892 12 0 7112
4893 12 0 3672
4894 12 0 3759
4895 12 0 7089
4896 12 0 5287
4897 12 0 6694
4898 12 0 5283
4899 2 18 10672
4900 2 17 5289
4901 2 6 5290
4902 2 19 6098
4903 12 0 7122
4904 12 0 2533
4905 12 0 3146
4906 4 2 8308
4907 4 2 8701
4908 4 2 17169
4909 4 2 7560
4910 4 3 6969
4911 4 6 18522
4912 2 19 6109
4913 4 3 9920
4914 4 2 17075
4915 4 1 16802
4916 4 1 16800
4917 4 3 5337
4918 12 0 1183
4919 4 1 16799
4920 4 1 23007
4921 4 2 9671
4922 4 3 2967
4923 2 0 8498
4924 2 4 19634
4925 2 15 6457
4926 12 0 18116
4927 12 0 8382
4928 4 2 17017
4929 4 2 17097
4930 1 0 1168
4931 2 2 7603
4932 2 7 20013
4933 4 1 15211
4934 4 1 5394
4935 4 3 7007
4936 4 1 16880
4937 4 6 18510
4938 2 10 20423
4939 2 8 20112
4940 4 2 17074
4941 0 0 1805
4942 4 2 16997
4943 2 5 8691
4944 4 1 23116
4945 0 0 7099
4946 4 3 6876
4947 2 15 20603
4948 2 4 5009
4949 2 0 19214
4950 4 6 5411
4951 4 2 16938
4952 0 0 18099
4953 0 0 18117
4954 4 2 16932
4955 4 2 5414
4956 2 14 6566
4957 1 0 1168
4958 4 1 15244
4959 15 0 16760
4960 6 3 5998
4961 2 10 20426
4962 4 2 5418
4963 4 1 23071
4964 2 5 19544
4965 2 0 8490
4966 12 0 7163
4967 4 6 5422
4968 4 2 9925
4969 4 3 6915
4970 4 2 16968
4971 2 4 8572
4972 4 3 6876
4973 4 2 17014
4974 2 15 3006
4975 4 6 18491
4976 4 2 28287
4977 2 7 20009
4978 2 4 19741
4979 4 1 5434
4980 4 2 5435
4981 1 0 1281
4982 4 2 10411
4983 2 5 19596
4984 4 0 21609
4985 2 19 6109
4986 12 0 6521
4987 2 7 20083
4988 4 0 9834
4989 4 1 16673
4990 4 1 16934
4991 2 8 5175
4992 12 0 5567
4993 2 4 7469
4994 2 14 5569
4995 12 0 5567
4996 2 4 6798
4997 9 5 1102
4998 4 0 9834
4999 4 0 14433
5000 4 0 9835
5001 4 0 9834
5002 4 0 6539
5003 4 0 9854
5004 4 0 9857
5005 4 0 9658
5006 12 0 7152
5007 4 0 6478
5008 4 0 9843
5009 4 0 9840
5010 4 0 3453
5011 4 0 9851
5012 12 0 7127
5013 0 8 6376
5014 0 8 6429
5015 0 8 6429
5016 4 1 16849
5017 12 0 1150
5018 12 0 7290
5019 12 0 7256
5020 13 0 4287
5021 12 0 18062
5022 12 0 12904
5023 12 0 12904
5024 15 1 6340
5025 12 0 12904
5026 12 0 9518
5027 12 0 1282
5028 4 0 24742
5029 4 0 9860
5030 12 0 7070
5031 2 8 5536
5032 2 8 5125
5033 2 8 5125
5034 2 8 5125
5035 2 8 5125
5036 2 8 5536
5037 2 8 5125
5038 12 0 7267
5039 2 8 5125
5040 2 15 20321
5041 0 8 6423
5042 0 8 6405
5043 0 8 6404
5044 0 8 6329
5045 0 8 6411
5046 0 0 6394
5047 0 0 6330
5048 0 8 6330
5049 0 8 6405
5050 13 0 8902
5051 12 0 7107
5052 12 0 6705
5053 4 1 20406
5054 12 0 9167
5055 12 0 7048
5056 12 0 1464
5057 0 5 6390
5058 12 0 18050
5059 12 0 7108
5060 15 1 7411
5061 12 0 7260
5062 12 0 9826
5063 12 0 7154
5064 12 0 7288
5065 12 0 6013
5066 0 5 6377
5067 12 0 7235
5068 12 0 6371
5069 2 19 6097
5070 2 19 5291
5071 2 19 18356
5072 12 0 7101
5073 12 0 7101
5074 12 0 7101
5075 12 0 7045
5076 12 0 7242
5077 12 0 7268
5078 12 0 7271
5079 4 0 6492
5080 12 0 1134
5081 1 0 4584
5082 7 6 7412
5083 9 1 1102
5084 12 0 7038
5085 12 0 7209
5086 12 0 7295
5087 12 0 6633
5088 12 0 7073
5089 13 0 9660
5090 4 0 7908
5091 4 0 5805
5092 2 19 6101
5093 2 15 20392
5094 4 6 5808
5095 0 5 24704
5096 12 0 7204
5097 12 0 6851
5098 12 0 17460
5099 12 0 7144
5100 12 0 7086
5101 12 0 6666
5102 12 0 8007
5103 12 0 11207
5104 12 0 7142
5105 15 0 7300
5106 4 1 15308
5107 4 0 16557
5108 4 2 16882
5109 4 1 16589
5110 4 1 12656
5111 4 1 18133
5112 2 15 20491
5113 15 0 6565
5114 15 0 6627
5115 15 0 18072
5116 7 6 19571
5117 12 0 19570
5118 15 0 6657
5119 15 0 18095
5120 15 0 18096
5121 15 0 6646
5122 15 0 6702
5123 15 0 6701
5124 15 0 6002
5125 15 0 6628
5126 9 0 6270
5127 9 0 6270
5128 15 0 568
5129 9 0 6270
5130 9 0 6270
5131 9 0 6270
5132 9 0 6270
5133 15 0 1438
5134 12 0 7231
5135 15 0 6651
5136 15 0 6704
5137 15 0 1504
5138 12 0 15525
5139 9 0 1317
5140 15 1 32819
5141 9 0 1317
5142 9 0 1317
5143 12 0 7262
5144 9 0 1317
5145 9 0 1317
5146 9 0 1317
5147 9 0 1317
5148 9 0 1317
5149 9 0 1317
5150 9 0 1317
5151 9 0 1317
5152 9 0 1317
5153 9 0 1317
5154 9 0 1317
5155 9 0 1317
5156 9 0 1317
5157 9 0 1317
5158 9 0 1317
5159 9 0 1317
5160 9 0 1317
5161 9 0 1317
5162 9 0 1317
5163 9 0 1317
5164 12 0 8284
5165 12 0 19799
5166 12 0 4045
5167 12 0 18047
5168 12 0 7273
5169 12 0 7274
5170 12 0 5283
5171 12 0 6521
5172 15 1 6354
5173 15 0 7328
5174 12 0 7187
5175 15 1 7299
5176 15 1 7299
5177 15 1 7299
5178 15 1 7299
5179 12 0 5283
5180 4 0 6494
5181 4 1 23142
5182 2 8 8000
5183 4 0 21607
5184 12 0 7124
5185 12 0 8545
5186 12 0 7125
5187 2 5 8600
5188 12 0 7125
5189 12 0 7130
5190 12 0 7240
5191 2 7 7311
5192 2 7 5144
5193 4 1 22998
5194 2 1 19296
5195 4 1 16966
5196 2 0 13913
5197 2 4 20953
5198 2 19 21011
5199 4 2 1978
5200 2 6 5949
5201 2 10 20340
5202 4 1 12803
5203 12 0 6669
5204 12 0 7046
5205 0 8 6416
5206 0 8 6331
5207 2 19 20903
5208 2 19 20829
5209 2 19 6099
5210 2 19 20787
5211 2 19 20852
5212 2 19 6081
5213 2 19 20907
5214 2 19 21020
5215 2 19 20815
5216 2 19 20790
5217 12 0 3422
5218 12 0 3422
5219 12 0 7149
5220 12 0 7134
5221 12 0 7164
5222 4 0 6001
5223 0 8 1262
5224 0 0 6000
5225 0 0 6000
5226 4 0 6001
5227 0 8 1262
5228 0 8 6007
5229 0 8 6007
5230 4 0 6008
5231 4 0 6008
5232 0 0 6009
5233 12 0 6017
5234 12 0 6016
5235 2 19 6081
5236 2 19 20916
5237 0 8 13709
5238 2 19 20787
5239 2 19 20776
5240 2 19 6101
5241 2 19 6097
5242 2 19 6093
5243 2 19 12601
5244 2 19 21024
5245 2 19 21019
5246 2 19 6093
5247 2 19 20828
5248 2 19 21023
5249 2 19 20793
5250 2 19 6140
5251 12 0 8752
5252 2 19 20825
5253 2 19 20801
5254 4 2 10179
5255 2 0 8472
5256 2 4 19673
5257 4 1 23000
5258 2 2 6231
5259 2 2 6232
5260 2 2 6233
5261 2 2 6234
5262 2 2 6235
5263 15 0 6238
5264 12 0 6244
5265 0 5 18117
5266 4 0 9837
5267 2 15 3363
5268 15 0 16363
5269 15 0 2885
5270 12 0 15857
5271 12 0 19488
5272 12 0 6927
5273 12 0 13988
5274 4 1 17135
5275 4 2 7545
5276 2 10 5010
5277 2 10 5542
5278 2 15 6434
5279 2 15 20411
5280 2 15 6441
5281 2 15 6443
5282 2 15 6447
5283 2 15 6448
5284 2 15 6454
5285 2 15 6469
5286 2 0 7508
5287 2 1 3385
5288 2 1 5128
5289 2 1 3797
5290 2 2 4441
5291 2 4 5224
5292 2 5 2777
5293 2 5 6799
5294 4 2 9587
5295 4 2 9587
5296 4 2 9587
5297 4 2 9587
5298 4 2 9587
5299 4 2 17223
5300 2 5 5527
5301 2 5 3879
5302 4 6 18451
5303 2 10 2840
5304 2 10 5098
5305 2 7 7526
5306 2 10 7524
5307 4 2 13300
5308 4 2 7530
5309 2 3 7531
5310 4 1 7533
5311 4 2 17159
5312 4 3 7540
5313 4 0 7544
5314 4 1 23012
5315 4 1 28200
5316 4 2 16870
5317 4 2 8658
5318 2 1 22225
5319 4 2 7553
5320 4 3 7554
5321 2 7 20014
5322 2 5 19611
5323 4 0 7557
5324 2 4 8576
5325 4 6 7559
5326 2 19 6097
5327 4 2 16958
5328 4 3 7563
5329 15 0 8289
5330 12 0 18061
5331 15 0 7425
5332 15 0 8289
5333 12 0 13990
5334 12 0 18079
5335 15 0 1183
5336 12 0 9849
5337 4 1 19899
5338 12 0 7572
5339 12 0 7573
5340 2 10 20417
5341 4 2 8717
5342 0 5 18099
5343 4 1 23088
5344 2 0 8485
5345 2 5 8602
5346 2 2 20719
5347 2 19 21022
5348 12 0 3331
5349 0 5 6342
5350 0 5 18081
5351 4 0 6011
5352 12 0 7637
5353 12 0 7630
5354 12 0 8919
5355 4 2 7662
5356 2 19 20834
5357 4 6 1685
5358 4 3 13282
5359 12 0 7798
5360 12 0 7697
5361 15 0 6651
5362 15 0 1504
5363 15 0 7717
5364 15 0 4718
5365 15 0 6700
5366 12 0 6554
5367 15 0 4717
5368 15 0 7718
5369 15 0 7251
5370 15 0 7716
5371 15 0 6652
5372 12 0 8051
5373 15 0 15026
5374 15 0 7719
5375 15 0 8119
5376 15 0 7268
5377 15 0 7714
5378 0 0 14964
5379 15 0 20781
5380 12 0 7726
5381 12 0 7733
5382 12 0 7735
5383 12 0 7164
5384 12 0 7737
5385 12 0 8007
5386 12 0 7740
5387 4 1 23108
5388 12 0 7741
5389 12 0 7742
5390 12 0 7744
5391 12 0 7791
5392 2 15 6432
5393 2 10 5108
5394 4 2 7823
5395 4 6 18671
5396 13 0 13824
5397 13 0 7828
5398 4 2 16951
5399 4 3 7835
5400 12 0 1150
5401 12 0 1150
5402 12 0 1150
5403 12 0 1150
5404 4 2 6729
5405 4 1 23105
5406 0 8 6007
5407 0 8 6007
5408 4 0 6008
5409 4 0 6008
5410 2 14 7867
5411 4 0 7866
5412 12 0 6492
5413 12 0 7886
5414 12 0 6683
5415 12 0 7866
5416 12 0 7866
5417 15 0 7888
5418 15 0 7889
5419 4 2 17002
5420 4 1 8635
5421 0 0 7899
5422 4 2 16974
5423 2 1 19221
5424 12 0 7928
5425 4 3 7932
5426 2 0 19396
5427 15 0 8118
5428 15 0 8117
5429 15 0 8121
5430 15 0 8120
5431 15 0 18058
5432 15 0 8114
5433 15 0 6358
5434 15 0 7723
5435 15 0 8115
5436 15 0 7723
5437 12 0 1442
5438 12 0 3788
5439 11 2 21318
5440 12 0 3788
5441 11 3 1816
5442 12 0 7951
5443 4 6 18523
5444 4 1 15089
5445 12 0 9865
5446 15 0 7954
5447 15 0 7954
5448 15 0 7954
5449 12 0 7954
5450 12 0 7954
5451 15 0 7954
5452 15 0 7954
5453 12 0 7954
5454 12 0 7954
5455 12 0 7957
5456 12 0 7956
5457 0 0 1496
5458 4 1 9908
5459 2 0 5014
5460 12 0 7976
5461 12 0 9659
5462 12 0 7982
5463 12 0 7984
5464 12 0 8033
5465 7 8 7345
5466 7 8 7987
5467 7 8 6680
5468 7 8 7988
5469 7 8 1116
5470 7 8 7989
5471 7 8 7990
5472 0 5 25473
5473 0 5 7994
5474 0 5 25481
5475 13 0 8951
5476 0 5 7996
5477 0 5 6406
5478 0 5 557
5479 0 5 8088
5480 0 5 25475
5481 12 0 7999
5482 9 5 811
5483 9 5 811
5484 9 5 811
5485 9 5 1102
5486 9 5 1102
5487 9 5 1102
5488 9 5 1102
5489 9 5 1102
5490 12 0 8009
5491 2 5 2839
5493 12 0 13120
5494 12 0 8014
5495 2 4 8011
5497 7 0 8018
5498 3 7 12309
5500 3 7 12310
5501 7 0 7380
5502 2 7 8016
5503 7 8 22193
5504 7 8 22193
5505 12 0 7152
5506 15 0 1504
5507 7 3 7365
5508 12 0 8025
5509 0 8 8026
5510 0 8 8026
5511 0 8 8026
5512 0 8 8026
5513 0 0 7393
5514 4 0 6851
5515 12 0 7985
5516 2 15 8028
5517 15 1 16454
5518 15 1 8902
5519 12 0 8032
5520 12 0 8040
5521 12 0 8042
5522 4 0 21610
5523 7 11 7177
5524 7 11 16212
5525 0 5 8048
5526 0 5 8049
5527 0 5 7177
5528 9 5 1102
5529 15 0 6371
5530 15 0 44344
5531 12 0 7141
5532 2 14 8078
5533 12 0 9129
5534 12 0 7416
5535 12 0 8093
5536 12 0 8094
5537 12 0 3486
5538 12 0 8096
5539 12 0 8097
5540 2 15 6439
5541 2 4 19801
5542 4 1 23131
5543 9 4 15274
5544 12 0 7741
5545 2 6 5290
5546 2 18 10673
5547 12 0 8122
5548 2 2 3187
5549 2 15 6432
5550 2 3 6592
5551 2 0 5066
5552 2 1 5509
5553 2 4 5194
5554 2 5 47303
5555 2 7 47449
5556 2 8 1628
5557 2 17 5638
5558 2 10 2388
5559 15 0 16762
5560 2 19 6097
5561 2 14 8127
5562 15 0 8132
5563 15 0 8132
5564 15 1 8132
5565 15 1 6504
5566 15 0 7999
5567 15 0 8233
5568 6 3 5998
5569 15 0 7415
5570 12 0 18050
5571 1 0 1281
5572 1 0 1277
5573 1 0 3565
5574 1 0 8269
5575 1 0 3568
5576 1 0 1183
5577 9 4 15274
5578 9 4 15274
5579 2 5 19544
5580 2 4 19777
5581 2 10 20446
5582 12 0 8283
5583 12 0 8284
5584 12 0 18096
5585 12 0 6492
5586 2 7 1547
5587 2 4 19648
5588 12 0 7976
5589 4 3 8292
5590 4 1 16918
5591 4 1 23055
5592 4 3 8295
5593 4 6 8296
5594 12 0 7649
5595 2 5 8298
5596 2 2 20720
5597 2 0 8376
5598 2 0 8377
5599 2 0 8378
5600 2 13 8379
5601 15 0 18053
5602 15 0 18597
5603 1 0 8384
5604 2 19 28159
5605 2 15 3550
5606 4 1 16817
5607 4 3 8399
5608 4 1 15278
5609 4 2 6755
5610 4 1 23115
5611 4 0 8436
5612 4 2 17010
5613 2 10 20384
5614 2 8 20182
5615 2 8 20121
5616 2 15 20376
5617 4 2 6718
5618 4 1 15032
5619 12 0 8518
5620 12 0 7206
5621 12 0 8543
5622 4 0 14432
5623 12 0 8547
5624 4 1 15905
5625 4 2 13247
5626 2 1 19246
5627 2 15 20354
5628 12 0 6639
5629 4 2 8450
5630 4 2 8449
5631 0 1 15741
5632 0 1 4133
5633 0 1 15791
5634 0 1 8453
5635 7 11 1496
5636 15 0 19568
5637 7 11 2460
5638 12 0 8471
5639 12 0 8523
5640 9 6 1301
5641 9 6 1301
5642 9 6 1301
5643 9 6 1301
5644 9 0 1103
5645 12 0 8544
5646 12 0 21672
5647 9 0 1103
5648 9 0 1103
5649 9 0 1103
5650 9 0 1103
5651 12 0 8555
5652 12 0 8556
5653 12 0 8557
5654 15 1 2947
5655 15 5 13108
5656 15 5 13108
5657 9 0 6270
5658 9 0 1155
5659 12 0 8560
5660 9 0 1155
5661 9 0 1155
5662 9 0 1155
5663 15 0 16208
5664 12 0 8562
5665 15 5 16207
5666 9 0 1155
5667 9 0 1155
5668 15 5 16208
5669 12 0 2480
5670 9 0 1155
5671 9 0 1155
5672 9 0 1155
5673 9 0 1155
5674 9 0 1155
5675 12 0 8564
5676 9 0 1155
5677 9 0 1155
5678 9 0 1155
5679 9 0 1155
5680 9 0 1155
5681 12 0 8283
5682 9 0 1155
5683 9 0 1155
5684 9 0 1155
5685 9 0 1155
5686 12 0 7164
5687 12 0 6554
5688 9 0 8616
5689 12 0 8737
5690 12 0 7737
5691 12 0 8735
5692 12 0 8622
5693 12 0 8622
5694 12 0 8625
5695 12 0 8625
5696 9 0 5563
5697 9 0 5563
5698 9 0 5563
5699 9 0 5563
5700 9 0 5563
5701 9 0 5563
5702 9 0 5563
5703 9 0 5563
5704 9 0 5563
5705 9 0 5563
5706 9 0 5563
5707 9 0 5563
5708 9 0 5563
5709 9 0 5563
5710 9 0 5563
5711 9 0 5563
5712 9 0 5563
5713 9 0 5563
5714 9 0 5563
5715 9 0 5563
5716 9 0 5563
5717 12 0 8623
5718 12 0 8624
5719 9 0 1246
5720 9 0 1246
5721 9 0 1246
5722 9 0 1246
5723 9 0 1246
5724 9 0 1246
5725 9 0 1246
5726 9 0 1246
5727 9 0 1246
5728 9 0 1246
5729 9 0 1246
5730 9 0 1317
5731 12 0 8626
5732 12 0 8627
5733 12 0 7340
5734 12 0 8628
5735 12 0 3411
5736 12 0 8629
5737 12 0 8630
5738 15 0 8631
5739 4 2 12368
5740 0 8 8733
5741 15 0 4719
5742 2 15 20569
5743 4 0 9842
5744 2 7 8279
5745 2 6 8745
5746 2 6 8746
5747 2 6 8747
5748 2 2 20713
5749 2 1 19291
5750 4 3 8749
5751 4 1 23078
5752 2 15 20596
5753 4 2 8753
5754 4 0 7093
5755 4 3 8719
5756 2 15 20591
5757 2 4 8803
5758 15 0 9632
5759 15 0 9632
5760 15 0 9632
5761 2 5 19544
5762 1 0 12998
5763 1 0 8859
5764 1 0 8860
5765 1 0 8861
5766 4 1 12397
5767 4 1 16611
5768 12 0 16037
5769 12 0 1097
5770 4 1 12695
5771 9 2 1102
5772 9 2 1102
5773 9 2 15274
5774 9 2 15274
5775 9 2 15274
5776 2 10 20449
5777 2 1 8899
5778 2 10 5404
5779 2 8 20084
5780 4 2 8905
5781 4 2 8908
5782 4 2 22393
5783 4 2 8912
5784 7 6 8913
5785 7 6 8914
5786 9 1 1102
5787 9 1 1102
5788 9 1 1102
5789 9 1 1102
5790 12 0 8040
5791 12 0 8040
5792 12 0 8918
5793 12 0 8917
5794 12 0 8922
5795 12 0 8923
5796 12 0 10043
5797 12 0 9110
5798 12 0 8926
5799 12 0 8927
5800 12 0 8928
5801 12 0 13715
5802 12 0 8931
5803 12 0 8932
5804 12 0 4435
5805 12 0 4045
5806 12 0 8935
5807 12 0 3093
5808 12 0 8940
5809 12 0 8940
5810 12 0 8942
5811 12 0 8952
5812 4 1 12694
5813 2 8 9055
5814 4 2 16899
5815 2 5 9057
5816 0 1 9058
5817 2 2 9060
5818 2 19 21026
5819 4 3 15810
5820 4 1 9077
5821 4 2 16982
5822 4 3 9082
5823 0 8 15856
5824 12 0 9106
5825 12 0 9305
5826 12 0 7629
5827 12 0 4435
5828 4 0 6012
5829 15 0 6633
5830 12 0 15706
5831 12 0 7038
5832 12 0 7038
5833 12 0 9116
5834 12 0 9124
5835 12 0 18078
5836 12 0 12644
5837 12 0 9134
5838 12 0 9144
5839 15 0 9135
5840 12 0 20952
5841 12 0 3422
5842 12 0 18107
5843 12 0 3596
5844 12 0 9147
5845 0 0 6350
5846 12 0 9148
5847 12 0 9150
5848 12 0 7126
5849 12 0 9151
5850 12 0 9152
5851 13 0 9154
5852 12 0 9155
5853 12 0 9158
5854 12 0 9157
5855 12 0 4045
5856 2 16 16751
5857 12 0 9162
5858 12 0 9161
5859 0 8 9163
5860 12 0 9164
5861 12 0 9165
5862 12 0 9166
5863 15 0 16161
5864 15 5 17343
5865 12 0 9166
5866 12 0 9116
5867 12 0 9208
5868 12 0 9207
5869 12 0 9209
5870 2 16 22671
5871 15 0 7296
5872 15 5 17343
5873 15 5 17343
5874 15 0 17343
5875 15 0 17343
5876 12 0 6624
5877 12 0 9284
5878 0 8 8932
5879 12 0 9285
5880 0 0 9288
5881 12 0 9289
5882 12 0 9467
5883 12 0 9291
5884 12 0 9292
5896 12 0 9310
5897 12 0 9319
5916 13 0 7737
5917 12 0 811
5918 12 0 3914
5919 12 0 9354
5936 4 2 9365
5937 13 0 9345
5938 12 0 7345
5939 4 2 9374
5940 4 6 2916
5941 4 3 4339
5942 12 0 9377
5943 4 3 9378
5944 4 3 7554
5945 12 0 9396
5946 12 0 9148
5947 12 0 9397
5948 12 0 9148
5949 12 0 9135
5950 12 0 9429
5951 0 0 9430
5952 12 0 13531
5953 2 7 15804
5954 2 7 9465
5956 2 14 8568
5957 4 2 9499
5958 4 2 9514
5959 12 0 2885
5960 12 0 9152
5961 4 2 12402
5962 4 2 9535
5963 4 2 17212
5964 4 2 9544
5965 4 1 23033
5966 4 2 9549
5967 4 1 9552
5968 4 2 6777
5969 4 1 23059
5970 4 1 19128
5971 4 1 23026
5972 9 1 15274
5973 9 1 1102
5974 9 1 15274
5975 4 2 9584
5976 4 0 20621
5996 0 2 4836
5997 0 2 15732
5998 12 0 4435
6016 12 0 4045
6036 2 15 6475
6037 7 7 20656
6038 0 5 9633
6039 9 5 1301
6040 4 3 9634
6041 0 6 9635
6042 0 6 9637
6043 0 6 7261
6044 9 4 15274
6045 9 4 15274
6046 9 4 15274
6047 9 4 1102
6048 0 1 15774
6049 0 1 9639
6050 0 1 9058
6051 0 1 15747
6052 0 1 4135
6053 9 6 1301
6054 9 6 1301
6055 9 6 1301
6056 9 6 1301
6057 9 6 1301
6058 4 2 8419
6059 4 2 9930
6060 4 1 16588
6061 4 3 9644
6062 4 1 16805
6063 4 3 6954
6064 12 0 16265
6065 12 0 9663
6066 12 0 9666
6067 12 0 9668
6068 9 6 1301
6069 12 0 7407
6070 4 2 17173
6071 12 0 6563
6072 12 0 9666
6073 12 0 9666
6074 0 0 9711
6075 12 0 9725
6076 4 1 16843
6077 12 0 9728
6078 4 6 18664
6079 12 0 9730
6080 12 0 8917
6081 12 0 9733
6082 12 0 47459
6083 12 0 9737
6084 4 3 9738
6085 4 2 11368
6086 12 0 9741
6087 4 3 9742
6088 2 16 19805
6089 12 0 18117
6090 12 0 10453
6091 12 0 9822
6092 4 2 49990
6093 2 5 19646
6094 2 1 19390
6095 4 1 11548
6096 4 0 2163
6097 4 0 2470
6098 4 1 12679
6116 4 1 12648
6117 4 0 9972
6118 4 1 9974
6119 4 1 12681
6120 4 0 9983
6121 4 1 9984
6122 4 0 9985
6123 4 1 12683
6124 4 1 9987
6125 4 0 9995
6126 4 1 10002
6127 4 0 10003
6128 4 1 10028
6129 4 1 12646
6130 4 0 17462
6131 4 1 10244
6132 9 0 1155
6133 9 0 1155
6134 4 0 10108
6135 4 2 10109
6136 4 0 10112
6137 4 1 10114
6138 4 0 10115
6139 4 1 12684
6140 4 1 12649
6141 4 1 9913
6142 4 0 10126
6143 4 0 9915
6144 4 1 12680
6145 12 0 7570
6146 12 0 10190
6147 4 2 9508
6148 4 1 16853
6149 0 1 15718
6150 15 0 10301
6166 12 0 10345
6167 12 0 6423
6168 12 0 9157
6169 12 0 6678
6170 12 0 10353
6171 4 2 9374
6172 12 0 12927
6173 4 1 16809
6174 2 14 13583
6175 12 0 10365
6176 4 6 3725
6177 4 3 6934
6178 12 0 8928
6179 4 1 15166
6180 4 3 11563
6181 12 0 4262
6182 4 0 12312
6183 0 8 12311
6184 12 0 10399
6185 4 1 23008
6186 2 8 20119
6187 4 6 18658
6188 4 3 10434
6189 4 3 10448
6190 12 0 10449
6191 4 1 10454
6192 12 0 9666
6193 12 0 10481
6194 2 0 19404
6195 4 3 12944
6196 2 4 6794
6197 4 2 2644
6198 4 2 10529
6199 4 0 10530
6200 4 3 10532
6201 4 2 9510
6202 4 1 10535
6203 4 6 18669
6204 4 2 13266
6205 2 5 7495
6206 2 1 14040
6207 13 0 6710
6208 13 0 6710
6209 13 0 6710
6210 13 0 6710
6211 9 6 1301
6212 12 0 10546
6213 0 8 4717
6214 2 5 10642
6215 2 10 10654
6216 7 12 7414
6217 7 12 21205
6218 7 12 21207
6219 2 14 7494
6220 2 15 20536
6221 9 8 11431
6222 9 8 11431
6223 4 6 10721
6224 2 8 5176
6225 2 14 10814
6226 4 1 12652
6227 2 14 10815
6228 2 14 10816
6229 2 14 10817
6230 2 19 21095
6231 2 19 21094
6232 2 14 10820
6233 2 14 10821
6234 2 14 10822
6235 2 14 10823
6236 2 14 10824
6237 2 14 10825
6238 4 1 12389
6239 4 1 12400
6240 4 1 12387
6241 4 1 17123
6242 4 1 12386
6243 4 1 12393
6244 0 0 10913
6245 12 0 7289
6246 12 0 10920
6247 12 0 10921
6248 12 0 6400
6249 12 0 10922
6250 12 0 10923
6251 12 0 3124
6252 12 0 6400
6253 12 0 10924
6254 4 6 10968
6255 2 3 6590
6256 2 20 20730
6257 12 0 11012
6258 12 0 6427
6259 12 0 4045
6260 7 11 1656
6261 7 11 15736
6262 12 0 7152
6263 4 1 11182
6264 4 1 12716
6265 15 1 6689
6266 4 1 16560
6267 4 1 16561
6268 4 2 17098
6269 4 2 17152
6270 9 2 1102
6271 9 2 15274
6272 9 2 1102
6273 9 2 1102
6274 9 2 1102
6275 9 2 1102
6276 12 0 6639
6277 12 0 11160
6278 12 0 11161
6279 12 0 3093
6280 12 0 3093
6281 12 0 4262
6282 4 1 11166
6283 12 0 2757
6284 12 0 11180
6285 12 0 11181
6286 12 0 6694
6287 12 0 11183
6288 12 0 11185
6289 7 8 24702
6290 0 5 18536
6291 7 8 18535
6292 15 0 24701
6293 15 0 11199
6294 15 0 24701
6295 15 0 24701
6296 15 0 6691
6297 15 0 7741
6298 15 0 6666
6299 0 5 24696
6300 15 0 6628
6301 15 0 6375
6302 15 0 4433
6303 7 8 24697
6304 15 0 7629
6305 15 0 7629
6306 15 0 7629
6307 15 0 18113
6308 7 8 24710
6309 15 0 24712
6310 15 0 24712
6311 15 0 24712
6312 12 0 3422
6313 12 0 3422
6314 4 1 23082
6315 2 18 11247
6316 0 5 11268
6317 7 8 4813
6318 2 10 20335
6319 4 2 11253
6320 4 6 18700
6321 4 0 14433
6322 2 10 11259
6323 2 4 21051
6324 4 1 12696
6325 9 5 811
6326 9 5 811
6327 2 5 11271
6328 9 5 1102
6329 9 5 1102
6330 9 5 1102
6331 2 15 20333
6332 4 0 9837
6333 2 15 20604
6334 2 4 11289
6335 4 2 11330
6336 4 3 3057
6337 4 3 3058
6338 7 12 21208
6339 7 12 21208
6340 4 1 23027
6341 4 0 11410
6342 9 8 11431
6343 9 8 11431
6344 9 8 11431
6345 9 8 11431
6346 9 8 11431
6347 9 8 11431
6348 9 8 11431
6349 9 8 11431
6350 4 3 6885
6351 15 4 9151
6352 15 4 9822
6353 15 0 12331
6354 15 0 12332
6355 15 0 12331
6356 15 0 12331
6357 15 4 8928
6358 7 11 9150
6359 7 11 11451
6360 2 4 11453
6361 7 8 24709
6362 7 8 4823
6363 15 0 24712
6364 15 0 24712
6365 2 20 20618
6366 2 20 20731
6367 2 20 20619
6368 9 5 1102
6369 9 5 1102
6370 7 11 18114
6371 7 11 15771
6372 0 1 15748
6373 0 2 15788
6374 7 12 6371
6375 9 8 11431
6376 9 8 11431
6377 9 8 11431
6378 4 1 23139
6379 4 2 16922
6380 4 6 1673
6381 4 1 27549
6382 4 2 16916
6383 4 6 18483
6384 4 0 11518
6385 4 0 11519
6386 4 3 25805
6387 4 3 25800
6388 4 3 25806
6389 4 3 15517
6390 9 2 15274
6391 9 2 15274
6392 4 1 11533
6393 4 1 16642
6394 4 1 11571
6395 4 1 13677
6396 4 2 14602
6397 4 2 14603
6398 4 2 17118
6399 4 2 14599
6400 4 6 11559
6401 9 2 1102
6402 4 3 25812
6403 4 3 25808
6404 4 3 25815
6405 4 1 14625
6406 4 1 14617
6407 4 1 14618
6408 4 2 17061
6409 4 2 17121
6410 4 2 17009
6411 4 3 25882
6412 4 3 25883
6413 4 3 25886
6414 4 0 9846
6415 4 1 12653
6416 4 1 14651
6417 4 1 23091
6418 4 1 14656
6419 4 2 14676
6420 4 2 14672
6421 4 2 14671
6422 4 2 21297
6423 4 3 26077
6424 4 1 26082
6425 4 3 26076
6426 4 3 26073
6427 4 1 12676
6428 4 1 14684
6429 4 1 15910
6430 4 2 18471
6431 4 2 16986
6432 4 1 23039
6433 4 2 21291
6434 4 6 18690
6435 12 0 11766
6436 12 0 6521
6437 12 0 11780
6438 15 0 11791
6439 15 0 11791
6440 4 0 12643
6441 12 0 11825
6442 12 0 15027
6443 12 0 11164
6444 15 0 11889
6445 15 0 6629
6446 1 0 2593
6447 4 6 22805
6448 2 15 20349
6449 4 1 23001
6450 0 7 8603
6451 0 7 11926
6452 0 8 2885
6453 0 8 2885
6454 9 7 8117
6455 15 0 18706
6456 15 0 2885
6457 15 0 3257
6458 0 8 11932
6459 4 3 11935
6460 4 3 11945
6461 4 1 11946
6462 12 0 11449
6463 4 0 9846
6464 0 0 12926
6465 4 1 12693
6466 4 1 23010
6467 4 2 11952
6468 4 2 11960
6469 2 2 20652
6470 7 6 8913
6471 7 6 3668
6472 2 4 24741
6473 4 2 17091
6474 9 1 1102
6475 9 1 1102
6476 9 1 15274
6477 4 1 11997
6478 4 1 11999
6479 12 0 12018
6480 4 2 9541
6481 4 3 12068
6482 4 1 12070
6486 0 0 10043
6487 12 0 20931
6488 12 0 12221
6489 12 0 7798
6490 12 0 7798
6491 12 0 7798
6492 12 0 7798
6493 12 0 7798
6494 12 0 7798
6495 12 0 7798
6496 12 0 7798
6497 12 0 7798
6498 12 0 12222
6499 12 0 12222
6500 12 0 12222
6501 12 0 12222
6502 4 3 12282
6503 4 1 12670
6504 2 7 20116
6505 2 10 12286
6506 4 3 22680
6507 4 3 22679
6508 4 1 25948
6509 4 3 22678
6510 4 3 22682
6511 4 1 16698
6512 4 1 16813
6513 4 1 16565
6514 4 1 23104
6515 4 1 16562
6516 12 0 12328
6517 4 2 17124
6518 4 2 16991
6519 4 2 8437
6520 4 1 23052
6521 4 2 6717
6522 0 5 11451
6523 4 2 14259
6524 4 2 12370
6525 4 2 12371
6526 4 2 12372
6527 4 1 12422
6528 4 1 16567
6529 0 8 12410
6530 0 8 18098
6531 4 1 19110
6532 0 8 12423
6533 7 3 12425
6534 12 0 12434
6535 12 0 12435
6536 4 1 14739
6537 4 1 12439
6538 4 1 16522
6539 4 1 14735
6540 4 1 14738
6541 4 1 14737
6542 4 1 15267
6543 4 1 14736
6544 12 0 12328
6545 4 3 25755
6546 4 3 25759
6547 4 3 25756
6548 4 3 25757
6549 4 1 25953
6550 4 3 25758
6551 4 3 6931
6552 4 2 14731
6553 4 2 14730
6554 4 2 14729
6555 4 1 23006
6556 4 2 14728
6557 4 2 19184
6558 4 2 17113
6559 4 6 2210
6560 4 6 25955
6561 4 1 14551
6562 4 1 16881
6563 4 1 14750
6564 4 1 23109
6565 4 1 16793
6566 4 1 16470
6567 4 1 14748
6568 4 1 14746
6569 4 1 18120
6570 4 1 14752
6571 4 6 18493
6572 4 6 18701
6573 4 3 25760
6574 4 3 12456
6575 4 1 25967
6576 4 3 25762
6577 4 3 25761
6578 4 3 12453
6579 4 3 25764
6580 4 3 25763
6581 4 2 17127
6582 4 2 14759
6583 4 2 3657
6584 4 2 14758
6585 4 1 23053
6586 4 2 14755
6587 4 2 14757
6588 4 2 17195
6589 4 0 9833
6590 4 3 25793
6591 4 3 25797
6592 4 3 25798
6593 4 1 25993
6594 4 3 25795
6595 4 3 25794
6596 4 3 25796
6597 4 3 25799
6598 4 6 18449
6599 4 6 26014
6600 4 2 14774
6601 4 2 14769
6602 4 2 17167
6603 4 2 14773
6604 4 1 23022
6605 4 2 14775
6606 4 2 12503
6607 4 2 14776
6608 4 1 27542
6609 4 1 16862
6610 4 1 16878
6611 4 1 16866
6612 4 1 19921
6613 4 1 16869
6614 4 1 23138
6615 4 1 16864
6616 4 1 16863
6617 4 1 4904
6618 2 4 8043
6619 9 0 12547
6620 12 0 7798
6621 9 0 12556
6622 2 7 21554
6623 12 0 12328
6624 12 0 12565
6625 12 0 12567
6626 12 0 12567
6627 4 3 12595
6628 4 1 16952
6629 4 1 23141
6630 4 6 6274
6631 2 10 20336
6632 4 1 15156
6633 2 7 12610
6634 12 0 6381
6635 0 0 6400
6636 0 0 12621
6637 0 0 6340
6638 0 0 6340
6639 12 0 18107
6640 12 0 12625
6641 2 8 20167
6642 4 3 12632
6643 15 4 18535
6644 15 4 24697
6645 15 4 24694
6646 15 4 24704
6647 15 4 24711
6648 12 0 12328
6649 12 0 12328
6650 12 0 12328
6651 2 4 18652
6652 12 0 12735
6653 12 0 12992
6654 12 0 12738
6655 12 0 12736
6656 12 0 12746
6657 0 5 12780
6658 12 0 12643
6659 4 1 12777
6660 2 15 13001
6661 9 5 1102
6662 0 2 11462
6663 9 6 15274
6664 4 1 12782
6665 4 3 12783
6666 4 3 12784
6667 4 1 23110
6668 4 2 12788
6669 4 0 9833
6670 4 2 12794
6671 4 3 12795
6672 9 3 15274
6673 4 0 9832
6674 4 0 9832
6675 4 3 12804
6676 4 6 12805
6677 2 19 21018
6678 4 0 14434
6679 2 6 22241
6680 2 6 12857
6681 2 15 20593
6682 4 1 12858
6683 12 0 12863
6684 12 0 12866
6685 4 1 11473
6686 4 3 15492
6687 2 1 22217
6688 4 2 17277
6689 2 10 20325
6690 4 2 17142
6691 2 15 12880
6692 2 0 25597
6693 4 0 6486
6694 4 6 18454
6695 4 0 9852
6696 2 2 20650
6697 4 1 5116
6698 4 0 9834
6706 4 0 9834
6707 4 0 9834
6708 4 0 9834
6709 4 2 12924
6710 9 1 1102
6711 4 0 9834
6712 15 0 12925
6713 4 1 12928
6714 7 2 18062
6715 7 3 7064
6716 9 3 15274
6717 12 0 8931
6718 12 0 7411
6719 4 2 17134
6720 4 2 28984
6721 4 3 12934
6722 4 3 12935
6723 4 0 4841
6724 4 0 9834
6725 4 6 18469
6726 4 1 16716
6727 4 2 17067
6728 4 0 9834
6729 2 19 20821
6730 4 3 12944
6731 4 3 12945
6732 4 2 12943
6733 4 3 12948
6734 9 4 15274
6735 9 4 15274
6736 9 4 15274
6737 4 1 16852
6738 2 0 19126
6739 2 2 20666
6740 4 2 12977
6741 2 8 20177
6742 4 3 12981
6743 4 0 12984
6744 4 1 16956
6745 4 1 23069
6746 4 6 18507
6747 4 3 12986
6748 4 0 9836
6749 4 0 9823
6750 4 0 12987
6751 4 1 23126
6752 4 2 16988
6753 12 0 12989
6754 1 0 1183
6755 15 0 12991
6756 1 0 12991
6757 4 0 9837
6766 12 0 13002
6767 12 0 12863
6768 12 0 13005
6769 12 0 13005
6770 12 0 13006
6771 12 0 13005
6772 12 0 13005
6773 4 3 13011
6774 4 0 13012
6775 12 0 13005
6776 12 0 13005
6777 12 0 13006
6778 12 0 13005
6779 12 0 13005
6780 4 1 13023
6781 0 0 18100
6782 0 0 13024
6783 12 0 13025
6784 4 2 13026
6785 12 0 7637
6786 4 0 13043
6787 4 0 13046
6788 4 2 17122
6789 4 1 23096
6790 4 0 6012
6791 4 1 17227
6792 4 3 13052
6793 4 3 13053
6794 4 2 17187
6795 4 0 13056
6796 4 0 13057
6797 2 19 21014
6798 2 3 13060
6799 12 0 13061
6800 12 0 13063
6801 4 1 13077
6802 2 7 20010
6803 4 0 15430
6804 2 4 19707
6805 12 0 13082
6806 2 19 13084
6807 0 5 557
6808 12 0 13063
6809 12 0 7425
6810 12 0 13085
6811 0 8 13086
6812 0 0 13100
6826 15 0 6658
6827 15 0 13110
6828 4 6 18476
6829 2 7 20075
6830 2 1 18607
6831 2 15 20292
6832 4 1 23097
6833 4 0 13115
6834 4 1 13116
6835 4 1 13117
6836 4 1 16368
6837 4 0 13119
6838 12 0 9396
6839 12 0 13121
6840 12 0 13122
6841 0 0 4984
6842 0 0 7798
6843 12 0 7922
6844 12 0 18060
6845 12 0 13124
6846 12 0 13125
6847 12 0 13125
6848 12 0 13918
6849 12 0 18054
6850 12 0 13128
6851 0 0 19800
6852 0 0 13129
6866 12 0 13144
6886 2 16 16752
6887 0 5 4811
6888 0 5 18052
6889 7 8 18046
6890 0 5 4113
6891 9 5 811
6892 9 5 1102
6893 13 0 13290
6894 12 0 13291
6895 12 0 13292
6896 2 14 30610
6897 9 0 12547
6898 4 0 21597
6899 4 0 21597
6900 4 1 13337
6901 4 1 23002
6902 4 2 17001
6903 4 1 13357
6904 2 15 20575
6905 2 1 22222
6906 4 3 13361
6907 4 3 16903
6908 4 1 16723
6909 2 8 20185
6910 4 1 13365
6911 4 2 16931
6912 12 0 13370
6913 12 0 13458
6914 12 0 1695
6915 12 0 6564
6916 12 0 13005
6926 0 0 13430
6927 0 0 13433
6928 12 0 13085
6929 0 0 7798
6930 12 0 13435
6931 12 0 2757
6946 2 4 13455
6947 0 8 13710
6948 15 0 6418
6949 0 8 13710
6950 0 8 13710
6951 15 0 13709
6952 12 0 7169
6953 2 5 13466
6966 2 0 19135
6967 2 7 20162
6968 2 4 19771
6969 2 15 20400
6970 4 6 21475
6971 4 3 15327
6972 4 3 22480
6973 4 3 22481
6974 4 3 22482
6975 2 1 22734
6976 2 5 25079
6977 2 8 22731
6978 2 0 19133
6979 2 0 19274
6980 2 15 20601
6981 2 15 20606
6982 2 4 19652
6983 2 4 19773
6984 2 7 20159
6985 2 7 20163
6986 15 0 19495
6987 8 0 6628
6988 12 0 12328
6989 12 0 1150
6990 12 0 13490
6991 12 0 9116
6992 12 0 13493
6993 12 0 13494
6994 12 0 13495
6995 12 0 13703
6996 12 0 13497
6997 12 0 7798
6998 4 1 13500
6999 12 0 2757
7000 4 2 16919
7001 2 19 20824
7002 4 6 4743
7003 4 3 13508
7004 4 1 15042
7005 2 14 6440
7006 12 0 2757
7007 12 0 6340
7026 4 1 17119
7027 4 1 17148
7046 4 1 13649
7047 4 1 17146
7048 4 1 15283
7049 4 1 17143
7050 4 1 15863
7051 4 1 8721
7052 4 1 13664
7053 4 1 23092
7054 4 1 17133
7055 4 1 17112
7056 4 1 15243
7057 4 1 28729
7058 4 1 13671
7059 4 1 13672
7060 4 1 17132
7061 4 1 13678
7062 4 1 13679
7063 4 1 12675
7064 4 1 13681
7065 4 1 13684
7066 4 1 13685
7067 7 10 13686
7068 7 10 20874
7069 7 10 23755
7070 7 10 4136
7071 7 1 13692
7072 7 11 3668
7073 15 0 6002
7074 15 0 7048
7075 7 10 8560
7076 7 10 23754
7077 7 10 21583
7078 7 10 23287
7079 7 10 8025
7080 7 10 13689
7081 7 10 13687
7082 7 10 23284
7083 12 0 7279
7084 9 2 15274
7085 9 2 15274
7086 9 2 15274
7087 9 2 1102
7088 9 2 1102
7089 9 2 1102
7090 9 2 15274
7091 9 2 15274
7092 9 2 15274
7093 9 2 15274
7094 2 10 13711
7095 4 1 16810
7096 15 0 19573
7097 0 5 2474
7098 15 0 3429
7099 15 0 13713
7100 15 0 13715
7101 15 0 13714
7106 4 1 16959
7107 4 3 13758
7108 4 6 18661
7109 4 6 18508
7110 4 1 8720
7111 4 1 14986
7112 4 1 14657
7113 4 1 14678
7114 9 2 1102
7115 2 0 19204
7116 2 15 20602
7117 2 4 19776
7118 2 7 20161
7119 12 0 15507
7120 4 6 22730
7126 12 0 13783
7127 0 0 7171
7128 12 0 13785
7129 4 3 13484
7130 4 3 15288
7131 12 0 13799
7132 4 3 3541
7133 4 3 13011
7134 12 0 13799
7135 12 0 13806
7146 13 0 8735
7147 0 0 13829
7148 7 3 31201
7166 2 15 13848
7167 2 15 6471
7168 0 0 13849
7169 2 15 13848
7170 2 14 13853
7171 2 7 13585
7186 2 19 6081
7187 4 2 16999
7188 4 6 13863
7189 4 1 20622
7190 15 0 20623
7191 7 1 16367
7192 9 3 1102
7206 12 0 18059
7207 12 0 18057
7208 12 0 13885
7209 15 0 13884
7226 12 0 13903
7227 0 0 13905
7228 0 5 13906
7229 4 3 11563
7230 2 5 19610
7231 12 0 7695
7246 12 0 12925
7247 15 0 11449
7248 4 1 8801
7249 12 0 7162
7266 0 0 11181
7267 12 0 18597
7268 12 0 18059
7269 12 0 18057
7270 12 0 13992
7271 12 0 13998
7272 12 0 7143
7273 12 0 14000
7274 12 0 11181
7275 12 0 12328
7276 4 1 23035
7277 4 2 14001
7278 11 2 21330
7279 11 3 1816
7280 4 2 17232
7281 4 2 14002
7282 4 2 3248
7283 4 1 23010
7284 4 2 3992
7285 4 2 14004
7286 7 6 6646
7287 15 0 6629
7288 9 1 1102
7289 9 1 1102
7290 9 1 1102
7291 12 0 1695
7292 12 0 14006
7293 12 0 14007
7294 12 0 14008
7295 12 0 6645
7296 15 0 14019
7297 4 0 21604
7298 2 15 20425
7299 4 1 22021
7306 12 0 14023
7307 0 8 18098
7308 12 0 12328
7309 12 0 8927
7326 2 0 19132
7327 2 15 20398
7328 2 4 19649
7329 2 7 20160
7330 4 6 2632
7331 4 6 26046
7332 4 1 15003
7333 12 0 7276
7334 4 1 16523
7335 4 2 12482
7336 4 3 14069
7337 4 0 24646
7338 4 0 9833
7339 4 0 9835
7340 4 0 9832
7341 4 0 9837
7342 4 0 14432
7343 12 0 7602
7344 4 0 21604
7345 12 0 14305
7346 12 0 14306
7347 12 0 14307
7348 4 2 6735
7349 4 2 17230
7350 4 1 16566
7351 4 1 16563
7352 4 2 14316
7353 4 1 16599
7354 4 1 16605
7355 4 1 16604
7356 4 1 23100
7357 4 1 15906
7358 4 2 2057
7359 4 2 17225
7360 9 1 15274
7361 9 1 1102
7362 9 1 1102
7363 9 1 1102
7364 9 1 1102
7365 12 0 14326
7366 4 1 16601
7367 4 1 16606
7368 4 1 16600
7369 4 1 16607
7370 4 1 16603
7371 11 2 21322
7372 11 3 2585
7373 4 2 14777
7374 4 2 14781
7375 4 2 25674
7376 12 0 18062
7377 4 1 23030
7378 4 2 14803
7386 4 2 14831
7387 4 2 14832
7388 0 0 9134
7389 12 0 3426
7390 4 2 17215
7391 4 2 28734
7392 7 6 6646
7406 4 2 6755
7407 4 2 21900
7408 4 2 11270
7409 4 2 19043
7410 4 2 14803
7411 4 1 23043
7412 4 2 21902
7413 4 2 21298
7414 4 2 21901
7415 4 2 14950
7416 4 3 26032
7417 4 3 26030
7418 4 3 26034
7419 4 1 26043
7420 4 3 30091
7421 4 3 26036
7422 4 3 26037
7423 4 3 26039
7424 4 3 26040
7425 12 0 3920
7426 4 0 9832
7427 4 0 9853
7428 15 0 26371
7429 4 1 14646
7430 4 1 14990
7431 4 1 14644
7432 4 1 16825
7433 4 1 16651
7434 4 1 14645
7435 4 1 14589
7436 4 1 15175
7437 4 1 14647
7438 4 1 14648
7439 4 2 14995
7440 4 2 15001
7441 4 2 21311
7442 12 0 14993
7443 4 2 15000
7444 4 2 14996
7445 4 2 5414
7446 4 1 23062
7447 4 2 14997
7448 4 2 14999
7449 9 1 15274
7450 9 1 1102
7451 9 1 1102
7452 9 1 1102
7453 9 1 1102
7454 4 3 25862
7455 4 3 25868
7456 4 3 30092
7457 4 3 25865
7458 4 3 25860
7459 4 3 25872
7460 4 1 26064
7461 4 3 25861
7462 4 3 25866
7463 4 6 4403
7464 12 0 11180
7465 4 6 26065
7466 4 0 9832
7467 4 0 9853
7468 4 1 15005
7469 4 1 15015
7470 4 1 15911
7471 4 1 15008
7472 4 1 13051
7473 4 1 15014
7474 4 1 15178
7475 4 1 15410
7476 4 1 15012
7477 4 2 17099
7478 4 2 15020
7479 4 2 15307
7480 4 2 15018
7481 4 2 15017
7482 4 2 17194
7483 4 1 23057
7484 4 2 15023
7485 4 2 15016
7486 4 3 22559
7487 4 3 25820
7488 4 3 25824
7489 4 3 25819
7490 4 3 25817
7491 4 3 25822
7492 4 1 26018
7493 4 3 25818
7494 4 3 25821
7495 4 6 18451
7496 4 6 18697
7497 4 0 9850
7498 12 0 13025
7499 12 0 15123
7500 12 0 8031
7506 4 0 15150
7507 4 0 22923
7508 4 0 22923
7509 4 1 22958
7510 4 1 15201
7511 4 1 15223
7512 4 1 15232
7513 2 19 25078
7514 2 19 25076
7515 4 0 25072
7516 0 0 15274
7517 4 1 15398
7518 4 1 15400
7519 4 1 15401
7520 4 1 15909
7521 4 1 15405
7522 4 1 15409
7523 4 1 15402
7524 4 1 15406
7525 4 1 15407
7526 4 1 16838
7527 4 2 17094
7528 4 2 15416
7529 4 2 21292
7530 4 2 15415
7531 4 2 15412
7532 4 2 15417
7533 4 1 23016
7534 4 2 15413
7535 4 2 15411
7536 4 6 26099
7537 4 6 18775
7538 4 3 26087
7539 4 3 3193
7540 4 3 26098
7541 4 3 26089
7542 4 3 26090
7543 4 3 26091
7544 4 1 26097
7545 4 3 26088
7546 4 3 6926
7547 4 0 9846
7548 4 0 15420
7549 4 0 14437
7550 4 0 9854
7551 4 0 15421
7552 4 0 9832
7553 4 0 15422
7554 4 0 15424
7555 4 0 6098
7556 4 0 21598
7557 4 0 15427
7558 4 0 15428
7559 4 0 11919
7560 9 3 1102
7561 9 3 1102
7566 12 0 16204
7567 12 0 15471
7568 12 0 7098
7569 12 0 16203
7586 12 0 7245
7587 12 0 15510
7606 4 3 15721
7607 2 19 20920
7608 4 0 18494
7609 4 0 15564
7610 4 0 21596
7611 4 0 15561
7612 2 1 15576
7613 9 1 1102
7626 12 0 15583
7627 0 0 15590
7628 12 0 13125
7629 0 0 362
7646 12 0 11448
7666 12 0 15685
7667 12 0 8752
7668 15 0 4049
7669 12 0 7045
7670 12 0 1659
7671 12 0 18707
7672 12 0 6014
7673 4 0 9854
7674 12 0 15692
7675 12 0 9717
7676 0 5 18091
7677 2 8 15704
7678 9 5 1102
7679 12 0 7886
7680 12 0 3563
7681 12 0 18519
7682 2 15 6555
7683 2 13 15720
7684 4 1 15800
7685 4 0 15725
7686 4 0 9834
7687 2 4 15726
7688 4 3 15731
7689 2 8 20172
7690 4 2 15753
7691 4 1 16823
7706 2 5 15786
7707 2 5 15795
7708 2 19 20825
7709 4 1 15824
7710 2 10 20360
7711 4 1 12673
7712 4 1 4488
7713 2 10 15806
7714 2 15 20318
7715 12 0 9725
7716 12 0 15685
7717 2 1 22221
7718 4 3 15809
7719 4 3 15811
7720 4 1 16224
7721 2 4 19735
7722 4 0 6522
7723 2 5 21252
7724 4 3 16223
7725 4 0 15817
7726 4 6 18751
7727 4 2 17197
7728 4 1 19109
7729 2 3 15821
7730 2 5 15466
7731 4 0 15420
7732 12 0 15825
7733 12 0 15828
7734 4 0 3410
7735 12 0 13489
7736 2 4 5224
7737 12 0 1246
7738 4 1 16815
7739 4 1 15866
7740 12 0 7366
7741 12 0 15867
7742 9 3 1102
7746 4 0 7899
7747 4 6 18792
7748 4 6 4405
7749 4 0 21595
7750 4 1 13673
7751 4 2 15886
7752 2 4 19670
7753 2 1 19371
7754 4 2 15889
7755 4 2 15890
7756 4 2 15894
7757 2 10 20316
7758 2 6 22238
7759 4 3 15897
7760 4 2 21404
7761 2 0 19210
7766 12 0 29438
7767 12 0 29434
7768 12 0 29436
7769 12 0 29439
7770 12 0 29435
7771 12 0 29437
7786 2 0 15938
7787 4 6 18455
7806 0 5 15963
7807 0 5 15964
7808 0 5 15965
7809 4 0 15966
7810 12 0 15794
7811 12 0 4836
7812 12 0 4829
7813 12 0 1659
7826 2 10 15990
7846 12 0 7886
7847 12 0 1438
7848 12 0 18500
7866 12 0 16023
7867 12 0 16024
7868 15 0 9288
7869 15 0 16028
7870 12 0 18721
7871 12 0 6357
7872 7 11 7411
7886 12 0 4049
7887 12 0 16052
7888 4 0 9854
7906 12 0 16283
7907 15 0 16065
7908 12 0 1134
7909 3 7 13496
7910 3 7 4777
7911 7 7 20657
7912 7 7 4719
7913 4 3 16081
7914 4 3 16080
7915 4 3 16084
7916 4 3 16086
7917 4 3 16087
7918 4 4 16089
7919 4 4 16091
7920 4 3 3409
7921 4 4 16092
7922 4 4 16093
7923 13 0 16100
7924 4 3 6985
7925 4 3 16102
7926 4 4 16103
7927 4 4 16105
7928 4 4 16106
7929 4 3 23538
7930 4 4 16109
7931 4 3 16110
7932 4 3 16111
7933 4 4 16113
7934 4 4 16115
7935 4 4 16117
7936 4 4 16118
7937 4 4 16119
7938 4 4 16124
7939 4 4 24393
7940 2 1 8533
7941 2 0 16126
7942 2 0 5639
7943 2 7 16128
7944 2 7 20221
7945 2 4 5223
7946 2 4 15887
7947 2 15 16130
7948 4 2 16131
7949 4 2 16133
7950 4 2 16134
7951 4 2 17183
7952 4 2 16136
7953 4 2 16137
7954 2 4 19748
7955 2 8 20071
7956 2 5 16146
7957 2 8 16147
7958 2 1 19272
7959 2 6 22234
7960 2 8 23264
7961 2 7 25053
7962 7 0 2460
7963 4 3 16184
7964 0 8 24676
7965 0 8 24686
7966 7 7 24681
7967 0 6 16189
7968 12 0 16190
7969 0 6 16205
7970 0 0 16206
7971 3 7 16209
7972 7 10 16210
7973 7 11 16211
7974 7 8 22193
7975 9 4 15274
7976 9 4 1102
7977 9 4 1102
7978 9 4 15274
7979 9 4 15274
7980 9 4 15274
7981 9 4 15274
7982 9 4 15274
7983 9 4 15274
7984 9 4 15274
7985 9 4 15274
7986 9 4 15274
7987 9 4 15274
7988 9 4 15274
7989 9 4 15274
7990 9 4 15274
7991 9 4 1102
7992 9 4 15274
7993 9 4 15274
7994 9 4 15274
7995 9 4 811
7996 4 1 16548
7997 4 0 41844
8006 2 15 20326
8007 0 0 6496
8008 0 0 7045
8009 12 0 17923
8026 12 0 18722
8027 12 0 18718
8028 9 4 1102
8029 9 4 15274
8030 9 4 1301
8046 9 0 6672
8047 12 0 18719
8048 0 0 16300
8049 12 0 6539
8050 12 0 6851
8051 12 0 16299
8052 12 0 17922
8053 12 0 12410
8066 12 0 16303
8067 6 3 5998
8068 6 3 5998
8069 6 3 5998
8070 12 0 3029
8071 2 19 6093
8072 13 0 9154
8073 12 0 16321
8074 12 0 16322
8075 0 5 6399
8076 0 5 21203
8077 0 5 18078
8078 0 5 18080
8079 0 5 21794
8080 4 4 28398
8081 4 4 28399
8082 4 4 28404
8083 4 4 9388
8084 4 4 28401
8085 4 4 28402
8086 4 4 28403
8087 15 0 9731
8088 4 4 28395
8089 4 4 28396
8090 4 4 25829
8091 4 4 28397
8092 4 4 15340
8093 4 4 25833
8094 4 4 28394
8095 0 0 16325
8106 4 1 16631
8107 4 1 16634
8108 4 1 16636
8109 4 1 23107
8110 4 1 16633
8111 4 1 16637
8112 4 1 16632
8113 4 1 19901
8114 4 1 21459
8115 4 1 16638
8116 4 2 16920
8117 4 2 14701
8118 4 2 14700
8119 4 2 28737
8120 4 1 23038
8121 4 2 14698
8122 4 2 21300
8123 4 2 14697
8124 4 2 14696
8125 4 3 26103
8126 4 3 26105
8127 4 1 26118
8128 4 3 26107
8129 4 3 26108
8130 4 3 26109
8131 4 3 26115
8132 4 3 26110
8133 4 3 26114
8134 4 6 26120
8135 4 6 27339
8136 12 0 1438
8137 4 4 27329
8138 4 4 27330
8139 4 4 27331
8140 4 4 27332
8141 4 4 27334
8142 4 4 27338
8143 4 4 27335
8144 4 4 27336
8146 15 0 3146
8147 15 1 16453
8148 15 1 9660
8149 12 0 16456
8150 7 6 6396
8151 7 11 1249
8152 7 11 2533
8153 7 9 7346
8154 7 6 2874
8155 12 0 16464
8156 4 4 27345
8157 4 4 27340
8158 4 4 27341
8159 4 4 27342
8160 4 4 27343
8161 4 4 27347
8162 4 4 27344
8163 4 4 27346
8164 0 8 1069
8165 7 6 22838
8166 15 0 4433
8167 7 6 21363
8168 7 6 19531
8169 7 6 8952
8170 7 6 16474
8171 7 6 8794
8172 7 6 7354
8173 0 6 26389
8174 4 2 17213
8175 4 2 16482
8176 4 2 16483
8177 2 8 18354
8178 2 8 26591
8179 2 2 18343
8180 2 2 18350
8181 2 3 20728
8182 2 3 20741
8183 2 2 18355
8184 2 19 18346
8185 4 3 16487
8186 2 19 20851
8187 4 3 16488
8188 2 3 20735
8189 4 3 11598
8190 2 7 20081
8191 4 3 16492
8192 4 2 16497
8193 4 2 17151
8194 2 4 19721
8195 4 1 23049
8196 2 7 26572
8197 4 2 16505
8198 4 3 16506
8199 2 8 18342
8200 4 2 16508
8201 4 2 25711
8202 4 2 16510
8203 4 3 16513
8204 4 3 16515
8205 4 3 16516
8206 4 3 16517
8207 4 3 16519
8208 4 3 16520
8209 4 3 16521
8210 4 2 25691
8211 4 2 25689
8212 4 2 18935
8213 4 2 4389
8214 4 2 25693
8215 4 1 23081
8216 4 1 24297
8217 11 2 21331
8218 11 3 1281
8223 2 7 20073
8224 2 7 22232
8225 2 7 20076
8226 2 7 16539
8243 0 5 16547
8244 12 0 18704
8245 4 1 17211
8246 4 1 16766
8247 4 1 17229
8248 4 1 17238
8249 4 1 17216
8250 4 1 17234
8251 4 1 16764
8252 4 1 17236
8253 4 1 17228
8254 4 1 18728
8255 4 2 15411
8256 4 2 17258
8257 4 2 17259
8258 4 2 18470
8259 4 1 23063
8260 4 2 17263
8261 4 2 17321
8262 4 2 17265
8263 4 2 17267
8264 4 3 28451
8265 4 3 26204
8266 4 1 26228
8267 4 3 28726
8268 4 3 26210
8269 4 3 28667
8270 4 3 26220
8271 4 3 21694
8272 4 3 26217
8273 4 4 27373
8274 4 4 27372
8275 4 6 26232
8276 4 4 27374
8277 4 4 27375
8278 4 4 27376
8279 4 4 27379
8280 4 4 27377
8281 4 4 27378
8282 4 6 18790
8283 4 1 17251
8284 4 1 17256
8285 4 1 17262
8286 4 1 13984
8287 4 1 17255
8288 4 1 17271
8289 4 1 17252
8290 4 1 17276
8291 4 1 17261
8292 4 1 17274
8293 4 2 17318
8294 4 2 17317
8295 4 2 17316
8296 4 2 17312
8297 4 1 23066
8298 4 2 17314
8299 4 2 17269
8300 4 2 17313
8301 4 2 17319
8302 4 3 26313
8303 4 3 26314
8304 4 1 26323
8305 4 3 26316
8306 4 3 26312
8307 4 3 26310
8308 4 3 26315
8309 4 3 26317
8310 4 3 26321
8311 4 4 27394
8312 4 4 27389
8313 4 6 26324
8314 4 4 27390
8315 4 4 27391
8316 4 4 27392
8317 4 4 27395
8318 4 4 27393
8319 4 4 27396
8320 4 6 27571
8323 12 0 16598
8343 7 5 12105
8344 12 0 16464
8345 4 2 45176
8346 4 2 16678
8347 4 3 16731
8348 4 2 17226
8349 4 2 8660
8350 4 0 224
8363 12 0 16456
8364 0 5 1208
8365 7 8 1208
8366 15 4 1208
8367 4 3 16729
8368 15 0 21470
8383 15 0 7798
8384 9 1 1102
8385 9 1 1102
8386 9 1 15274
8387 9 1 15274
8388 9 1 1102
8389 9 1 15274
8390 9 1 15274
8391 12 0 1116
8392 12 0 1438
8393 12 0 16776
8394 12 0 10923
8395 9 1 15274
8396 12 0 3759
8397 9 1 15274
8398 9 1 15274
8399 9 1 15274
8400 9 1 15274
8401 9 1 15274
8402 9 1 15274
8403 9 1 1102
8404 9 1 1102
8405 9 1 1102
8406 9 1 1102
8407 9 1 1102
8408 9 1 1102
8409 9 1 1102
8410 0 0 16801
8411 0 0 18114
8412 0 0 16803
8423 0 0 16836
8424 0 0 16837
8425 15 0 6703
8426 15 0 19570
8427 15 0 16860
8428 12 0 16861
8429 15 0 6703
8430 15 0 57625
8431 12 0 7403
8432 0 0 16325
8443 12 0 18725
8444 0 8 7737
8463 12 0 16161
8483 12 0 18085
8484 15 0 18574
8485 15 2 20629
8486 15 2 20629
8487 15 2 20629
8488 15 2 20629
8489 15 2 20629
8490 15 2 20629
8491 15 2 20629
8492 15 2 17292
8493 0 8 17288
8494 15 2 17292
8495 15 2 17292
8496 15 2 17292
8497 15 2 17284
8498 15 2 44666
8499 15 2 20655
8500 15 2 19091
8501 15 2 19091
8502 15 0 12333
8503 15 0 12333
8504 15 0 12334
8505 15 0 12334
8506 15 0 17329
8507 15 0 17329
8508 15 0 11863
8523 12 0 2592
8524 12 0 14993
8525 12 0 7798
8526 12 0 17391
8527 12 0 2592
8528 12 0 17397
8529 0 2 17403
8543 0 5 15851
8544 0 7 17457
8545 0 7 17458
8546 0 8 6412
8547 9 7 6270
8548 0 0 17461
8563 15 5 17785
8564 12 0 18047
8583 15 0 17786
8584 12 0 18717
8585 12 0 15718
8586 15 5 17494
8587 12 0 18723
8588 15 5 17494
8589 15 0 17494
8590 15 0 17494
8591 15 5 17494
8592 15 5 17494
8593 12 0 14326
8594 12 0 7695
8595 15 5 17785
8603 12 0 15734
8623 12 0 18632
8624 4 0 17599
8625 4 0 17600
8626 4 0 17602
8627 15 0 17606
8628 15 0 17606
8629 15 5 17606
8630 15 0 17607
8631 15 5 17608
8632 15 5 17608
8633 15 0 17607
8643 12 0 18050
8644 12 0 18050
8645 12 0 18049
8646 12 0 18049
8647 12 0 12331
8663 12 0 17655
8683 12 0 6410
8684 12 0 18079
8685 12 0 8381
8686 12 0 17685
8687 12 0 7744
8688 4 0 6511
8703 12 0 17776
8704 12 0 18632
8705 12 0 18632
8706 12 0 7841
8707 12 0 8923
8708 2 4 17788
8723 12 0 3918
8724 12 0 17809
8743 9 0 1317
8744 9 0 1317
8745 9 0 1317
8746 4 1 18416
8747 4 2 21298
8748 4 3 28389
8749 4 1 18414
8750 4 2 21312
8751 4 3 28393
8752 4 3 28391
8753 4 2 18418
8754 4 1 18422
8755 4 4 28847
8756 9 0 1317
8757 9 0 1317
8758 9 0 1317
8759 9 0 1317
8760 9 0 1317
8761 9 0 1317
8762 9 0 1317
8763 9 0 1317
8764 9 0 1317
8765 9 0 1317
8766 0 5 926
8767 9 0 1317
8768 9 0 1317
8769 9 0 1317
8770 9 0 1317
8771 9 0 1317
8772 9 0 1317
8773 9 0 1317
8774 9 0 1317
8775 9 0 1317
8776 9 0 1317
8777 9 0 1317
8778 9 0 1317
8779 9 0 1317
8780 9 0 1317
8781 9 0 1317
8782 9 0 1317
8783 9 0 1317
8784 9 0 1317
8785 9 0 1317
8786 9 0 1317
8787 9 0 1317
8788 9 0 1317
8789 9 0 1317
8790 9 0 1317
8791 9 0 1317
8792 9 0 1317
8793 9 0 1317
8794 9 0 1317
8795 9 0 1317
8796 9 0 1317
8797 9 0 1317
8798 9 0 1317
8799 9 0 1317
8800 9 0 1317
8801 9 0 1317
8802 9 0 1103
8803 9 0 1103
8804 9 0 1103
8805 9 0 1103
8806 9 0 1103
8807 9 0 1103
8808 9 0 1103
8809 9 0 1103
8810 9 0 1103
8811 9 0 1103
8812 9 0 1103
8813 9 0 1103
8814 9 0 1103
8815 9 0 1103
8816 9 0 1103
8817 9 0 1103
8818 9 0 1103
8819 9 0 1103
8820 9 0 1103
8821 9 0 1103
8822 9 0 1103
8823 9 0 1103
8824 9 0 1103
8825 9 0 1103
8826 9 0 1103
8827 0 2 48394
8828 9 0 1103
8829 9 0 1103
8830 9 0 1103
8831 7 9 19493
8832 9 0 1103
8833 9 0 1103
8834 9 0 1103
8835 9 0 1103
8836 7 9 19498
8837 9 0 1103
8838 7 9 19492
8839 7 9 19496
8840 9 0 1103
8841 9 0 1103
8842 9 0 1103
8843 9 0 1103
8844 9 0 1103
8845 7 9 17871
8846 7 9 19494
8847 9 0 1103
8848 9 0 1103
8849 9 0 1103
8850 9 0 1103
8851 9 0 1103
8852 9 0 1103
8853 9 0 1103
8854 9 0 1103
8855 9 0 1103
8856 9 0 1103
8857 9 0 1103
8858 9 0 1103
8859 9 0 1103
8860 9 0 1103
8861 9 0 1103
8862 9 0 1103
8863 9 0 1103
8864 9 0 1103
8865 9 0 1103
8866 9 0 1103
8867 9 0 1103
8868 9 0 1103
8869 9 0 1103
8870 9 0 1103
8871 9 0 1103
8872 9 0 1103
8873 9 0 1103
8874 9 0 1103
8875 9 0 1103
8876 9 0 1103
8877 9 0 1103
8878 9 0 1103
8879 9 0 1103
8880 9 0 1103
8881 9 0 1103
8882 9 0 1103
8883 9 0 1103
8884 9 0 1103
8885 9 0 1103
8886 9 0 1103
8887 9 0 1103
8888 9 0 1103
8889 9 0 1103
8890 9 0 1103
8891 9 0 1103
8892 9 0 1103
8893 9 0 1103
8894 9 0 1103
8895 9 0 1103
8896 9 0 1103
8897 9 0 1103
8898 9 0 1103
8899 9 0 1103
8900 9 0 1317
8901 9 0 1317
8902 9 0 1317
8903 9 0 1317
8904 9 0 1317
8905 9 0 1317
8906 9 0 1317
8907 9 0 1317
8908 9 0 1155
8909 9 0 1155
8910 9 0 1155
8911 9 0 1155
8912 9 0 1155
8913 9 0 1155
8914 9 0 1155
8915 9 0 1155
8916 9 0 1155
8917 9 0 1155
8918 9 0 1155
8919 9 0 1155
8920 9 0 1155
8921 9 0 1155
8922 9 0 1155
8923 15 0 1288
8924 15 0 6379
8925 7 11 51756
8926 0 8 13710
8927 0 8 13710
8928 0 8 13710
8929 9 0 1155
8930 9 0 1155
8931 9 0 1155
8932 0 5 21906
8933 9 0 1155
8934 9 0 1155
8935 9 0 1155
8936 9 0 1155
8937 9 0 1155
8938 9 0 1155
8939 9 0 1155
8940 9 0 1155
8941 9 0 1155
8942 9 0 1155
8943 9 0 1155
8944 9 0 1155
8945 9 0 1155
8946 9 0 1155
8947 9 0 1155
8948 0 5 17880
8949 0 2 17882
8950 0 5 6342
8951 0 2 17883
8952 0 5 4112
8953 0 5 17881
8954 9 0 1143
8955 9 0 1143
8956 0 8 2351
8957 0 5 24718
8958 9 0 1143
8959 7 8 24718
8960 9 0 1143
8961 9 0 1143
8962 9 0 1143
8963 9 0 1143
8964 9 0 1143
8965 9 0 1143
8966 9 0 1143
8967 9 0 1143
8968 9 0 1143
8969 9 0 1143
8970 9 0 1143
8971 9 0 1143
8972 9 0 1143
8973 12 0 7373
8974 9 0 1143
8975 9 0 1143
8976 9 0 1143
8977 9 0 1143
8978 9 0 1143
8979 9 0 1143
8980 9 0 1143
8981 9 0 1143
8982 9 0 1143
8983 9 0 1143
8984 0 8 13707
8985 0 8 13707
8986 9 0 1143
8987 9 0 1143
8988 9 0 1143
8989 9 0 1143
8990 9 0 1143
8991 9 0 1143
8992 9 0 1143
8993 9 0 1143
8994 9 0 1143
8995 9 0 1143
8996 9 0 1143
8997 9 0 1143
8998 9 0 1143
8999 9 0 1143
9000 9 0 1143
9001 9 0 1143
9002 9 0 1143
9003 9 0 1143
9004 9 0 1143
9005 9 0 1143
9006 9 0 1143
9007 9 0 1143
9008 9 0 1143
9009 9 0 1143
9010 9 0 1143
9011 9 0 1143
9012 9 0 1143
9013 9 0 1143
9014 9 0 1143
9015 9 0 1143
9016 9 0 1143
9017 9 0 1143
9018 9 0 1143
9019 9 0 1143
9020 9 0 1143
9021 9 0 1143
9022 9 0 1143
9023 9 0 1143
9024 9 0 1143
9025 9 0 1143
9026 9 0 1143
9027 9 0 1143
9028 9 0 1143
9029 9 0 1143
9030 0 1 926
9031 9 0 1143
9032 9 0 1143
9033 9 0 1143
9034 9 0 1143
9035 9 0 1143
9036 0 1 1215
9037 9 0 5563
9038 9 0 5563
9039 9 0 5563
9040 9 0 5563
9041 9 0 5563
9042 2 15 7430
9043 9 0 5563
9044 9 0 5563
9045 9 0 5563
9046 9 0 5563
9047 9 0 5563
9048 9 0 5563
9049 9 0 5563
9050 9 0 5563
9051 9 0 5563
9052 9 0 5563
9053 9 0 5563
9054 9 0 5563
9055 9 0 5563
9056 9 0 5563
9057 9 0 5563
9058 9 0 5563
9059 9 0 5563
9060 7 1 7397
9061 7 1 7921
9062 9 0 5563
9063 9 0 5563
9064 9 0 5563
9065 9 0 5563
9066 9 0 5563
9067 9 0 5563
9068 9 0 5563
9069 9 0 5563
9070 9 0 5563
9071 9 0 5563
9072 9 0 5563
9073 9 0 5563
9074 9 0 5563
9075 9 0 5563
9076 9 0 5563
9077 9 0 5563
9078 9 0 5563
9079 9 0 5563
9080 9 0 5563
9081 9 0 5563
9082 9 0 5563
9083 9 0 5563
9084 9 0 5563
9085 9 0 5563
9086 9 0 5563
9087 9 0 5563
9088 0 2 17889
9089 9 0 5563
9090 9 0 5563
9091 9 0 5563
9092 9 0 5563
9093 9 0 5563
9094 9 0 5563
9095 9 0 5563
9096 9 0 5563
9097 9 0 5563
9098 9 0 5563
9099 9 0 5563
9100 9 0 5563
9101 9 0 5563
9102 9 0 5563
9103 9 0 5563
9104 9 0 5563
9105 9 0 5563
9123 9 0 5563
9124 9 0 5563
9125 9 0 5563
9126 9 0 5563
9127 9 0 5563
9128 9 0 5563
9129 9 0 5563
9130 9 0 5563
9131 9 0 5563
9132 9 0 5563
9133 9 0 5563
9134 9 0 5563
9135 9 0 5563
9136 9 0 5563
9137 9 0 5563
9138 9 0 5563
9139 9 0 5563
9140 9 0 5563
9141 9 0 5563
9142 9 0 5563
9143 9 0 5563
9144 0 1 17893
9145 9 0 5563
9146 9 0 5563
9147 9 0 5563
9148 9 0 5563
9149 4 0 8025
9150 9 0 5563
9151 9 0 5563
9152 9 0 5563
9153 12 0 7629
9154 0 2 15714
9155 0 2 17896
9156 9 0 5563
9157 9 0 5563
9158 9 0 5563
9159 9 0 5563
9160 9 0 5563
9161 9 0 5563
9162 9 0 5563
9163 9 0 5563
9164 9 0 5563
9165 9 0 5563
9166 9 0 5563
9167 9 0 5563
9168 9 0 5563
9169 9 0 5563
9170 9 0 5563
9171 9 0 5563
9172 0 1 17898
9173 12 0 17899
9174 9 0 5563
9175 9 0 5563
9176 9 0 5563
9177 9 0 5563
9178 9 0 5563
9179 0 2 3664
9180 9 0 5563
9181 9 0 5563
9182 9 0 5563
9183 9 0 5563
9184 9 0 5563
9185 9 0 5563
9186 15 0 13709
9187 0 2 17902
9188 9 0 5563
9189 12 0 17911
9190 9 0 1246
9191 9 0 1246
9192 9 0 1246
9193 9 0 1246
9194 9 0 1246
9195 9 0 1246
9196 9 0 1246
9197 0 2 4134
9198 9 0 1246
9199 9 0 1246
9200 9 0 1246
9201 9 0 1246
9202 9 0 1246
9203 9 0 1246
9204 9 0 1246
9205 9 0 1246
9206 0 2 17904
9207 9 0 1246
9208 9 0 1246
9209 9 0 1246
9210 7 11 9731
9211 9 0 1246
9212 9 0 1246
9213 9 0 1246
9214 9 0 1246
9215 9 0 1246
9216 9 0 1246
9217 9 0 1246
9218 9 0 1246
9219 9 0 1246
9220 9 0 1246
9221 9 0 1246
9222 9 0 1246
9223 9 0 1246
9224 0 2 16325
9225 9 0 1246
9226 9 0 1246
9227 9 0 1246
9228 9 0 1246
9229 9 0 1246
9230 9 0 1246
9231 9 0 1246
9232 0 0 17904
9233 0 2 15714
9234 12 0 1399
9235 12 0 3018
9236 12 0 3029
9237 12 0 18093
9238 12 0 8923
9239 2 14 17914
9240 2 4 57786
9241 12 0 17916
9242 15 0 18204
9243 4 0 17918
9244 12 0 7922
9245 12 0 18080
9246 12 0 7038
9247 12 0 3668
9248 12 0 18720
9249 13 0 6709
9250 12 0 811
9251 12 0 7695
9252 12 0 7798
9253 12 0 8927
9254 12 0 1322
9255 12 0 6688
9256 12 0 18021
9257 12 0 18022
9258 12 0 1659
9259 15 0 9860
9260 0 5 18059
9261 15 0 4690
9262 7 11 17957
9263 12 0 8556
9264 0 2 24216
9265 12 0 13100
9266 12 0 3331
9275 12 0 13025
9276 15 0 12332
9277 12 0 17922
9278 12 0 18215
9279 12 0 40635
9280 12 0 40636
9281 12 0 40634
9282 12 0 40632
9283 12 0 18057
9284 12 0 18057
9285 4 4 27362
9286 4 4 27356
9287 4 4 27358
9288 4 4 27359
9289 4 4 27357
9290 4 4 25839
9291 4 4 27360
9292 4 4 27361
9293 9 6 15274
9294 9 6 15274
9295 9 6 15274
9296 9 6 15274
9297 9 6 15274
9298 9 6 15274
9299 13 0 18010
9300 9 6 1301
9301 9 6 15274
9302 9 6 6270
9303 9 6 1301
9304 9 6 1301
9305 9 6 1301
9306 12 0 18026
9307 12 0 6506
9308 12 0 18716
9309 12 0 8931
9310 15 0 18724
9311 0 8 7798
9312 0 8 18066
9313 0 8 18067
9314 0 8 18068
9315 0 8 18070
9316 12 0 40633
9317 0 8 18069
9318 0 8 8733
9319 0 0 25592
9320 12 0 7150
9321 12 0 1288
9322 12 0 8940
9323 12 0 2616
9324 12 0 15770
9325 12 0 8556
9326 12 0 13490
9327 12 0 7356
9328 12 0 18155
9329 12 0 3029
9330 12 0 18158
9331 12 0 18164
9332 15 0 18170
9333 4 0 18172
9334 15 0 18173
9335 15 0 7161
9336 15 0 18174
9355 15 0 9835
9356 15 0 18192
9357 15 0 3233
9358 15 0 18193
9359 2 4 19756
9360 0 5 18059
9361 0 5 18059
9362 4 0 224
9363 15 0 18499
9364 12 0 18057
9365 12 0 18649
9366 4 3 18256
9367 9 4 15274
9368 12 0 9837
9369 12 0 3668
9370 12 0 1093
9371 12 0 16209
9372 2 8 45946
9375 4 2 21295
9376 2 11 18254
9377 2 11 18255
9378 2 0 18257
9379 2 7 20032
9380 2 7 20031
9381 2 19 21025
9382 4 2 28734
9383 2 1 18328
9384 2 15 18264
9385 2 8 20249
9386 2 4 18268
9387 4 4 18430
9388 4 3 18427
9389 4 2 18433
9390 4 1 19056
9391 2 5 18269
9392 2 7 18270
9393 4 0 11410
9394 4 4 21301
9395 4 1 18271
9396 4 3 18274
9397 4 1 22996
9398 4 2 18361
9399 6 2 26498
9400 2 2 20553
9401 2 7 7485
9402 4 2 21403
9403 4 6 18824
9404 4 6 18826
9405 4 3 18283
9406 4 2 18284
9407 4 1 12345
9408 2 10 20274
9409 4 3 18352
9410 4 4 29000
9411 4 3 6480
9412 2 3 18298
9413 2 5 19620
9414 4 2 18434
9415 4 1 18347
9416 2 6 22233
9417 4 0 18308
9418 2 8 20193
9419 2 4 18312
9420 4 2 18322
9421 0 8 8026
9422 2 3 20663
9423 2 5 18324
9424 2 7 18325
9425 2 1 22220
9426 2 2 20556
9427 2 4 22051
9428 4 2 18331
9429 4 1 18376
9430 4 3 18333
9431 4 1 18334
9432 4 4 18378
9433 4 1 18337
9434 4 1 18338
9435 4 3 18339
9436 12 0 18359
9437 12 0 3563
9438 12 0 18712
9439 12 0 11164
9440 12 0 3563
9441 12 0 11164
9442 12 0 18712
9443 12 0 6703
9444 4 6 8296
9445 4 3 18364
9446 2 7 16538
9447 4 0 18365
9448 4 1 18366
9449 2 5 19645
9450 4 2 18367
9451 0 5 926
9452 2 10 20323
9453 2 15 20595
9454 4 1 14749
9455 4 2 18371
9456 2 3 18372
9457 2 4 18373
9458 4 6 18374
9459 2 1 19298
9460 12 0 13998
9461 4 0 3258
9462 12 0 9151
9463 12 0 18021
9464 12 0 7495
9465 2 0 18377
9466 12 0 18379
9467 2 15 20311
9468 12 0 11205
9469 4 3 18382
9470 4 1 18689
9471 12 0 7425
9472 12 0 13025
9473 4 2 18386
9474 4 2 18387
9475 2 6 22209
9476 4 4 18389
9477 2 10 21514
9478 2 0 25598
9479 4 2 18392
9480 2 6 22235
9481 2 1 19309
9482 2 10 20269
9483 2 19 20786
9484 4 1 22426
9485 2 0 18403
9486 2 1 19295
9487 2 3 18405
9488 2 4 18406
9489 2 19 18408
9490 2 8 18409
9491 4 1 14765
9492 4 1 18415
9507 12 0 18426
9508 4 1 18428
9509 4 2 18429
9510 4 3 18431
9511 2 7 20029
9512 4 1 22988
9513 2 10 18438
9514 2 10 20424
9515 4 1 32153
9516 4 1 18440
9517 2 10 20348
9518 4 2 18443
9519 4 1 18444
9520 2 15 20574
9521 2 1 19307
9522 4 6 18447
9523 12 0 17898
9527 2 10 20300
9528 12 0 18473
9529 15 0 12331
9530 12 0 13122
9531 4 4 18497
9532 15 0 12331
9533 4 0 224
9534 4 2 18498
9535 4 3 28169
9536 4 1 18901
9537 15 0 18499
9538 4 0 224
9539 15 0 12925
9540 15 0 14006
9541 15 0 16028
9542 12 0 3093
9543 12 0 22443
9544 12 0 7629
9545 12 0 6015
9546 0 0 1301
9547 12 0 7798
9548 12 0 3093
9549 12 0 3669
9550 12 0 22443
9551 12 0 6015
9552 12 0 7798
9553 12 0 7798
9554 12 0 18500
9555 12 0 3093
9556 12 0 22443
9557 12 0 6015
9558 12 0 7629
9559 12 0 1301
9560 12 0 7798
9561 12 0 18500
9562 12 0 18500
9563 12 0 22443
9564 12 0 18500
9565 12 0 7798
9566 12 0 22443
9567 12 0 6015
9568 12 0 7798
9569 0 0 1301
9570 12 0 3093
9571 12 0 3093
9572 12 0 3669
9573 12 0 7629
9574 12 0 1301
9575 12 0 18500
9576 12 0 3093
9577 12 0 7629
9578 12 0 1301
9579 12 0 7798
9580 12 0 6015
9581 12 0 7798
9587 1 0 21202
9588 4 0 224
9589 12 0 18514
9590 12 0 929
9591 12 0 18517
9592 12 0 18519
9593 12 0 18524
9594 12 0 61417
9595 12 0 18525
9596 12 0 18526
9597 12 0 18527
9598 4 1 19011
9599 4 3 26948
9600 4 1 18911
9601 4 2 28142
9602 2 8 20069
9603 2 10 20432
9604 2 5 18531
9605 4 1 23134
9606 12 0 18532
9607 4 6 18533
9608 2 0 7494
9609 4 1 18991
9618 12 0 18532
9619 12 0 18532
9620 12 0 18532
9621 12 0 18532
9622 4 0 14432
9623 4 1 18883
9624 4 2 28195
9625 4 3 28317
9626 2 1 19302
9627 4 0 11410
9628 12 0 2593
9629 12 0 18568
9630 4 2 4440
9631 4 2 28339
9632 4 2 28283
9633 4 2 28281
9634 4 1 18998
9635 4 1 18915
9636 4 1 4446
9637 4 4 28252
9638 4 3 28118
9639 2 4 28194
9640 4 4 18573
9641 4 0 9854
9642 4 0 9832
9643 4 6 18822
9644 4 0 18575
9645 4 1 18906
9646 4 4 28172
9647 4 2 18577
9648 4 1 28097
9649 4 1 28294
9650 4 3 28279
9651 2 4 18578
9652 4 2 17150
9653 4 1 18579
9654 2 19 28307
9655 4 0 9833
9656 4 4 18580
9657 4 2 28426
9658 4 1 19913
9659 2 4 18583
9660 4 1 28299
9661 4 6 20900
9662 4 4 28295
9663 4 3 28315
9664 4 4 18584
9665 4 1 18586
9666 4 3 28300
9678 2 5 5233
9679 2 1 22223
9680 2 15 20475
9681 0 5 7980
9682 4 2 28284
9683 2 10 20289
9684 2 0 19130
9685 2 1 19311
9686 2 4 19746
9687 4 2 28328
9698 4 2 17186
9699 4 1 28326
9700 2 14 18633
9701 2 14 18634
9702 2 14 18635
9703 4 1 28297
9704 4 2 28296
9705 4 2 17231
9706 4 6 20975
9718 2 7 13488
9719 7 11 13488
9738 12 0 1262
9739 12 0 1262
9740 12 0 1262
9741 12 0 1262
9742 4 1 14710
9743 4 1 27532
9744 4 1 14705
9745 4 1 27533
9746 4 1 14706
9747 4 1 14711
9748 4 1 18883
9749 4 1 27529
9750 4 2 19034
9751 4 2 19033
9752 4 2 17169
9753 4 6 18469
9754 4 1 23034
9755 4 2 19032
9756 4 2 19030
9757 4 2 19029
9758 4 3 22683
9759 4 3 22684
9760 4 3 22685
9761 4 1 25960
9762 4 3 22686
9763 4 3 22687
9764 4 6 18823
9765 4 3 22688
9766 4 1 25947
9767 4 1 25946
9768 4 1 25939
9769 4 0 28023
9770 4 1 23106
9771 4 1 25941
9772 4 1 25942
9773 4 1 25944
9774 4 1 25949
9775 4 2 28177
9776 4 2 16981
9777 4 2 28427
9778 4 6 20826
9779 4 1 28433
9780 4 2 28428
9781 4 2 28431
9782 4 2 28430
9783 4 3 13011
9784 4 3 6987
9785 4 3 25776
9786 4 1 25978
9787 4 3 13484
9788 4 3 25775
9789 4 3 3541
9790 4 6 18657
9791 4 1 27751
9792 4 1 16881
9793 4 1 14736
9794 4 1 27752
9795 4 1 27753
9796 4 1 27754
9797 4 1 27755
9798 4 1 18120
9799 4 1 28477
9800 4 0 27756
9801 4 2 6760
9802 4 2 27761
9803 4 2 27760
9804 4 6 1685
9805 4 1 23108
9806 4 2 2358
9807 4 2 27759
9808 4 2 691
9809 4 2 27758
9810 4 3 6869
9811 4 3 25772
9812 4 1 25975
9813 4 3 25773
9814 4 3 25771
9815 4 3 697
9816 4 6 26121
9817 4 3 25774
9818 4 3 1019
9819 4 1 27860
9820 4 1 27861
9821 4 1 27857
9822 4 1 27858
9823 4 1 10508
9824 4 1 27855
9825 4 1 27853
9826 4 1 27856
9827 4 2 14936
9828 4 2 11581
9829 4 2 28482
9830 4 6 6274
9831 4 1 27768
9832 4 2 27766
9833 4 2 6772
9834 4 2 27764
9835 4 2 11580
9836 4 3 27769
9837 4 3 27783
9838 4 1 27779
9839 4 3 27778
9840 4 3 27777
9841 4 3 27770
9842 4 3 27776
9843 4 6 26060
9844 4 1 28424
9845 4 1 50497
9846 4 1 28418
9847 4 1 15236
9848 4 1 28422
9849 4 1 16638
9850 4 1 12980
9851 4 1 28419
9852 4 1 28425
9853 4 1 28421
9854 4 2 14068
9855 4 2 11956
9856 4 2 28734
9857 4 2 18930
9858 4 6 18488
9859 4 2 26550
9860 4 1 23004
9861 4 2 18929
9862 4 2 14635
9863 4 2 8098
9864 4 3 25980
9865 4 3 25786
9866 4 3 25787
9867 4 1 26251
9868 4 3 25788
9869 4 3 25784
9870 4 3 25991
9871 4 3 26249
9872 4 3 25790
9873 4 6 25988
9874 4 1 28064
9875 4 1 26470
9876 4 1 28088
9877 4 1 28065
9878 4 1 28067
9879 4 1 28057
9880 4 1 28062
9881 4 1 28068
9882 4 0 21603
9883 4 1 28061
9884 4 1 28074
9885 4 2 18904
9886 4 2 3606
9887 4 2 18903
9888 4 6 20873
9889 4 2 18921
9890 4 1 23023
9891 4 2 17129
9892 4 2 18912
9893 4 2 27807
9894 4 2 3169
9895 4 3 27787
9896 4 3 27788
9897 4 3 27784
9898 4 1 27794
9899 4 6 25911
9900 4 3 27791
9901 4 3 27792
9902 4 3 27789
9903 4 3 26163
9904 4 3 27790
9905 4 1 28411
9906 4 1 28415
9907 4 1 11548
9908 4 1 28412
9909 4 1 28410
9910 4 1 28413
9911 4 1 28416
9912 4 1 28409
9913 4 1 28417
9914 4 0 18714
9915 4 1 28414
9916 4 2 17115
9917 4 2 18937
9918 4 6 25940
9919 4 1 23073
9920 4 2 18936
9921 4 2 19010
9922 4 2 18935
9923 4 2 18939
9924 4 2 18934
9925 4 2 18938
9926 4 3 25930
9927 4 3 25931
9928 4 3 25932
9929 4 1 25938
9930 4 3 25933
9931 4 3 25928
9932 4 3 25937
9933 4 3 25934
9934 4 3 25935
9935 4 6 18819
9936 4 1 28010
9937 4 1 16936
9938 4 1 15040
9939 4 1 17130
9940 4 1 27799
9941 4 1 27796
9942 4 1 14613
9943 4 1 27800
9944 4 0 27801
9945 4 1 13664
9946 4 1 28972
9947 4 2 14702
9948 4 2 18944
9949 4 2 18945
9950 4 2 18943
9951 4 1 23018
9952 4 2 18946
9953 4 2 11275
9954 4 2 18947
9955 4 2 18951
9956 4 3 26181
9957 4 3 26183
9958 4 6 26234
9959 4 1 26202
9960 4 3 26185
9961 4 3 26180
9962 4 3 26188
9963 4 3 26200
9964 4 3 26191
9965 4 3 26194
9966 4 4 27348
9967 4 4 27351
9968 4 4 27352
9969 4 4 27511
9970 4 4 27354
9971 4 4 27355
9972 4 4 27350
9973 4 4 27349
9974 4 6 18815
9978 12 0 21296
9998 4 1 24352
9999 4 1 24354
10000 12 0 6338
10001 4 1 19141
10002 4 1 19061
10003 4 1 18835
10004 4 1 24951
10005 12 0 6338
10006 4 1 18837
10007 4 1 19114
10008 4 1 41463
10009 4 1 16764
10010 4 1 15015
10011 4 1 18889
10018 4 1 19111
10019 4 1 18999
10020 4 1 18886
10021 4 1 18949
10022 12 0 16065
10023 4 1 19055
10024 4 1 18860
10025 4 1 41842
10026 4 1 21154
10027 4 1 18865
10028 4 1 18866
10029 4 1 19113
10030 4 1 18872
10031 4 1 19051
10032 4 1 18877
10033 4 1 18879
10034 4 0 13115
10035 4 1 13117
10036 4 1 13116
10037 4 1 18861
10038 4 1 18882
10039 4 1 13051
10040 4 1 13119
10041 4 1 19000
10042 4 1 14606
10043 4 1 20209
10044 4 1 18933
10045 4 1 14450
10046 4 1 16853
10047 4 1 19009
10048 4 1 18914
10049 2 15 20472
10050 1 0 1282
10051 1 0 4056
10052 4 0 18916
10053 4 0 19142
10054 4 0 18924
10055 4 0 18923
10056 4 0 18925
10057 4 1 28158
10058 4 1 28151
10059 4 1 28124
10060 4 1 28125
10061 4 1 44716
10062 4 1 29002
10063 4 1 28123
10064 4 1 28140
10065 4 1 28165
10066 4 1 28155
10067 4 2 19019
10068 4 2 19013
10069 4 2 19014
10070 4 2 19012
10071 4 1 23060
10072 4 2 19017
10073 4 2 21309
10074 4 2 19018
10075 4 2 19020
10076 4 3 19725
10077 4 3 26327
10078 4 6 20972
10079 4 1 26331
10080 4 3 26328
10081 4 3 19718
10082 4 3 26326
10083 4 3 26330
10084 4 3 19720
10085 4 3 26329
10086 4 4 27363
10087 4 4 27364
10088 4 4 27365
10089 4 4 27370
10090 4 4 27366
10091 4 4 27367
10092 4 4 27371
10093 4 6 27432
10094 4 4 27368
10095 4 1 27600
10096 4 1 27601
10097 4 1 27606
10098 4 1 27607
10099 4 1 27602
10100 4 1 27605
10101 4 1 27598
10102 4 1 27609
10103 4 1 27614
10104 4 1 27599
10105 4 2 27716
10106 4 2 27718
10107 4 2 27719
10108 4 1 27721
10109 4 2 27717
10110 4 2 27726
10111 4 2 28590
10112 4 2 27731
10113 4 2 27733
10118 4 3 26291
10119 4 3 26297
10120 4 1 26304
10121 4 3 26293
10122 4 3 26295
10123 4 3 26303
10124 4 3 19708
10125 4 3 26301
10126 4 3 26289
10127 4 4 27426
10128 4 4 27427
10129 4 4 27428
10130 4 4 27429
10131 4 4 27425
10132 4 4 19759
10133 4 4 27430
10134 4 4 27431
10135 4 1 27628
10136 4 1 27630
10137 4 1 27633
10138 4 1 27631
10139 4 1 28852
10140 4 1 27639
10141 4 1 27629
10142 4 1 27640
10143 4 1 27645
10144 4 1 27647
10145 4 2 18974
10146 4 2 27741
10147 4 2 27740
10148 4 1 27743
10149 4 2 27745
10150 4 2 27746
10151 4 2 27739
10152 4 2 18962
10153 4 2 27748
10154 4 3 26127
10155 4 3 26129
10156 4 3 26122
10157 4 3 26123
10158 4 6 26152
10159 4 1 26141
10160 4 3 26139
10161 4 3 26125
10162 4 3 26130
10163 4 3 23490
10164 4 4 27407
10165 4 4 29014
10166 4 4 27411
10167 4 4 27405
10168 4 4 27408
10169 4 4 27413
10170 4 4 27414
10171 4 4 27406
10172 4 1 28109
10173 4 1 28082
10174 4 1 23136
10175 4 1 44717
10176 4 1 28083
10177 4 1 28084
10178 4 1 28112
10179 4 1 28080
10180 4 1 28079
10181 4 1 28078
10182 4 2 19002
10183 4 2 6762
10184 4 2 4382
10185 4 1 23042
10186 4 2 19005
10187 4 2 27809
10188 4 2 17137
10189 4 2 19008
10190 4 2 19001
10191 4 3 26155
10192 4 3 26160
10193 4 3 26156
10194 4 1 26173
10195 4 6 26176
10196 4 3 26162
10197 4 3 26158
10198 4 3 26172
10199 4 3 26163
10200 4 3 26164
10201 4 4 27400
10202 4 4 27402
10203 4 4 27397
10204 4 6 27388
10205 4 4 27398
10206 4 4 27399
10207 4 4 27404
10208 4 4 27401
10209 4 4 27403
10210 4 1 27867
10211 4 1 24291
10212 4 1 15214
10213 4 1 27870
10214 4 1 27868
10215 4 1 28992
10216 4 1 27842
10217 4 1 25198
10218 4 1 27866
10219 4 1 28851
10220 4 2 18977
10221 4 2 18980
10222 4 2 18979
10223 4 2 18978
10224 4 1 23048
10225 4 2 18981
10226 4 2 18985
10227 4 2 18982
10228 4 2 18983
10229 4 3 26265
10230 4 3 26267
10231 4 1 26278
10232 4 3 26269
10233 4 3 26270
10234 4 3 26264
10235 4 3 26274
10236 4 3 26272
10237 4 3 26273
10238 4 4 27380
10239 4 4 27385
10240 4 4 27384
10241 4 4 27387
10242 4 4 27381
10243 4 4 27382
10244 4 4 27383
10245 4 4 27386
10246 4 1 27821
10247 4 1 4272
10248 4 1 16892
10249 4 1 26126
10250 4 1 27824
10251 4 1 16642
10252 4 1 27822
10253 4 1 27823
10254 4 1 28479
10255 4 1 27830
10256 4 2 27847
10257 4 2 27844
10258 4 1 27850
10259 4 2 27846
10260 4 2 27845
10261 4 2 29051
10262 4 2 27843
10263 4 2 27849
10264 4 2 8664
10265 4 3 26239
10266 4 3 26241
10267 4 1 26259
10268 4 3 26244
10269 4 3 26245
10270 4 3 26237
10271 4 6 27806
10272 4 3 27804
10273 4 3 26248
10274 4 3 27805
10275 4 4 27416
10276 4 4 27419
10277 4 4 29003
10278 4 4 27418
10279 4 4 27423
10280 4 4 13206
10281 4 4 27422
10282 4 4 27420
10283 12 0 7357
10284 7 0 12105
10285 7 5 18597
10286 7 10 18953
10287 4 1 16470
10288 4 1 18976
10289 4 1 27862
10290 7 11 983
10298 4 0 9832
10299 4 0 9853
10300 9 2 15274
10301 9 2 15274
10302 9 2 15274
10303 9 2 15274
10304 9 2 15274
10305 0 4 1093
10306 0 4 2616
10307 0 4 1093
10308 0 4 2616
10309 0 4 3331
10310 0 4 3331
10311 9 2 1102
10312 9 2 15274
10313 9 2 15274
10314 9 2 1102
10315 9 2 15274
10316 9 2 15274
10317 9 2 1102
10318 9 2 1102
10319 9 2 15274
10320 9 2 15274
10321 9 2 1102
10322 9 2 15274
10323 9 2 1102
10324 9 2 15274
10325 9 2 1102
10326 9 2 1102
10327 12 0 13121
10328 4 3 19049
10329 4 3 27951
10330 4 3 3519
10331 4 3 15816
10332 4 3 28383
10333 4 3 28382
10338 12 0 8942
10358 4 3 28156
10359 4 1 19917
10360 15 2 19089
10361 15 2 19089
10362 4 6 20910
10363 4 6 26283
10364 4 6 27415
10365 4 6 27803
10366 4 6 20831
10367 4 6 20971
10368 4 4 26351
10369 4 4 26352
10370 4 4 26353
10371 4 4 26354
10372 4 4 26365
10373 4 4 26355
10374 4 4 26364
10375 4 4 26363
10376 4 4 26333
10377 4 4 26362
10378 4 4 26332
10379 4 4 27749
10380 4 4 26334
10381 4 4 26335
10382 4 4 26336
10383 4 4 26337
10384 4 4 19844
10385 4 4 26341
10386 4 4 26339
10387 4 4 26340
10388 4 4 26257
10389 4 4 19843
10390 4 4 26342
10391 4 4 26360
10392 15 2 19089
10393 15 2 59495
10394 15 2 15798
10398 15 2 19115
10399 4 2 9123
10400 4 2 27947
10401 4 2 27946
10402 4 2 21903
10403 4 2 14389
10404 4 1 27854
10405 4 2 17195
10406 4 2 28173
10407 4 3 25777
10408 4 3 27774
10409 4 3 27771
10410 4 2 28385
10411 4 2 27949
10412 4 2 28384
10413 4 2 19125
10414 12 0 17460
10418 12 0 19149
10419 0 0 9711
10420 12 0 2853
10421 4 3 977
10422 4 3 9415
10423 4 3 19201
10424 9 4 15274
10438 12 0 12331
10439 12 0 18099
10440 12 0 18099
10441 12 0 19223
10442 12 0 7148
10443 12 0 3093
10444 12 0 19225
10445 12 0 12925
10446 12 0 19239
10447 12 0 3920
10448 0 0 17917
10449 0 0 17917
10450 12 0 19530
10451 0 0 17917
10452 0 0 19254
10453 0 0 17917
10454 12 0 6513
10455 4 0 6513
10456 15 0 2588
10457 15 0 19284
10458 12 0 7697
10459 12 0 10377
10460 13 0 19312
10461 4 1 19314
10462 4 1 19313
10463 9 2 15274
10464 12 0 19315
10465 12 0 18050
10466 12 0 19316
10467 15 0 1283
10478 12 0 1659
10479 15 0 1283
10498 7 1 19394
10499 4 1 19397
10500 4 1 19399
10501 4 1 19402
10502 4 1 19409
10503 4 1 22423
10504 4 1 19563
10505 7 1 31324
10506 4 1 23161
10507 7 2 18062
10508 2 3 18298
10509 12 0 7050
10510 2 3 20744
10511 12 0 19421
10512 6 3 19422
10513 6 3 19422
10514 7 2 7889
10515 4 0 19461
10518 4 1 23129
10538 12 0 18203
10539 12 0 19830
10540 12 0 19831
10541 12 0 19832
10542 4 3 20813
10543 4 1 20814
10544 2 4 19782
10545 4 1 22420
10546 7 3 7326
10547 2 15 6472
10548 7 3 7326
10549 4 1 19951
10550 4 1 19994
10551 12 0 19459
10552 12 0 19462
10553 4 1 19919
10554 4 1 19918
10555 4 0 6478
10556 12 0 19316
10558 7 1 19477
10559 7 1 19487
10560 7 1 19479
10561 7 1 20620
10562 7 2 25484
10563 12 0 7629
10564 12 0 7629
10565 12 0 7629
10566 12 0 7629
10567 2 2 20649
10568 2 5 19500
10569 15 0 14006
10570 2 1 28796
10571 2 4 19501
10572 2 19 28747
10573 2 8 20149
10574 4 1 19903
10575 15 0 19502
10576 4 0 60692
10577 4 0 7397
10578 4 1 19993
10579 6 2 5996
10580 7 2 19504
10581 4 1 19506
10582 4 2 28654
10583 4 2 28808
10584 4 3 28685
10585 4 0 19507
10586 7 2 7888
10587 4 0 20627
10588 4 1 67049
10589 12 0 20220
10590 12 0 7074
10591 2 4 19519
10592 0 2 19520
10593 12 0 6673
10594 15 0 15692
10595 15 0 16190
10596 4 1 19411
10597 12 0 15706
10598 12 0 7135
10599 12 0 11932
10600 12 0 9150
10601 9 3 15274
10602 9 3 1102
10603 9 3 15274
10604 9 3 15274
10605 9 3 1102
10606 9 3 15274
10607 9 3 1102
10608 9 3 1102
10609 9 3 1102
10610 12 0 19547
10611 2 0 19549
10612 2 0 19550
10613 2 7 19551
10614 2 7 19552
10615 2 7 19553
10616 2 15 19555
10617 2 15 19556
10618 2 15 6436
10619 2 15 19557
10620 7 7 20658
10621 0 0 1301
10622 12 0 19562
10623 2 0 18391
10624 2 2 25604
10625 2 15 20315
10626 2 5 19617
10627 2 10 20259
10628 2 8 20189
10629 4 1 19950
10630 4 1 22928
10631 4 3 28800
10632 4 3 28711
10633 4 4 19900
10634 4 0 9832
10635 4 3 28230
10636 4 2 12415
10637 4 1 14152
10638 4 1 28209
10639 12 0 19566
10640 12 0 2885
10641 12 0 18168
10642 12 0 17893
10643 12 0 3029
10644 9 6 1301
10645 4 0 20626
10646 7 2 20535
10647 7 1 17883
10648 7 11 57388
10649 12 0 19223
10650 12 0 6685
10651 12 0 7050
10652 2 1 22213
10653 4 2 9174
10654 4 1 19949
10655 4 1 20210
10656 4 3 28069
10657 4 1 19991
10658 4 3 28238
10659 4 0 2516
10660 12 0 22484
10661 12 0 20220
10662 12 0 19527
10663 0 0 19576
10664 12 0 7798
10678 12 0 3024
10679 12 0 3024
10680 12 0 3024
10681 12 0 3024
10682 12 0 20219
10683 1 0 19595
10684 0 0 19606
10685 2 5 19599
10686 4 6 20820
10687 0 0 18077
10688 0 0 18077
10689 0 0 18077
10690 0 0 18077
10691 12 0 15736
10692 12 0 15737
10693 12 0 15733
10694 12 0 15734
10695 15 0 12925
10696 2 7 22229
10697 2 15 20570
10698 2 10 20275
10699 12 0 12866
10700 4 1 18832
10701 4 3 28263
10702 4 2 28273
10703 2 15 20297
10704 2 19 28267
10705 4 1 19915
10706 4 3 28336
10707 4 4 19742
10708 4 0 19786
10709 4 0 28291
10710 4 0 9834
10711 4 0 9854
10712 12 0 2533
10713 9 4 6270
10714 12 0 13496
10715 12 0 18155
10716 4 0 20625
10717 12 0 19658
10718 12 0 7842
10719 7 3 16536
10720 4 0 19662
10721 4 2 14832
10722 12 0 19663
10723 4 0 19507
10724 4 1 19665
10725 4 0 19666
10726 4 1 19667
10727 4 0 20539
10728 9 2 1102
10738 12 0 11448
10739 4 0 15422
10740 4 4 28310
10741 4 2 42881
10742 4 1 19710
10743 4 3 28143
10744 2 0 19130
10745 4 2 28330
10746 4 4 28343
10747 4 1 19992
10748 4 2 4385
10749 4 4 19728
10750 2 15 20569
10751 4 1 19920
10752 15 0 19745
10753 12 0 19762
10754 12 0 19763
10755 12 0 19764
10756 2 5 19766
10757 13 0 19767
10758 2 8 19779
10759 12 0 13122
10760 4 2 28683
10761 2 15 20572
10762 4 1 19953
10763 4 4 28783
10764 4 3 28710
10765 4 2 28688
10766 2 19 21027
10767 4 6 20974
10768 4 3 28684
10769 4 0 19785
10770 4 0 19786
10771 4 1 19910
10772 2 0 8466
10773 15 0 15692
10774 4 2 28744
10775 4 4 28694
10776 4 1 22994
10777 4 2 28595
10778 4 0 1399
10779 4 0 16452
10780 4 0 9837
10781 4 2 18470
10782 4 1 19930
10783 4 2 19995
10784 4 3 19793
10785 4 2 14776
10786 4 3 19794
10787 4 1 19796
10788 4 4 19996
10789 12 0 1134
10790 12 0 3032
10791 12 0 5567
10792 12 0 7744
10793 12 0 7744
10794 12 0 7744
10795 4 0 9834
10796 4 0 21602
10797 2 7 20030
10798 4 4 28640
10799 2 6 22242
10800 4 2 19806
10801 4 2 19912
10802 4 1 18968
10803 2 7 20035
10804 2 4 19892
10805 2 0 19127
10806 4 1 19810
10807 4 1 19812
10808 4 1 19813
10818 12 0 3331
10819 12 0 19529
10820 4 1 19932
10821 4 1 28298
10822 15 2 51621
10823 2 7 20086
10824 4 0 9859
10825 2 7 19835
10826 2 10 20293
10827 4 2 28205
10828 2 15 20273
10829 4 0 6494
10830 0 0 25482
10831 12 0 6506
10832 12 0 1246
10833 4 3 19838
10834 15 0 15692
10835 4 6 19840
10836 2 19 20788
10837 2 0 19841
10838 2 4 19869
10839 15 0 16062
10840 15 0 16062
10841 0 5 19873
10842 4 2 22427
10843 4 1 22995
10844 2 10 20258
10845 4 4 19893
10846 4 3 19898
10847 2 7 20571
10858 9 4 1102
10878 2 7 20036
10898 2 7 20095
10918 0 8 37278
10919 4 1 20476
10920 0 8 37278
10921 0 8 37278
10922 0 8 37278
10938 7 12 20608
10939 7 12 20609
10940 7 12 20611
10958 12 0 15658
10959 1 0 20342
10978 7 12 32878
10998 7 12 20610
10999 12 0 20433
11000 13 0 13885
11018 12 0 2480
11019 2 7 20502
11020 12 0 20503
11021 2 3 20504
11022 12 0 20505
11023 15 2 17284
11024 12 0 23217
11025 2 7 20507
11026 15 2 17284
11027 15 2 17284
11038 9 8 11431
11039 9 8 11431
11040 12 0 1442
11041 4 6 20537
11042 2 7 20538
11058 12 0 20558
11078 13 0 4287
11079 13 0 20597
11080 12 0 20597
11081 9 8 11431
11082 7 12 20613
11083 7 12 20614
11084 7 12 35425
11085 13 0 4287
11086 2 7 20031
11087 2 8 20640
11098 9 8 11431
11099 7 7 4691
11100 13 0 4287
11101 9 8 11431
11102 12 0 20692
11103 12 0 3093
11104 12 0 6562
11105 12 0 20710
11106 12 0 20711
11107 12 0 20709
11108 12 0 4110
11109 0 5 7087
11110 15 2 18047
11111 12 0 20692
11112 12 0 20733
11113 12 0 11448
11114 12 0 6668
11115 13 0 4287
11116 15 0 1317
11118 4 0 20769
11119 12 0 21973
11120 2 4 28262
11121 2 7 20094
11122 4 0 21115
11123 4 1 14590
11124 4 3 28196
11125 12 0 2247
11126 12 0 20774
11127 12 0 20775
11128 7 12 21206
11129 12 0 20784
11130 7 12 21206
11131 12 0 20789
11132 12 0 20791
11133 12 0 20797
11134 7 12 20794
11135 7 12 20795
11136 12 0 20796
11137 7 12 20798
11138 7 12 39179
11139 7 12 20784
11140 13 0 20802
11141 12 0 20803
11142 12 0 9167
11143 12 0 20818
11144 7 12 21209
11145 7 12 21209
11146 12 0 9167
11147 12 0 3426
11148 0 0 7629
11149 12 0 6672
11150 9 8 11431
11151 9 8 11431
11152 9 8 11431
11162 12 0 20872
11163 9 8 11431
11164 9 8 11431
11165 9 8 11431
11166 9 8 11431
11167 9 8 11431
11168 9 8 11431
11169 12 0 21032
11170 4 0 21373
11171 12 0 8560
11172 12 0 20893
11173 12 0 20894
11174 7 12 20895
11175 7 12 20896
11176 7 12 20899
11177 7 12 21472
11178 7 12 36271
11179 12 0 20912
11182 0 0 20976
11183 0 0 20976
11184 12 0 6614
11185 12 0 7393
11186 12 0 20977
11187 4 1 25939
11188 12 0 20978
11189 4 1 28178
11190 4 1 28188
11191 4 1 28167
11192 4 1 4685
11193 4 2 19002
11194 4 3 28237
11195 4 4 28185
11196 4 0 9859
11197 13 0 20983
11198 12 0 20984
11199 4 6 20985
11200 4 6 20986
11201 4 6 20987
11202 9 8 11431
11203 9 8 11431
11204 9 8 11431
11205 9 8 11431
11206 9 8 11431
11207 9 8 11431
11208 9 8 11431
11222 12 0 9666
11223 9 8 11431
11224 9 8 11431
11225 9 8 11431
11226 9 8 11431
11227 12 0 6748
11228 15 0 19502
11229 4 3 28306
11230 12 0 20995
11231 12 0 19502
11242 12 0 18169
11243 12 0 15788
11262 4 0 28337
11263 2 19 25077
11264 2 4 19635
11265 2 5 28629
11266 12 0 21072
11267 12 0 21072
11268 12 0 3920
11269 12 0 8560
11270 12 0 7744
11282 12 0 7744
11283 12 0 7744
11284 6 3 19422
11285 6 2 21091
11286 12 0 21092
11287 2 19 21096
11288 2 19 21097
11289 2 19 21098
11290 2 19 21101
11291 7 11 7290
11302 4 0 6515
11303 2 2 8104
11304 2 2 20550
11305 2 2 21111
11306 2 2 20713
11307 2 2 21112
11308 2 2 21113
11309 12 0 7050
11310 4 1 5116
11311 4 1 28731
11312 12 0 8927
11313 12 0 1310
11314 2 13 21462
11315 12 0 21149
11316 12 0 13489
11317 2 1 21159
11318 12 0 21164
11319 12 0 21175
11320 12 0 21189
11321 2 8 21192
11322 2 8 21193
11323 2 8 21194
11324 1 0 19595
11325 0 8 18099
11342 2 1 21238
11343 2 10 21251
11344 4 2 21256
11345 4 2 17212
11362 11 2 21329
11363 11 3 1816
11364 4 0 21338
11365 2 10 21341
11366 12 0 7649
11367 12 0 7726
11368 12 0 16065
11369 2 4 21751
11370 7 7 4691
11371 7 7 7389
11382 3 7 7051
11383 2 4 21362
11384 15 0 7350
11385 15 0 21363
11386 15 0 9292
11387 15 0 3422
11388 15 0 2885
11389 15 0 21364
11390 15 0 6002
11391 15 0 18517
11392 15 0 3307
11393 15 0 7103
11394 15 0 1438
11395 15 0 21365
11402 15 0 21366
11403 15 0 6651
11404 12 0 1504
11405 0 0 21367
11406 15 0 8794
11407 12 0 7170
11408 15 0 21368
11409 15 0 3397
11410 15 0 1496
11411 2 4 6569
11412 12 0 4136
11413 0 0 4136
11414 15 0 7354
11415 0 5 21369
11416 15 0 6631
11417 15 0 4433
11418 15 0 7251
11419 15 0 18047
11420 15 0 21370
11422 15 0 21374
11423 15 0 21375
11424 2 10 21376
11442 15 0 16028
11443 0 8 2376
11444 0 5 2376
11445 12 0 21402
11446 12 0 7695
11462 12 0 21411
11463 12 0 1244
11464 12 0 20219
11465 12 0 20219
11466 12 0 1093
11467 12 0 18725
11468 12 0 1281
11469 4 1 14601
11470 12 0 7695
11471 12 0 20692
11472 12 0 2599
11473 12 0 21414
11474 15 2 18047
11475 4 1 28181
11476 12 0 7112
11477 12 0 21415
11478 12 0 8952
11479 12 0 21416
11480 12 0 3164
11482 15 0 21431
11502 4 2 28217
11503 12 0 21458
11504 12 0 1116
11505 2 13 21461
11506 2 13 21144
11507 12 0 21463
11508 4 1 22034
11509 12 0 1438
11510 12 0 30111
11511 12 0 21469
11512 12 0 21470
11513 12 0 19239
11514 12 0 21471
11515 12 0 21472
11516 12 0 21473
11522 4 0 21608
11542 2 10 21514
11562 12 0 2516
11563 12 0 13496
11564 12 0 4777
11565 12 0 7401
11566 12 0 6496
11567 12 0 1262
11568 15 0 8631
11569 12 0 2599
11570 12 0 1275
11582 15 0 21531
11583 12 0 6410
11584 0 5 6410
11585 4 6 21539
11586 4 6 21540
11587 4 6 21541
11588 2 10 21552
11589 4 6 21553
11590 7 3 7842
11591 2 8 21555
11602 13 0 4287
11603 2 13 23270
11604 4 4 21580
11605 4 4 21574
11606 4 3 21577
11607 2 1 22218
11608 2 5 25046
11609 12 0 21584
11610 9 4 1102
11611 9 4 1102
11612 9 4 1102
11613 12 0 3426
11614 9 4 15274
11615 9 4 15274
11616 0 0 7629
11617 12 0 21586
11622 12 0 22651
11623 4 1 26137
11624 4 1 28788
11625 4 0 21595
11626 4 1 26278
11627 4 3 28658
11628 2 2 28780
11629 2 3 28781
11630 6 3 2418
11631 4 6 21613
11632 4 4 28725
11633 4 4 21898
11634 4 1 28741
11635 2 15 28779
11642 12 0 22651
11643 12 0 22651
11644 12 0 22651
11645 12 0 22651
11646 12 0 22651
11647 12 0 22651
11648 12 0 22651
11649 12 0 22651
11662 4 1 28642
11663 12 0 4775
11664 12 0 4775
11665 4 2 17263
11666 12 0 4775
11667 12 0 4775
11668 12 0 21402
11669 4 0 9837
11670 12 0 4775
11671 12 0 4775
11672 12 0 4775
11673 12 0 4775
11674 12 0 21651
11675 4 2 18979
11676 12 0 4775
11677 4 1 28381
11678 4 4 26654
11679 4 3 28820
11682 12 0 21673
11683 12 0 4775
11684 2 4 23618
11685 4 2 28704
11686 4 2 28763
11702 2 0 28765
11703 4 4 28686
11722 4 3 28721
11723 12 0 21692
11724 12 0 7918
11725 12 0 10530
11726 4 3 28724
11727 12 0 1143
11728 4 3 21694
11729 4 3 28826
11730 4 3 28723
11731 4 3 28666
11732 9 0 1246
11733 9 0 7139
11734 9 0 1103
11735 4 2 21701
11736 9 0 8093
11737 9 0 1134
11742 1 0 20709
11743 2 13 21714
11744 2 13 21715
11745 4 4 28740
11746 4 4 21717
11747 4 2 21719
11748 2 19 28807
11749 4 3 28722
11750 2 10 21723
11751 12 0 21724
11752 12 0 17974
11753 12 0 7986
11754 12 0 22652
11755 4 0 21725
11762 2 0 21752
11763 2 0 19132
11764 4 2 21753
11765 4 3 28806
11766 4 1 21755
11767 4 4 21754
11768 4 1 28785
11782 4 1 21771
11783 4 3 28696
11784 2 7 21773
11785 4 6 18814
11786 2 8 21775
11787 4 4 28669
11802 4 4 19843
11803 2 5 21793
11804 12 0 21794
11805 2 4 28821
11806 4 0 9310
11807 4 1 28825
11808 4 1 28268
11809 2 6 22031
11810 4 0 19767
11811 4 0 21804
11812 4 1 22997
11813 9 8 11431
11814 4 3 21805
11815 4 0 6337
11816 2 1 22212
11817 2 7 21809
11818 12 0 21807
11819 4 0 18725
11820 4 3 28819
11821 4 2 28623
11822 4 1 28660
11823 4 2 28728
11824 4 0 9847
11825 15 2 21833
11826 15 2 59496
11827 9 3 15274
11828 9 3 15274
11829 12 0 2480
11830 12 0 21834
11831 12 0 21835
11832 4 0 19764
11833 12 0 21836
11834 12 0 9518
11835 12 0 10923
11836 12 0 21673
11837 12 0 1438
11838 2 6 22032
11839 4 1 21839
11840 4 0 21842
11841 4 1 28720
11842 4 3 28792
11843 12 0 7798
11844 12 0 1301
11845 1 0 1183
11846 0 5 21845
11847 4 1 28071
11848 4 1 28170
11849 4 3 9644
11850 4 1 23128
11851 4 2 28249
11852 4 3 19575
11853 4 2 28241
11854 2 8 28245
11855 4 0 7494
11856 2 15 28312
11857 2 10 28345
11858 4 1 28260
11859 4 0 21853
11860 2 19 28108
11861 4 3 28171
11862 4 0 6486
11863 2 13 21855
11864 2 6 25632
11865 4 1 16766
11866 4 2 28219
11867 4 3 28332
11868 4 0 9840
11869 4 0 9849
11870 4 0 28226
11871 4 2 28253
11872 4 4 28164
11873 4 1 28325
11874 4 2 28313
11875 4 1 28305
11876 4 2 28233
11882 4 3 27770
11883 15 0 1281
11884 4 1 14649
11885 12 0 12738
11886 12 0 7695
11887 15 0 20709
11888 4 1 28342
11889 4 4 28304
11902 2 7 22227
11903 15 2 20629
11904 4 0 21936
11905 4 0 22753
11906 2 4 28075
11907 2 1 28073
11908 4 1 28063
11909 4 2 17121
11910 4 4 28076
11911 4 1 28198
11912 15 0 8928
11913 4 3 28132
11914 0 0 20791
11915 4 6 18750
11916 4 2 28254
11917 4 1 28255
11918 4 3 28186
11919 4 4 28136
11920 2 0 28679
11921 2 5 25625
11922 2 15 25609
11923 2 4 21956
11924 4 1 28814
11925 4 2 28762
11926 4 3 28712
11927 4 4 21961
11928 4 0 21962
11929 4 1 28736
11930 4 1 21965
11931 2 1 28719
11932 2 10 21968
11933 4 0 28784
11934 4 0 28733
11935 4 0 28795
11936 4 1 28242
11937 15 0 1168
11938 15 0 4056
11939 15 0 14432
11940 15 0 9657
11941 15 0 7798
11942 15 0 7629
11943 15 0 7744
11944 15 0 21970
11945 4 0 9840
11946 4 0 9854
11947 12 0 21971
11948 0 0 20791
11949 12 0 21972
11950 0 8 21973
11951 0 5 21974
11952 0 8 21975
11953 0 0 20791
11954 12 0 21976
11955 15 0 21977
11962 4 1 17229
11963 4 2 28232
11964 2 4 28203
11965 4 0 9837
11966 15 0 1168
11967 4 0 9835
11968 4 0 9836
11969 4 0 9839
11970 4 0 9842
11971 4 0 9840
11972 4 0 4284
11973 4 0 224
11974 4 0 3666
11975 4 0 9835
11976 4 0 9834
11977 4 0 9833
11978 4 0 9834
11979 4 0 9836
11980 4 0 9837
11981 4 0 3666
11982 4 0 9823
11983 4 0 9837
11984 4 0 9832
11985 4 0 9847
11986 4 0 9849
11987 4 0 9840
11988 4 0 9833
11989 4 0 9847
11990 4 0 9834
11991 4 0 3666
11992 4 0 9839
11993 4 0 9836
11994 4 0 9832
11995 4 0 9837
11996 4 0 9823
11997 4 0 9847
11998 4 0 3666
11999 4 0 4284
12000 2 1 28207
12001 4 0 3666
12002 4 0 9834
12003 0 5 18115
12004 4 0 3666
12005 4 0 3666
12006 4 0 9833
12007 4 0 4284
12008 4 0 224
12009 4 0 9837
12010 4 0 9834
12011 4 0 9833
12012 4 0 9847
12013 4 0 9836
12014 4 0 9835
12015 4 0 9833
12016 4 0 9847
12017 4 0 9839
12018 4 3 28135
12019 4 0 6539
12020 4 0 9860
12021 4 4 23483
12022 4 0 9658
12023 4 0 9853
12024 4 0 9859
12025 4 0 9852
12026 4 0 9657
12027 4 0 9858
12028 4 0 9857
12029 4 0 6539
12030 4 0 15420
12031 4 0 9859
12032 4 0 15420
12033 15 0 22020
12034 4 0 9859
12035 4 0 15420
12036 4 0 9860
12037 7 8 25480
12038 4 0 224
12039 4 0 9657
12040 4 0 6539
12041 4 2 28429
12042 4 0 9852
12043 4 0 9857
12044 4 0 9859
12045 4 0 15420
12046 4 0 6539
12047 4 0 9852
12048 4 0 9657
12049 4 3 28244
12050 4 1 4272
12051 4 3 28090
12052 4 0 9837
12053 4 0 3666
12054 4 0 9834
12055 4 0 9840
12056 4 0 9832
12057 4 0 9836
12058 4 0 3666
12059 4 0 4841
12060 12 0 6270
12061 2 7 28086
12062 2 15 25611
12063 2 6 22031
12064 4 1 22036
12065 4 0 22037
12066 4 1 28251
12082 4 2 28176
12083 4 1 28190
12102 4 0 9840
12103 4 0 23717
12104 4 2 28095
12105 4 3 28234
12106 4 4 28089
12107 4 1 28182
12108 4 3 28070
12109 4 1 21771
12110 4 1 28240
12111 4 4 28202
12112 4 3 28139
12113 4 1 28210
12114 4 2 28222
12115 4 4 28224
12122 15 0 2593
12142 2 7 8090
12143 13 0 22071
12144 13 0 22299
12162 9 4 1102
12163 9 4 1102
12164 9 4 1102
12182 2 10 22178
12183 2 4 22180
12184 7 8 25467
12185 4 1 35174
12186 12 0 22185
12187 4 4 15897
12188 4 4 15897
12189 4 4 15897
12190 0 1 17403
12191 12 0 22192
12192 12 0 16028
12202 7 8 2599
12203 7 8 25466
12204 7 8 25472
12205 7 8 22193
12206 7 8 22193
12207 7 8 18052
12208 7 8 2599
12209 0 5 22194
12210 0 5 20803
12211 0 5 22196
12212 0 5 21473
12213 0 5 25469
12214 0 5 22198
12215 0 5 22198
12216 0 5 22196
12217 0 5 21473
12218 0 5 6353
12219 12 0 19330
12220 12 0 7025
12221 2 20 20618
12222 4 0 16548
12223 7 8 6704
12224 0 5 22200
12225 2 20 20618
12226 9 5 811
12227 9 5 1102
12228 9 5 1301
12229 9 5 1301
12230 12 0 22202
12231 9 5 1301
12232 9 5 1301
12233 9 5 1301
12234 12 0 22203
12235 12 0 15793
12236 12 0 15734
12237 12 0 22193
12238 0 5 33571
12239 9 5 1301
12240 9 5 1301
12241 12 0 1659
12242 12 0 22207
12243 2 6 5290
12244 4 4 15897
12245 4 4 15897
12246 0 0 22243
12247 2 15 22247
12248 2 15 22248
12249 2 1 22249
12250 2 1 22250
12251 2 10 22252
12252 2 10 28699
12253 4 1 28690
12254 4 1 23079
12255 4 1 4765
12256 4 1 16764
12257 4 3 28777
12258 4 3 22256
12259 2 15 4119
12260 2 15 22258
12261 9 4 15274
12262 12 0 22271
12263 12 0 22271
12264 15 0 20629
12282 2 1 22291
12283 12 0 7050
12284 12 0 22293
12285 2 1 18607
12286 12 0 22299
12287 12 0 22303
12288 12 0 8381
12289 12 0 22304
12290 2 0 22319
12291 12 0 6703
12292 12 0 7913
12293 12 0 7331
12294 2 1 22598
12295 4 1 28204
12296 2 19 28248
12297 2 7 22366
12298 2 15 22367
12299 4 1 28221
12300 12 0 6506
12301 13 0 22377
12302 15 5 17608
12303 15 5 17608
12304 2 7 22378
12322 2 10 22391
12323 12 0 7366
12324 12 0 7366
12325 15 5 17607
12326 15 5 17607
12327 15 5 17607
12328 2 10 22394
12329 2 10 22395
12330 15 5 16208
12331 2 8 22402
12332 2 15 22403
12333 2 6 22404
12334 12 0 6563
12335 12 0 6496
12336 12 0 2516
12337 12 0 6006
12338 2 6 22411
12339 12 0 18721
12340 12 0 6614
12341 12 0 22414
12342 12 0 16206
12343 12 0 6417
12344 4 0 22415
12345 12 0 19595
12346 12 0 22416
12347 12 0 22417
12348 2 0 22319
12349 12 0 15773
12350 12 0 22429
12351 15 5 16207
12352 12 0 7366
12353 15 5 13108
12354 15 5 25132
12355 12 0 19462
12356 12 0 22436
12357 7 0 20656
12358 12 0 22443
12359 7 7 22444
12360 7 7 14993
12361 3 7 1659
12362 7 0 4775
12363 3 7 18707
12364 3 7 6851
12365 7 7 23148
12366 12 0 21366
12367 12 0 22464
12368 12 0 12332
12369 12 0 10275
12382 13 0 22477
12383 12 0 19528
12384 12 0 22483
12385 0 0 22485
12402 12 0 18050
12403 2 6 22492
12404 0 8 24677
12405 4 4 25751
12406 4 4 22550
12407 4 4 22534
12408 4 4 25753
12409 4 4 25752
12410 4 4 25856
12411 12 0 22484
12412 12 0 20220
12413 4 4 22520
12414 4 4 22951
12415 4 3 25742
12416 4 3 25740
12417 4 3 25826
12418 4 3 25744
12419 4 3 25741
12420 4 3 25745
12421 2 10 22563
12422 4 4 25749
12423 4 4 22517
12424 4 4 24514
12425 4 4 24511
12426 4 4 24513
12427 4 4 24510
12428 4 4 24509
12429 4 4 24506
12430 12 0 19800
12431 12 0 19800
12432 12 0 19800
12433 12 0 19800
12434 12 0 19800
12435 12 0 19800
12436 12 0 19800
12437 12 0 8928
12438 12 0 3029
12439 0 0 22611
12440 0 8 11947
12441 0 0 22612
12442 4 0 22617
12443 4 0 22618
12444 12 0 16283
12445 12 0 11448
12446 2 3 28060
12447 2 2 20723
12448 2 3 28206
12449 2 2 28235
12450 12 0 22634
12451 12 0 22636
12452 4 6 22635
12453 4 6 22637
12454 4 6 22638
12455 12 0 22639
12456 4 6 22640
12457 12 0 22641
12458 12 0 22642
12459 12 0 22634
12460 12 0 22643
12461 2 1 22645
12462 4 1 28272
12463 2 8 20198
12464 4 2 28680
12465 4 1 22989
12466 4 1 28190
12467 12 0 6504
12468 2 19 6097
12469 2 8 22654
12470 4 2 22656
12471 4 0 18437
12472 12 0 7841
12482 2 0 22672
12502 2 0 22695
12522 4 2 28077
12523 2 3 20726
12524 12 0 22716
12525 12 0 9151
12526 0 8 9666
12527 2 0 21952
12528 2 5 28673
12529 15 0 22717
12530 12 0 18047
12531 2 15 22721
12532 2 10 22722
12533 0 0 18125
12534 12 0 9666
12535 2 7 22733
12542 4 1 26053
12543 4 0 9837
12544 4 0 9837
12545 4 0 9837
12546 4 1 28637
12547 4 2 28797
12548 4 0 9837
12549 4 3 15501
12550 4 4 28824
12551 4 1 28695
12552 4 1 23111
12553 4 2 28670
12554 4 1 28771
12555 4 4 27829
12556 4 1 22779
12557 4 4 28727
12558 12 0 22765
12562 12 0 3331
12563 12 0 5567
12564 12 0 22771
12565 15 0 20629
12566 12 0 21673
12567 12 0 22785
12582 2 15 28789
12583 2 6 22792
12584 2 7 31966
12585 15 0 6418
12586 0 8 22793
12587 4 2 22794
12588 4 3 22795
12589 4 1 21796
12590 2 15 25613
12591 2 10 22802
12592 2 8 22906
12593 2 7 22814
12602 4 6 23419
12603 4 2 8725
12604 4 1 22833
12605 2 19 24107
12606 4 2 22837
12607 12 0 22838
12608 4 1 28693
12609 4 1 22843
12610 4 4 23490
12611 4 4 23486
12612 4 4 23491
12613 4 4 19730
12614 4 4 23485
12615 4 3 22860
12616 4 3 22861
12617 4 3 22869
12618 4 4 25746
12619 4 4 22882
12620 4 4 22886
12621 2 0 22885
12622 12 0 2599
12623 12 0 2599
12624 4 3 25754
12625 4 4 25827
12626 4 1 14618
12627 12 0 6338
12628 4 4 22892
12629 2 0 22893
12630 12 0 1310
12631 4 4 25747
12632 4 3 25835
12633 4 4 22901
12634 4 3 22907
12635 12 0 7798
12636 4 3 22908
12637 4 4 22910
12638 12 0 22911
12639 4 4 25750
12640 4 4 22920
12641 4 3 25748
12642 12 0 1695
12643 0 8 24687
12644 7 7 24682
12645 0 6 22924
12646 12 0 7393
12647 12 0 4777
12648 12 0 7045
12649 12 0 6851
12650 0 0 22926
12651 2 18 22929
12652 12 0 7649
12653 2 2 28813
12654 6 2 22931
12655 7 7 22445
12662 7 11 22952
12663 12 0 22953
12682 9 4 15274
12683 9 4 15274
12684 9 4 15274
12685 9 4 15274
12686 2 15 22971
12687 9 4 1102
12688 9 4 1102
12689 9 4 15274
12690 9 4 1102
12691 9 4 15274
12692 9 4 15274
12693 9 4 15274
12694 9 4 15274
12695 9 4 15274
12696 9 4 1102
12697 9 4 15274
12698 9 4 1102
12699 9 4 1102
12700 9 4 1102
12701 9 4 1102
12702 9 4 15274
12703 9 4 1102
12704 9 4 15274
12705 9 4 1102
12706 9 4 1102
12707 9 4 1102
12708 12 0 11449
12709 2 15 22977
12710 12 0 22979
12711 9 4 1102
12712 0 0 15794
12713 9 4 15274
12714 9 4 1102
12715 9 4 1102
12716 9 4 1102
12717 9 4 6270
12718 9 4 1102
12719 9 4 1102
12720 9 4 1102
12721 12 0 23713
12722 12 0 23714
12723 12 0 23715
12724 12 0 23146
12725 9 4 6270
12726 9 4 6270
12727 9 4 6270
12728 9 4 1102
12729 0 8 2533
12730 12 0 4110
12731 12 0 23150
12732 12 0 19497
12733 12 0 1116
12734 12 0 7403
12735 12 0 21416
12736 12 0 21473
12737 12 0 1442
12738 12 0 13290
12739 12 0 21807
12740 12 0 20220
12741 12 0 22484
12742 2 14 23171
12743 4 0 23171
12744 2 14 23172
12745 4 0 23172
12746 2 14 23173
12747 2 14 23173
12748 2 14 23174
12749 4 0 23174
12750 2 14 23175
12751 2 14 23177
12752 4 1 23197
12753 12 0 19316
12754 2 1 23198
12755 2 8 22906
12756 4 2 23199
12757 4 2 23200
12762 12 0 23201
12763 0 5 26735
12764 2 8 23224
12765 12 0 1093
12766 12 0 1093
12767 2 15 16130
12768 12 0 1093
12769 2 1 25600
12770 12 0 23229
12771 12 0 22429
12772 2 5 23230
12773 2 0 23234
12774 2 0 23236
12775 2 1 23434
12776 2 5 23240
12777 2 7 23241
12778 12 0 9126
12779 2 0 23243
12780 12 0 16161
12781 2 4 23244
12782 2 8 24255
12783 2 15 23248
12784 2 1 23904
12785 12 0 3116
12786 2 4 23253
12787 2 4 23254
12788 2 4 23255
12789 15 0 17514
12790 2 8 24813
12791 2 15 23262
12792 2 4 23267
12793 4 2 23266
12794 2 4 7438
12795 2 13 23271
12796 2 5 25047
12797 2 7 23274
12798 2 0 28849
12799 3 7 6496
12800 3 7 4775
12801 2 14 23281
12802 2 6 23283
12803 7 10 23285
12804 7 11 23286
12805 4 0 23727
12806 12 0 23289
12807 12 0 6748
12808 7 10 23291
12809 7 7 21072
12810 7 6 23292
12811 7 11 23293
12812 12 0 23294
12813 12 0 1288
12814 12 0 18080
12815 12 0 23295
12816 9 4 15274
12817 9 4 1102
12818 9 4 1102
12819 9 4 1102
12820 0 2 15787
12821 9 4 1102
12822 12 0 2885
12823 9 4 1102
12824 9 4 15274
12825 9 4 15274
12826 9 4 15274
12827 9 4 15274
12828 9 4 15274
12829 12 0 7918
12830 9 4 1102
12831 9 4 1102
12832 9 4 1102
12833 9 4 1102
12834 9 4 1102
12835 9 4 1102
12836 9 4 1102
12837 9 4 1102
12838 9 4 1102
12839 9 4 1102
12840 12 0 23722
12841 12 0 23720
12842 12 0 1155
12843 12 0 23721
12844 12 0 23717
12845 12 0 9857
12846 4 0 23716
12847 12 0 23315
12848 12 0 23315
12849 12 0 20342
12850 2 14 23316
12851 4 0 23316
12852 2 14 23317
12853 4 0 23317
12854 2 14 23318
12855 4 0 23318
12856 2 14 23319
12857 4 0 23319
12858 2 14 23320
12859 4 0 23320
12860 4 0 23177
12861 4 0 23175
12862 2 14 23321
12863 4 0 23321
12864 2 14 23322
12865 4 0 23322
12866 2 14 23323
12867 4 0 23323
12868 2 14 23324
12869 4 0 23324
12870 4 0 6533
12871 15 0 23332
12882 2 8 23355
12883 2 4 23357
12884 0 0 23358
12885 0 0 2622
12886 0 0 23370
12887 12 0 23371
12888 12 0 23371
12889 2 8 23379
12890 2 7 12274
12891 12 0 23383
12892 2 7 23386
12893 4 6 23387
12894 0 0 224
12895 4 4 28335
12896 12 0 23398
12897 12 0 23398
12898 12 0 23398
12899 12 0 23398
12900 12 0 1103
12901 2 5 23401
12902 2 8 23405
12903 4 3 23473
12904 4 1 23411
12905 4 1 28605
12906 12 0 2357
12907 12 0 18059
12922 0 0 18057
12923 12 0 23432
12924 0 0 6623
12925 12 0 23436
12926 4 0 23435
12927 4 2 28630
12928 12 0 23440
12929 4 0 9658
12930 4 0 8232
12931 4 6 23445
12932 4 6 23446
12933 4 6 23447
12934 2 4 23448
12935 4 4 28625
12936 4 4 22752
12937 2 10 2388
12938 12 0 15788
12939 2 7 25647
12940 2 7 25648
12941 2 19 23455
12942 12 0 23458
12943 2 10 23465
12944 2 7 23472
12945 4 3 23473
12946 12 0 23475
12947 4 0 23496
12948 4 0 23497
12949 2 8 23508
12950 2 5 23509
12951 2 1 3243
12952 4 4 23519
12953 4 3 15327
12954 12 0 1134
12955 12 0 23521
12956 12 0 23527
12957 12 0 23526
12958 9 6 1301
12959 2 10 23539
12960 4 2 23544
12961 4 6 23545
12962 4 2 23546
12963 4 2 23547
12964 4 3 23548
12965 4 1 23551
12966 4 2 23552
12967 4 1 23553
12968 4 1 23554
12969 2 5 23557
12970 4 4 26387
12971 2 7 23561
12972 2 7 23561
12973 13 0 23562
12974 2 7 28676
12975 2 1 28804
12976 2 7 8272
12977 4 1 16642
12978 4 3 28448
12979 4 1 28661
12980 4 6 23568
12981 4 6 23569
12982 4 3 28452
12983 2 5 28809
12984 2 19 28738
12985 4 0 28812
12986 2 17 7480
12987 4 1 28648
12988 4 2 28375
12989 2 6 28758
12990 2 0 28810
12991 2 15 23573
12992 2 8 20071
12993 2 7 23574
12994 4 3 27778
12995 4 6 23575
12996 4 0 24646
12997 4 6 28811
12998 4 1 28651
12999 4 2 28370
13000 2 10 28701
13001 4 0 9833
13002 4 0 4841
13003 2 1 28794
13004 2 19 28631
13005 4 1 28951
13006 2 4 28799
13007 4 1 28616
13008 4 1 28646
13009 4 2 28700
13010 4 3 28438
13011 4 2 28372
13012 4 3 28596
13013 4 1 28643
13014 2 0 25594
13015 2 0 28748
13016 2 1 28791
13017 2 1 25599
13018 2 1 23228
13019 2 2 28772
13020 2 2 25602
13021 2 2 28801
13022 2 2 28766
13023 2 2 25606
13024 2 4 28671
13025 2 4 28706
13026 2 4 28776
13027 2 4 28689
13028 2 4 28681
13029 4 0 24122
13030 4 0 28647
13031 4 0 28803
13032 2 7 25639
13033 2 7 28594
13034 2 7 28708
13035 2 7 25640
13036 2 7 25641
13037 2 18 22929
13038 2 18 25607
13039 2 18 25608
13040 2 18 22929
13041 2 8 28768
13042 2 8 28678
13043 2 8 28675
13044 2 8 28714
13045 2 5 25627
13046 2 5 28677
13047 2 5 25626
13048 2 4 25623
13049 2 8 28707
13050 2 10 23586
13051 2 8 28598
13052 2 8 28624
13053 2 8 28717
13054 2 6 28764
13055 2 6 18388
13056 2 6 12562
13057 2 6 25630
13058 2 6 28790
13059 2 6 25633
13060 2 6 28672
13061 2 10 23590
13062 2 19 28633
13063 2 19 28697
13064 2 19 28787
13065 2 19 28626
13066 4 4 28351
13067 4 4 28355
13068 4 4 28362
13069 2 10 23594
13070 4 4 28353
13071 4 4 28354
13072 4 4 28352
13073 4 4 28360
13074 4 4 21961
13075 4 4 28716
13076 4 4 28357
13077 4 4 28364
13078 2 10 23601
13079 4 6 28742
13080 4 1 23604
13081 4 6 18790
13082 4 6 25134
13083 4 6 25133
13084 4 0 6497
13085 4 0 9657
13086 15 5 23606
13087 4 0 9860
13088 4 0 6522
13089 4 0 6497
13090 4 3 23605
13091 4 0 23717
13092 4 2 23607
13093 4 0 28682
13094 4 0 26537
13095 4 0 9834
13096 4 0 23629
13097 4 0 9839
13098 4 0 23608
13099 4 1 28617
13100 4 1 28645
13101 4 1 28597
13102 4 1 28974
13103 4 1 28612
13104 2 0 23617
13105 4 1 28657
13106 4 1 28656
13107 4 1 28619
13108 4 1 28614
13109 4 1 28609
13110 4 2 28368
13111 4 2 28664
13112 4 2 28601
13113 4 2 28739
13114 4 2 17031
13115 4 2 28745
13116 4 2 28709
13117 4 2 28802
13118 4 2 28369
13119 4 2 28735
13120 4 2 28373
13121 4 1 28602
13122 4 1 28652
13123 4 3 28663
13124 4 3 28441
13125 4 3 28439
13126 4 3 28434
13127 4 3 28440
13128 4 3 28662
13129 4 3 28437
13130 4 3 28447
13131 4 3 28444
13132 4 3 28443
13133 4 3 28665
13134 4 3 28435
13135 4 3 28668
13136 2 3 21071
13137 2 3 28786
13138 2 3 28634
13139 2 3 28769
13140 12 0 7827
13141 4 0 9860
13142 4 4 23628
13143 4 0 23629
13144 4 1 28649
13145 4 4 28356
13146 2 3 28743
13147 2 2 23639
13148 2 6 25631
13149 0 0 1103
13150 2 8 23656
13151 0 0 1317
13152 0 0 1134
13153 0 0 7139
13154 0 0 6672
13155 0 0 23658
13156 0 0 2516
13157 12 0 23659
13158 12 0 1155
13159 12 0 6371
13160 2 8 23669
13161 2 10 23673
13162 4 4 23675
13163 2 8 23683
13164 4 0 6006
13165 2 7 23692
13166 4 4 23704
13167 2 5 25180
13168 4 4 23559
13169 4 2 23710
13170 4 1 28713
13171 4 0 24060
13172 12 0 11449
13173 15 0 23723
13174 12 0 23725
13175 2 2 25603
13176 12 0 23726
13177 4 0 6494
13178 4 0 23728
13179 4 3 23730
13180 12 0 23731
13181 4 1 23732
13182 2 7 23734
13183 2 4 24740
13184 4 2 23736
13185 4 1 23737
13186 12 0 21673
13187 12 0 21673
13188 12 0 21673
13189 12 0 21673
13190 12 0 23739
13191 12 0 19547
13192 12 0 15791
13193 12 0 22191
13194 12 0 23740
13195 12 0 23741
13196 12 0 23741
13197 12 0 23740
13198 2 13 23742
13199 4 3 28436
13202 12 0 1103
13203 4 1 23747
13204 2 4 25619
13205 4 6 23750
13206 4 1 23753
13207 12 0 1310
13208 4 2 23760
13209 4 0 23763
13210 4 2 23765
13211 4 3 23769
13212 4 0 23766
13213 4 0 16209
13214 4 4 23775
13215 12 0 23776
13216 4 1 23777
13217 4 0 28830
13218 2 15 23791
13219 4 0 23497
13220 2 4 23792
13221 4 0 23797
13222 2 7 23798
13223 12 0 1283
13242 4 2 23824
13243 4 6 25133
13244 4 3 23827
13245 4 6 23835
13246 2 7 23836
13247 15 0 12333
13248 2 3 8257
13249 2 10 23837
13250 12 0 23842
13251 12 0 23843
13252 4 2 23844
13253 4 1 23846
13254 4 6 23847
13255 4 3 23849
13256 12 0 23850
13257 4 2 23852
13258 4 2 23853
13259 4 4 23856
13260 4 3 23861
13261 4 0 23867
13262 2 8 23875
13282 4 1 18905
13283 4 0 23435
13284 4 3 23901
13285 2 1 23908
13286 2 0 23909
13287 9 1 1102
13288 9 1 1102
13289 12 0 23914
13290 2 19 23917
13291 2 19 23918
13292 2 19 23919
13293 2 19 23920
13294 0 0 23923
13302 13 0 4287
13303 13 0 4287
13304 13 0 4287
13305 13 0 4287
13306 13 0 4287
13307 13 0 4287
13308 9 3 1102
13309 9 3 1102
13310 9 3 1102
13311 9 3 1102
13312 2 4 23948
13313 12 0 1103
13314 4 1 24760
13315 4 0 23955
13316 2 8 23969
13317 15 5 17494
13318 4 6 23976
13319 4 6 23977
13320 12 0 23982
13321 15 5 17785
13322 15 5 17785
13323 15 5 17785
13324 15 5 17785
13325 15 5 17785
13326 15 5 17785
13327 15 5 17785
13328 15 5 17343
13329 15 5 17343
13330 1 0 23991
13331 15 5 17786
13332 15 5 17786
13333 15 5 17786
13334 15 5 17786
13335 15 5 24011
13336 2 10 24014
13337 2 10 24015
13338 2 10 21513
13339 2 10 24016
13340 4 1 24013
13341 4 0 6536
13342 15 2 24020
13343 15 2 24019
13344 4 3 29001
13345 4 0 24022
13346 4 1 24025
13347 12 0 6506
13348 2 8 24049
13349 2 4 24033
13350 12 0 22924
13351 12 0 24036
13352 12 0 24037
13353 4 0 24039
13354 12 0 24044
13355 12 0 24044
13356 12 0 24057
13357 12 0 24058
13358 4 2 18971
13359 4 3 24045
13360 2 15 24046
13361 2 7 25036
13362 15 0 3024
13363 15 0 1301
13364 15 0 4110
13365 15 0 24051
13366 15 0 24052
13367 0 8 24053
13368 2 15 25614
13369 4 1 24054
13370 12 0 24059
13371 4 0 24061
13372 2 10 24063
13373 4 0 1225
13374 4 1 24064
13375 4 6 23825
13376 4 1 24065
13377 6 3 2418
13378 4 2 24066
13379 4 0 2618
13380 2 3 18298
13381 4 4 24068
13382 4 0 7888
13383 4 3 24070
13384 4 4 24071
13385 4 0 24072
13386 4 1 24073
13387 4 3 24074
13388 4 1 25049
13389 4 1 25050
13390 4 1 24292
13391 4 1 25051
13392 4 0 24087
13393 2 5 25629
13394 4 4 24102
13395 4 2 29009
13396 2 19 24106
13397 4 1 24108
13398 4 2 9653
13399 2 13 24109
13400 4 4 24110
13401 2 4 24111
13402 4 3 33114
13403 4 1 24113
13404 4 2 41843
13405 4 4 24115
13406 4 0 24116
13407 4 0 24117
13408 2 0 24119
13409 4 1 24120
13422 7 11 24131
13423 7 11 24132
13442 0 1 19547
13443 0 1 24151
13444 0 1 21672
13445 0 2 16321
13446 0 1 24152
13447 0 2 24211
13448 12 0 18010
13449 12 0 16065
13450 12 0 24153
13451 12 0 24154
13452 0 2 16836
13453 0 2 38767
13454 0 2 17898
13455 0 1 17974
13456 0 1 15794
13457 0 1 15741
13458 0 1 23739
13459 0 1 17469
13460 0 1 15747
13461 0 1 17403
13462 0 1 24156
13463 7 9 24689
13464 7 9 24690
13465 7 9 24692
13466 7 9 24693
13467 7 9 24691
13468 7 9 24688
13469 12 0 3486
13470 12 0 14023
13471 12 0 16065
13472 4 1 24174
13473 4 0 23715
13474 2 3 13060
13475 4 0 224
13476 9 6 15274
13477 9 6 1301
13478 9 6 1301
13479 9 6 15274
13480 9 6 1301
13481 9 6 15274
13482 9 6 15274
13483 9 6 15274
13484 9 6 15274
13485 9 6 15274
13486 9 6 15274
13487 9 6 15274
13488 9 6 15274
13489 9 6 15274
13490 9 6 15274
13491 9 6 15274
13492 9 6 15274
13493 9 6 15274
13494 9 6 15274
13495 9 6 15274
13496 9 6 15274
13497 9 6 15274
13498 4 4 24162
13499 9 6 15274
13500 9 6 15274
13501 9 6 15274
13502 4 4 24164
13503 7 11 43359
13504 2 7 52723
13505 2 8 24166
13506 0 1 26865
13507 12 0 7744
13508 0 0 1504
13509 0 0 7247
13510 0 3 24213
13511 0 3 21531
13512 0 3 19547
13513 0 3 22191
13514 0 0 24169
13515 4 0 1236
13516 4 0 24175
13517 9 6 1301
13518 9 6 15274
13519 9 6 15274
13520 9 6 15274
13521 9 6 15274
13522 9 6 15274
13523 12 0 15741
13524 4 0 24176
13525 4 1 24177
13526 4 2 24178
13527 4 4 24179
13528 4 3 24180
13529 4 6 4107
13530 4 1 24181
13531 4 2 24182
13532 4 3 24183
13533 4 4 24185
13534 2 19 24186
13535 4 1 24189
13536 12 0 24188
13537 4 2 24190
13538 4 3 24193
13539 4 4 24194
13542 12 0 12925
13543 12 0 19595
13544 4 0 24220
13545 12 0 45815
13546 0 5 4809
13562 0 0 24231
13582 15 2 24252
13583 15 2 24251
13584 15 2 34364
13585 12 0 6672
13586 4 4 15897
13602 4 0 21610
13603 4 0 21610
13604 4 0 24281
13605 4 0 24282
13606 4 0 24283
13607 2 14 24284
13608 2 14 24285
13609 4 0 24293
13610 4 0 24294
13611 4 0 24295
13612 2 14 24296
13622 2 10 24343
13623 2 8 24342
13624 12 0 6672
13625 2 0 24351
13626 12 0 3486
13627 2 7 24366
13628 4 6 24367
13629 4 6 24368
13630 4 6 24369
13631 2 6 19804
13632 2 6 24370
13642 15 0 9632
13643 15 0 9632
13644 15 0 9632
13645 15 0 9632
13646 15 0 9632
13647 15 0 9632
13648 15 0 9632
13649 15 0 9632
13650 15 0 9632
13651 15 0 9632
13652 15 0 9632
13653 15 0 9632
13654 15 0 9632
13655 15 0 9632
13656 15 0 9632
13657 15 0 9632
13658 15 0 9632
13659 15 0 9632
13660 15 0 9632
13661 15 0 9632
13662 15 0 9632
13663 15 0 9632
13664 15 0 9632
13665 15 0 9632
13666 15 0 9632
13667 15 0 9632
13668 15 0 9632
13669 15 0 9632
13670 15 0 9632
13671 15 0 9632
13672 15 0 9632
13673 15 0 9632
13674 15 0 9632
13675 15 0 9632
13676 15 0 9632
13677 15 0 9632
13678 15 0 9632
13679 15 0 9632
13680 15 0 9632
13681 15 0 9632
13682 15 0 9632
13683 15 0 9632
13684 15 0 9632
13685 15 0 9632
13686 15 0 9632
13687 15 0 9632
13688 15 0 9632
13689 15 0 9632
13690 15 0 9632
13691 15 0 9632
13692 15 0 9632
13693 15 0 9632
13694 15 0 9632
13695 15 0 9632
13696 15 0 9632
13697 15 0 9632
13698 2 10 24394
13699 4 0 24380
13700 4 0 24380
13701 4 0 24380
13702 12 0 19498
13703 0 0 24415
13704 13 0 22071
13705 2 10 24445
13706 2 1 24446
13707 2 7 24452
13708 2 8 24461
13709 2 10 24473
13710 4 4 15897
13711 4 4 15897
13712 4 4 15897
13713 4 4 15897
13714 4 4 15897
13715 4 4 15897
13716 4 4 15897
13717 4 4 15897
13718 2 7 24478
13719 2 7 24479
13720 2 10 24480
13721 2 10 24483
13722 2 10 24489
13723 2 10 24490
13724 0 5 21203
13725 12 0 24496
13726 4 1 24497
13727 4 1 24497
13728 4 1 24497
13729 4 2 24563
13730 4 3 24564
13731 4 4 23294
13732 4 2 24563
13733 4 3 24564
13734 4 4 23294
13735 4 2 24563
13736 4 3 24564
13737 4 4 23294
13738 4 1 24562
13739 4 1 24562
13740 4 1 24562
13741 4 2 24561
13742 4 3 24560
13743 4 4 24559
13744 4 4 24559
13745 4 4 24559
13746 4 3 24560
13747 4 3 24560
13748 4 2 24561
13749 4 2 24561
13750 2 10 24499
13751 2 10 24503
13752 12 0 6672
13753 2 10 24517
13754 7 8 7176
13755 0 5 18537
13756 7 8 4813
13757 7 11 24522
13758 7 8 4809
13759 7 8 24713
13760 7 8 24716
13761 0 0 11448
13762 4 1 24546
13763 4 1 24546
13764 4 1 24546
13765 4 2 24547
13766 4 2 24547
13767 4 2 24547
13768 4 3 24548
13769 4 3 24548
13770 4 3 24548
13771 4 4 24550
13772 4 4 24550
13773 4 4 24550
13774 4 1 24551
13775 4 1 24551
13776 4 1 24551
13777 4 2 24552
13778 4 2 24552
13779 4 2 24552
13780 4 3 24553
13781 4 3 24553
13782 4 3 24553
13783 4 4 24554
13784 4 4 24554
13785 4 4 24554
13786 4 1 24555
13787 4 1 24555
13788 4 1 24555
13789 4 2 24556
13790 4 2 24556
13791 4 2 24556
13792 4 3 24557
13793 4 3 24557
13794 4 3 24557
13795 4 4 24558
13796 4 4 24558
13797 4 4 24558
13798 4 1 24565
13799 4 1 24565
13800 4 1 24565
13801 4 2 24566
13802 4 2 24566
13803 4 2 24566
13804 4 3 6638
13805 4 3 6638
13806 4 3 6638
13807 4 4 24567
13808 4 4 24567
13809 4 4 24567
13810 0 5 24568
13811 4 0 6502
13812 4 0 24569
13813 0 0 24570
13814 4 6 24571
13815 12 0 24572
13816 2 7 20225
13817 2 8 20195
13818 2 0 8478
13819 2 1 19374
13820 2 4 19716
13821 2 5 28691
13822 2 15 4119
13823 2 10 20309
13824 2 2 20550
13825 2 3 20721
13842 15 0 18705
13843 15 0 18705
13844 15 0 18705
13845 15 0 18705
13846 15 0 18705
13847 15 0 18705
13848 15 0 18705
13849 15 0 18705
13850 12 0 24592
13851 0 5 21327
13852 12 0 16065
13853 12 0 22193
13854 4 0 24594
13855 4 0 24595
13856 4 1 25235
13857 4 1 25207
13858 4 1 24601
13859 4 0 24596
13860 4 1 25232
13861 2 14 24597
13862 4 0 24597
13863 4 1 25231
13864 4 1 25233
13865 4 1 25208
13866 4 1 25230
13867 4 1 25236
13868 4 1 24612
13869 4 1 24610
13870 4 1 24616
13871 4 1 24615
13872 12 0 929
13873 13 0 13824
13874 15 4 8928
13875 15 0 12331
13876 15 0 16364
13877 15 0 16364
13878 15 0 16364
13879 15 0 16364
13880 15 0 16364
13881 15 4 4809
13882 15 0 16364
13883 15 0 16364
13884 15 0 16364
13885 15 0 16364
13886 15 0 16364
13887 15 0 16364
13888 7 8 24629
13889 7 8 24719
13890 7 8 4823
13891 15 4 4809
13892 12 0 25456
13893 0 5 11932
13894 2 4 24634
13895 4 0 24644
13896 4 0 24643
13897 4 0 24641
13898 4 0 24645
13899 4 0 24639
13900 4 0 24642
13901 15 0 18705
13902 15 0 18705
13903 15 0 18705
13904 15 0 18705
13905 15 0 18705
13906 15 0 18705
13907 15 0 24629
13908 15 0 24629
13909 15 0 24629
13910 15 0 24629
13911 15 0 24629
13912 15 0 24629
13913 15 0 24629
13914 15 0 24715
13915 15 0 24715
13916 15 0 24715
13917 15 0 24715
13918 15 0 12331
13919 2 6 24655
13920 12 0 22838
13922 4 6 24695
13923 2 3 24720
13924 2 3 24721
13925 2 5 24729
13926 3 7 24730
13927 0 5 7176
13928 0 5 18537
13929 0 5 4813
13930 0 5 4809
13931 0 5 21473
13932 0 5 24716
13933 0 5 24733
13934 0 5 22194
13935 0 5 24719
13936 4 1 25659
13937 2 10 45947
13938 2 19 24743
13939 9 5 1301
13940 9 5 1301
13941 9 5 1301
13942 9 5 1301
13943 9 5 1301
13944 4 2 28632
13945 9 5 1301
13946 9 5 1301
13947 9 5 1301
13948 9 5 1301
13949 9 5 1301
13950 4 3 24748
13951 4 4 24749
13952 2 0 28782
13953 2 7 24756
13954 4 2 28627
13955 4 4 24777
13956 4 1 24762
13957 4 2 24768
13958 4 1 24767
13959 4 4 30535
13960 4 0 19785
13961 4 2 24772
13962 4 2 30391
13963 4 3 29016
13964 2 15 24775
13965 4 0 24776
13966 4 0 24778
13967 4 3 28604
13968 4 0 24784
13969 4 3 24793
13982 2 8 26676
13983 2 1 24816
13984 2 15 26679
13985 4 1 24817
13986 4 1 26680
14002 4 6 22831
14022 4 0 26622
14023 4 0 26622
14024 2 15 20592
14025 4 1 25881
14042 4 1 24893
14043 4 1 24896
14044 4 1 23422
14045 4 1 24895
14046 1 0 19595
14047 7 5 24897
14048 7 5 24898
14062 15 0 17786
14082 2 5 24919
14083 2 10 24923
14084 2 5 24924
14085 2 7 24925
14086 4 1 25871
14087 4 1 25864
14088 4 1 23132
14089 4 1 25867
14090 4 1 7533
14091 4 1 25869
14092 2 10 24926
14093 4 1 25863
14094 4 1 25873
14095 4 1 25874
14096 4 1 25880
14097 4 1 25876
14098 4 1 25875
14099 4 1 14431
14100 4 1 15820
14101 4 1 16779
14102 4 1 16586
14103 4 1 24928
14104 4 1 24927
14105 2 2 24930
14106 4 1 24932
14107 4 1 13679
14108 4 1 24935
14109 4 1 25877
14110 4 1 25879
14111 4 1 24933
14112 4 1 24934
14113 4 1 25858
14114 4 1 25857
14115 4 1 14541
14116 4 1 25855
14117 4 1 14542
14118 2 2 24931
14119 4 1 11421
14120 4 1 16531
14121 4 1 17462
14122 4 1 16664
14123 4 1 25916
14124 4 1 16657
14125 4 1 16656
14126 4 1 5394
14127 4 1 15201
14128 4 1 24945
14129 4 1 25929
14130 4 1 24942
14131 4 1 25915
14132 4 1 24943
14133 4 1 25952
14134 4 1 24946
14135 12 0 15738
14136 4 1 25834
14137 4 1 17252
14138 4 1 25228
14139 4 1 24966
14140 4 1 28414
14141 4 1 25571
14142 4 1 24977
14143 4 1 24978
14144 4 1 11166
14145 2 7 24981
14146 4 1 24986
14147 4 3 24982
14148 4 1 24983
14149 4 1 24985
14150 4 1 24988
14151 2 15 24990
14152 4 1 25205
14153 4 1 25201
14154 4 1 25203
14155 1 0 21586
14156 1 0 20342
14157 4 1 8374
14158 4 1 9996
14159 4 1 25893
14160 4 1 16907
14161 4 1 23101
14162 4 1 11144
14163 4 1 25894
14164 4 1 14431
14165 4 1 25890
14166 4 1 28050
14167 4 1 28054
14168 4 1 28056
14169 4 1 25859
14170 4 1 28055
14171 4 1 13679
14172 4 1 28098
14173 4 1 28051
14174 4 1 19950
14175 4 1 28052
14176 4 1 9184
14177 4 1 25970
14178 4 1 26302
14179 4 1 23109
14180 4 1 26023
14181 4 1 25971
14182 4 1 19991
14183 4 1 25974
14184 4 1 25976
14185 4 1 25969
14186 4 1 25986
14187 4 1 14640
14188 4 1 23138
14189 4 1 15283
14190 4 1 25984
14191 4 1 25987
14192 4 1 25989
14193 4 1 18887
14194 4 1 28730
14195 4 1 14645
14196 4 1 26008
14197 4 1 26004
14198 4 1 26006
14199 4 1 26007
14200 4 1 15293
14201 4 1 26012
14202 4 1 26049
14203 4 1 16719
14204 4 1 26011
14205 4 1 26005
14206 4 1 25970
14207 4 1 26021
14208 4 1 26308
14209 4 1 26022
14210 4 1 26015
14211 4 1 26020
14212 4 1 28729
14213 4 1 26017
14214 4 1 9184
14215 4 1 25973
14216 4 1 26051
14217 4 1 24113
14218 4 1 16721
14219 4 1 26045
14220 4 1 26044
14221 4 1 26042
14222 4 1 26050
14223 4 1 26054
14224 4 1 26052
14225 4 1 26053
14226 4 1 26055
14227 7 5 18597
14228 4 1 26059
14229 4 1 26057
14230 4 1 26063
14231 4 1 26062
14232 4 1 26068
14233 4 1 26061
14234 4 1 26067
14235 4 1 26058
14236 4 1 26066
14237 4 1 16599
14238 4 1 26100
14239 4 1 26101
14240 4 1 16604
14241 4 1 26102
14242 4 1 16600
14243 4 1 26104
14244 4 1 28991
14245 4 1 24624
14246 4 1 26309
14247 4 1 26116
14248 4 1 14647
14249 4 1 14646
14250 4 1 26117
14251 4 1 26112
14252 4 1 18992
14253 4 1 26113
14254 4 1 26119
14255 4 1 26111
14256 7 5 25028
14257 4 1 18887
14258 4 1 26190
14259 4 1 26186
14260 4 1 26187
14261 4 1 26189
14262 4 1 26193
14263 4 1 41844
14264 4 1 26196
14265 4 1 26198
14266 4 1 26195
14267 4 1 26192
14268 4 1 17262
14269 4 1 26145
14270 4 1 23031
14271 4 1 26307
14272 4 1 26143
14273 4 1 26147
14274 4 1 26144
14275 4 1 26142
14276 4 1 26138
14277 4 1 26311
14278 4 1 27928
14279 4 1 14618
14280 4 1 26137
14281 4 1 26128
14282 4 1 26132
14283 4 1 26124
14284 4 1 26131
14285 4 1 26134
14286 4 1 26136
14287 4 1 27927
14288 4 1 26203
14289 4 1 25098
14290 4 1 26206
14291 4 1 26205
14292 4 1 26215
14293 4 1 26214
14294 4 1 26208
14295 4 1 26212
14296 4 1 26213
14297 4 1 26211
14298 4 1 26281
14299 4 1 26268
14300 4 1 26271
14301 4 1 26266
14302 4 1 26275
14303 4 1 18834
14304 4 1 26280
14305 4 1 26282
14306 4 1 26279
14307 4 1 26277
14308 4 1 26256
14309 4 1 26252
14310 4 1 26261
14311 4 1 26253
14312 4 1 26255
14313 4 1 26262
14314 4 1 26258
14315 4 1 26260
14316 4 1 26263
14317 4 1 26254
14318 4 1 26288
14319 4 1 26285
14320 4 1 26287
14321 4 1 26299
14322 4 1 26292
14323 4 1 26290
14324 4 1 26300
14325 4 1 26298
14326 4 1 28993
14327 4 1 26284
14328 4 1 26219
14329 4 1 26225
14330 4 1 26216
14331 4 1 26227
14332 4 1 26224
14333 4 1 26222
14334 4 1 26223
14335 4 1 26229
14336 4 1 26226
14337 4 1 26221
14338 12 0 25038
14339 12 0 15794
14340 4 1 25039
14341 7 5 25048
14342 7 5 25052
14343 7 12 39178
14344 7 12 35403
14362 12 0 25080
14363 4 1 16591
14364 4 1 16802
14365 4 1 25884
14366 4 1 16805
14367 4 1 25885
14368 4 1 25887
14369 4 1 25888
14370 4 1 10079
14371 4 1 25889
14372 4 1 25954
14373 4 1 25957
14374 4 1 25966
14375 4 1 25959
14376 4 1 25958
14377 4 1 25961
14378 4 1 25965
14379 4 1 25968
14380 4 1 25956
14381 12 0 6430
14382 4 1 17251
14383 4 1 17262
14384 4 1 17256
14385 4 1 13984
14386 4 1 17274
14387 4 1 17255
14388 4 1 17252
14389 4 1 17271
14390 4 1 17261
14391 2 7 20173
14392 2 10 20385
14393 4 6 2552
14394 2 2 20550
14395 12 0 7139
14396 12 0 1246
14397 4 1 27872
14398 4 1 26003
14399 4 1 25995
14400 4 1 25997
14401 4 1 25996
14402 4 1 25994
14403 4 1 25999
14404 4 1 12973
14405 4 1 27873
14406 4 1 25998
14407 4 1 26028
14408 4 1 26026
14409 4 1 26027
14410 4 1 26033
14411 4 1 26029
14412 4 1 26035
14413 4 1 26038
14414 4 1 26024
14415 4 1 11166
14416 4 1 26025
14417 4 1 26084
14418 4 1 26086
14419 4 1 26079
14420 4 1 26080
14421 4 1 26093
14422 4 1 26081
14423 4 1 26096
14424 4 1 26083
14425 4 1 26092
14426 4 1 16781
14427 4 1 26161
14428 4 1 26153
14429 4 1 26151
14430 4 1 26175
14431 4 1 26154
14432 4 1 4904
14433 4 1 26159
14434 4 1 26174
14435 4 1 26149
14436 4 1 26150
14437 4 1 16631
14438 4 1 16634
14439 4 1 16636
14440 4 1 26201
14441 4 1 41845
14442 4 1 16633
14443 4 1 16637
14444 4 1 16632
14445 4 1 19901
14446 4 1 21459
14447 4 1 26171
14448 4 1 26168
14449 4 1 26170
14450 4 1 26184
14451 4 1 18423
14452 4 1 26182
14453 4 1 26157
14454 4 1 26169
14455 4 1 26178
14456 4 1 26240
14457 4 1 26235
14458 4 1 26231
14459 4 1 26233
14460 4 1 26243
14461 4 1 26236
14462 4 1 26238
14463 4 1 26247
14464 4 1 27228
14465 4 1 26230
14466 9 2 15274
14467 9 2 15274
14468 9 2 1102
14469 9 2 1102
14470 9 2 15274
14471 9 2 15274
14472 9 2 1102
14473 9 2 15274
14474 9 2 15274
14475 2 1 3367
14476 9 2 15274
14477 9 2 15274
14478 9 2 15274
14479 9 2 15274
14480 9 2 15274
14481 9 2 1102
14482 9 2 15274
14483 9 2 1102
14484 9 2 15274
14485 9 2 15274
14486 9 2 1102
14487 2 4 25096
14488 9 2 811
14489 9 2 15274
14490 9 2 15274
14491 9 2 15274
14492 9 2 15274
14493 9 2 6270
14494 9 2 15274
14495 9 2 15274
14496 9 2 15274
14497 9 2 1102
14498 9 2 15274
14499 9 2 15274
14500 9 2 15274
14501 9 2 1102
14502 4 2 28757
14503 4 2 25104
14504 9 2 15274
14505 9 2 15274
14506 9 2 15274
14507 9 2 1102
14508 9 2 15274
14509 9 2 1102
14510 9 2 1102
14511 9 2 1102
14512 9 2 1102
14513 9 2 1102
14514 9 2 1102
14522 4 3 25111
14523 12 0 25118
14524 2 7 25120
14525 4 4 25116
14526 9 2 1102
14527 2 5 25139
14528 4 6 25138
14529 0 7 25146
14530 0 7 25147
14531 2 5 25148
14532 2 5 25152
14533 2 4 25153
14534 2 0 25154
14535 2 6 25155
14536 4 3 25157
14537 4 4 25160
14538 4 1 28705
14539 4 2 25166
14540 12 0 3422
14541 2 8 25649
14542 0 0 11449
14543 4 1 28703
14544 12 0 22952
14545 4 2 25169
14546 12 0 1225
14547 12 0 25171
14548 4 3 28817
14549 4 4 28276
14550 4 2 28274
14551 4 3 28280
14552 4 4 28282
14553 4 2 28386
14554 4 4 25343
14555 2 15 25612
14556 4 0 6522
14557 4 0 6338
14558 4 0 9857
14559 4 2 27520
14560 4 2 27524
14561 4 2 17014
14562 4 2 27518
14563 4 1 27525
14564 4 2 27519
14565 4 2 27522
14566 4 2 27523
14567 4 2 27668
14568 4 2 16997
14569 4 2 13355
14570 4 2 27669
14571 4 1 27673
14572 4 2 27672
14573 4 2 27667
14574 4 2 27670
14575 2 4 25620
14576 2 7 25173
14577 4 1 28715
14578 4 2 27963
14579 4 2 27965
14580 4 2 27964
14581 4 2 27962
14582 4 1 27584
14583 4 2 27966
14584 4 2 27968
14585 4 2 27967
14586 2 5 25180
14587 4 2 10179
14588 4 2 27976
14589 4 2 9169
14590 4 2 14770
14591 4 2 21311
14592 4 2 27979
14593 4 1 27980
14594 4 2 27977
14595 4 2 27975
14596 4 2 27978
14597 4 6 6272
14598 4 2 27983
14599 4 2 27982
14600 4 2 27985
14601 4 2 14995
14602 4 1 27986
14603 4 2 27988
14604 4 2 27987
14605 4 2 27984
14606 4 2 15000
14607 4 6 27981
14608 4 6 18487
14609 4 6 18488
14610 12 0 25184
14611 4 3 25222
14612 4 3 25223
14613 12 0 6505
14614 4 3 25219
14615 4 3 25221
14616 4 3 25220
14617 4 0 25193
14618 2 10 25197
14619 12 0 13806
14620 4 4 25225
14621 4 4 25227
14622 4 4 25224
14623 4 4 25226
14624 4 4 24102
14625 12 0 23520
14626 4 1 25245
14627 9 2 1102
14628 12 0 25246
14629 4 1 4607
14630 9 2 1102
14631 4 1 18863
14632 4 1 25255
14633 4 1 25247
14634 9 6 15274
14635 9 1 1102
14636 4 2 25248
14637 4 2 25249
14638 4 2 26966
14639 9 3 1102
14640 4 2 25253
14641 4 2 11571
14642 2 3 25260
14643 2 1 5509
14644 12 0 18204
14645 12 0 22464
14646 12 0 18499
14647 12 0 18499
14648 12 0 18499
14649 12 0 18499
14650 12 0 18499
14651 12 0 18499
14652 4 2 27579
14653 4 2 18944
14654 4 2 27582
14655 4 2 27576
14656 4 1 27584
14657 4 2 27577
14658 4 2 27581
14659 4 2 27578
14660 4 2 27580
14661 4 2 27566
14662 4 2 27568
14663 4 2 27565
14664 4 2 27564
14665 4 1 27573
14666 4 2 27567
14667 4 2 27572
14668 4 2 27570
14669 4 2 27569
14670 4 2 27649
14671 4 2 18944
14672 4 2 27582
14673 4 1 27653
14674 4 2 27579
14675 4 2 27648
14676 4 2 21299
14677 4 2 27651
14678 4 2 27652
14679 12 0 25271
14680 4 2 18470
14681 4 2 17258
14682 4 2 17259
14683 4 1 27573
14684 4 2 15411
14685 4 2 17263
14686 4 2 17321
14687 4 2 17265
14688 4 2 17267
14689 4 3 22673
14690 4 3 22674
14691 4 6 18492
14692 4 1 22675
14693 4 3 11131
14694 4 3 22676
14695 4 3 7193
14696 4 6 2633
14697 4 3 22677
14698 4 3 22689
14699 4 3 22690
14700 4 3 6953
14701 4 1 22691
14702 4 3 22692
14703 4 3 12450
14704 4 3 22693
14705 4 6 3932
14706 2 10 5417
14707 2 10 25278
14722 4 3 26983
14723 4 3 26982
14724 4 1 26958
14725 4 3 26987
14726 4 3 26985
14727 4 3 26986
14728 4 3 26988
14729 4 6 23835
14730 4 3 26984
14742 4 3 27009
14743 4 3 27007
14744 4 3 27010
14745 4 1 27011
14746 4 3 27008
14747 4 3 27012
14748 4 3 27013
14749 4 3 27014
14750 4 3 27026
14751 4 3 27034
14752 4 1 27033
14753 4 3 27191
14754 4 3 27027
14755 4 3 27029
14756 4 3 27035
14757 4 3 27028
14758 4 3 27030
14759 4 3 27048
14760 4 3 27049
14761 4 3 27046
14762 4 3 27047
14763 4 1 27051
14764 4 3 27053
14765 4 3 27052
14766 4 3 27050
14767 4 3 27054
14768 4 3 27092
14769 4 3 27093
14770 4 3 27091
14771 4 1 26141
14772 4 3 29007
14773 4 3 27094
14774 4 3 28175
14775 4 3 27097
14776 4 3 27096
14777 4 6 27099
14778 4 3 21756
14779 4 3 27147
14780 4 6 20833
14781 4 1 27152
14782 4 3 27148
14783 4 3 27146
14784 4 3 27149
14785 4 3 27151
14786 4 3 27150
14787 4 3 16079
14788 4 3 27154
14789 4 3 27155
14790 4 6 27162
14791 4 1 27161
14792 4 3 27156
14793 4 3 27159
14794 4 3 27158
14795 4 3 26115
14796 4 3 27157
14797 4 3 27160
14798 4 3 27194
14799 4 3 27192
14800 4 6 27202
14801 4 1 27197
14802 4 3 27196
14803 4 3 27185
14804 4 3 29938
14805 4 3 27195
14806 4 3 23490
14807 4 3 27193
14808 4 3 27137
14809 4 3 27827
14810 4 3 27136
14811 4 3 27138
14812 4 6 27145
14813 4 1 27143
14814 4 3 28986
14815 4 3 27536
14816 4 3 27140
14817 4 3 27142
14818 2 5 25362
14819 2 5 25363
14820 2 5 25364
14821 4 4 26811
14822 2 5 25365
14823 2 5 25366
14824 2 5 25367
14825 4 6 25134
14826 4 4 26812
14827 4 4 26810
14828 4 4 26813
14829 4 4 26814
14830 4 4 26818
14831 4 4 27182
14832 4 4 26815
14833 4 4 29015
14834 4 4 26685
14835 4 4 26687
14836 2 10 25377
14837 2 10 25378
14838 4 4 26686
14839 4 4 26690
14840 4 4 26691
14841 4 4 26688
14842 4 6 26693
14843 4 4 26692
14844 4 4 26820
14845 2 10 25382
14846 4 4 27190
14847 4 4 26819
14848 4 4 26822
14849 4 4 27186
14850 4 4 26824
14851 4 4 26825
14852 4 6 11925
14853 4 4 26821
14854 4 4 26846
14855 4 4 26847
14856 4 4 26848
14857 4 4 26850
14858 4 4 28985
14859 4 4 26849
14860 4 4 27876
14861 4 4 19760
14862 4 4 26880
14863 4 4 26881
14864 4 4 26879
14865 4 4 26883
14866 4 4 27180
14867 4 4 26884
14868 4 4 26885
14869 4 4 26878
14870 2 1 25410
14871 2 7 25411
14872 12 0 15692
14873 2 10 25437
14874 2 0 25441
14875 2 0 25470
14876 2 0 25471
14877 2 0 25474
14878 2 8 9055
14879 2 6 25496
14880 2 0 25499
14881 2 0 25503
14882 2 0 25504
14883 2 7 25506
14884 2 7 25507
14885 2 7 25508
14886 2 7 25509
14887 2 7 25510
14888 2 7 25511
14889 2 7 25513
14890 2 7 25514
14891 2 7 25515
14892 2 7 25516
14893 2 0 25533
14894 0 0 25542
14895 4 4 26654
14896 4 4 26652
14897 4 4 27838
14898 4 4 26650
14899 4 4 26656
14900 4 4 26651
14901 4 4 26655
14902 4 6 23847
14903 4 4 26646
14904 4 4 27899
14905 4 4 27901
14906 4 4 27902
14907 4 4 27906
14908 4 4 27900
14909 4 4 27904
14910 4 4 27903
14911 4 4 27905
14912 4 6 11925
14913 4 4 26799
14914 4 4 26794
14915 4 4 26795
14916 4 6 22805
14917 4 4 26798
14918 4 4 26792
14919 4 4 27839
14920 4 4 26800
14921 4 4 26797
14922 4 4 26874
14923 4 4 26869
14924 4 4 26871
14925 4 4 28015
14926 4 4 26872
14927 4 4 26870
14928 4 4 26873
14929 4 4 26875
14930 4 6 20974
14931 4 4 27932
14932 4 4 27829
14933 4 4 27934
14934 4 4 27935
14935 4 4 27942
14936 4 4 27938
14937 4 4 27940
14938 4 4 27933
14939 4 4 26636
14940 4 4 26643
14941 4 4 26454
14942 4 4 26640
14943 4 4 26634
14944 4 4 27512
14945 4 4 26641
14946 4 4 26645
14947 4 6 23825
14948 4 4 26838
14949 4 4 28996
14950 4 4 26836
14951 4 4 26842
14952 4 4 26257
14953 4 4 26840
14954 4 6 26844
14955 4 4 26843
14956 4 4 26837
14957 4 4 26833
14958 4 4 26827
14959 4 4 26830
14960 4 4 26828
14961 4 4 27835
14962 4 4 26831
14963 4 4 26834
14964 4 6 23419
14965 4 4 26829
14966 4 4 26859
14967 4 4 27833
14968 4 4 26856
14969 4 4 28024
14970 4 4 26861
14971 4 4 26864
14972 4 4 26862
14973 4 6 26868
14974 4 4 26857
14975 4 4 26890
14976 4 4 26888
14977 4 4 26889
14978 4 4 27832
14979 4 4 26893
14980 4 4 26891
14981 4 4 26894
14982 4 6 26911
14983 4 4 26887
15002 12 0 25593
15003 4 2 28007
15004 4 2 7537
15005 4 2 17017
15006 4 6 18508
15007 4 1 28011
15008 4 2 28009
15009 4 2 28008
15010 4 2 9536
15011 4 2 27668
15012 4 2 14276
15013 4 2 27989
15014 4 6 28579
15015 4 1 23050
15016 4 2 27990
15017 4 2 27991
15018 4 2 3390
15019 4 2 27667
15022 12 0 24496
15042 12 0 25661
15043 12 0 25662
15044 12 0 25807
15045 4 3 25671
15046 4 3 25673
15047 4 3 25675
15048 4 3 25676
15049 4 3 25677
15050 4 3 27943
15051 4 3 27945
15052 4 3 27944
15053 4 2 25682
15054 4 2 25683
15055 4 2 25685
15056 4 2 8682
15057 4 2 25686
15058 4 2 25687
15059 4 2 25688
15060 4 2 25694
15061 4 2 25695
15062 4 2 26071
15063 4 2 26072
15064 4 2 12368
15065 4 2 14547
15066 4 2 25699
15067 4 2 25700
15068 4 2 19012
15069 4 2 25701
15070 4 2 25702
15071 4 2 25703
15072 4 2 25705
15073 4 2 25709
15074 4 2 25706
15075 4 2 25704
15076 4 3 25710
15077 4 3 25720
15078 4 3 25718
15079 4 3 25714
15080 4 3 28976
15081 4 3 25713
15082 4 3 25719
15083 4 2 25724
15084 4 2 25726
15085 4 2 25721
15086 4 2 25729
15087 4 2 25722
15088 4 2 25728
15089 4 3 25710
15090 4 2 25731
15091 4 2 25735
15092 4 2 25736
15093 4 2 25737
15094 4 2 25739
15095 4 2 25732
15096 4 2 25734
15102 15 0 2885
15103 15 0 2885
15104 4 1 28432
15105 2 10 28231
15106 2 10 28236
15107 4 0 25072
15108 4 0 25072
15109 2 10 28225
15110 4 2 27880
15111 4 2 1981
15112 4 2 27879
15113 4 6 2211
15114 4 1 27514
15115 4 2 27878
15116 4 2 11274
15117 4 2 1978
15118 4 2 27877
15119 4 1 26177
15120 4 2 27887
15121 4 2 1966
15122 4 2 27888
15123 4 6 18449
15124 4 1 27693
15125 4 2 27881
15126 4 2 27884
15127 4 2 6775
15128 4 2 27882
15129 4 2 27886
15130 4 2 9548
15131 4 2 27710
15132 4 2 27706
15133 4 6 27720
15134 4 2 27711
15135 4 1 28563
15136 4 2 27708
15137 4 2 27715
15138 4 1 25921
15139 4 2 27712
15140 4 2 27713
15141 4 3 27943
15142 4 2 27685
15143 4 2 3652
15144 4 2 27689
15145 4 6 27690
15146 4 2 27687
15147 4 1 27686
15148 4 2 27684
15149 4 2 3846
15150 4 2 27688
15151 4 2 3442
15152 4 2 27725
15153 4 1 23048
15154 4 2 27724
15155 4 2 27722
15156 4 2 27734
15157 4 2 27723
15158 4 2 27732
15159 4 2 27728
15160 4 2 27727
15161 4 2 18980
15162 4 2 27916
15163 4 2 27922
15164 4 2 27914
15165 4 1 22253
15166 4 2 27921
15167 4 2 28979
15168 4 2 17153
15169 4 2 27920
15170 4 2 27586
15171 4 2 11832
15172 4 2 27589
15173 4 1 27593
15174 4 2 27591
15175 4 2 27907
15176 4 2 14697
15177 4 2 27592
15178 4 2 27590
15179 4 2 27663
15180 4 2 27560
15181 4 2 27562
15182 4 2 28584
15183 4 1 24159
15184 4 2 27661
15185 4 2 56052
15186 4 2 27662
15187 4 2 27664
15188 4 2 27632
15189 4 2 27634
15190 4 1 23051
15191 4 2 18980
15192 4 2 27635
15193 4 2 28022
15194 4 2 28019
15195 4 2 28018
15196 4 0 31254
15197 4 0 31255
15198 4 0 31253
15199 4 0 31252
15200 4 0 30797
15202 4 2 7834
15203 4 3 28189
15204 2 19 28218
15205 2 3 28229
15206 4 0 28197
15207 4 6 41117
15208 12 0 20614
15209 12 0 1168
15210 2 7 28544
15211 2 7 28567
15212 2 7 28527
15213 2 7 28570
15214 2 7 28561
15215 2 7 28528
15216 2 7 28530
15217 2 7 28458
15218 2 7 28346
15219 2 7 13078
15220 2 7 28316
15221 2 7 28552
15222 2 4 28314
15223 2 4 28571
15224 2 4 28318
15225 2 4 28521
15226 2 4 28531
15227 2 4 28508
15228 2 4 28512
15229 2 4 19735
15230 2 0 28539
15231 2 0 28469
15232 2 0 28542
15233 2 0 28525
15234 2 0 5640
15235 2 0 28341
15236 2 0 28566
15237 2 0 28338
15238 2 0 28459
15239 2 0 28523
15240 2 0 28504
15241 2 15 20414
15242 2 15 28568
15243 2 15 28348
15244 2 15 3175
15245 2 15 6448
15246 2 15 20299
15247 2 15 28327
15248 2 8 28535
15249 2 8 20080
15250 2 8 28536
15251 2 8 28546
15252 2 8 28465
15253 2 8 28321
15254 2 8 28347
15255 2 8 28529
15256 2 8 28576
15257 2 8 26589
15258 2 8 28517
15259 2 5 28548
15260 2 5 28468
15261 2 5 28524
15262 2 5 28540
15263 2 5 28534
15264 2 5 28311
15265 2 5 28499
15266 2 5 28526
15267 2 5 28674
15268 2 1 28460
15269 2 1 28573
15270 2 1 28533
15271 2 1 28334
15272 2 1 28541
15273 2 1 28349
15274 2 10 22144
15275 2 10 28467
15276 2 10 28580
15277 15 5 29448
15278 2 10 28502
15279 2 19 28569
15280 2 19 28457
15281 2 19 28538
15282 2 19 28518
15283 2 19 28577
15284 2 2 28572
15285 2 2 28308
15286 2 2 28575
15287 2 2 28344
15288 2 2 28322
15289 2 2 28309
15290 15 5 29447
15291 2 2 28543
15292 15 5 29449
15293 15 5 29449
15294 2 2 28515
15295 2 2 28547
15296 2 2 28545
15297 4 2 28013
15298 4 6 28017
15299 4 1 23054
15300 4 2 12415
15301 4 2 28016
15302 4 2 28012
15303 4 2 28014
15304 4 2 12369
15305 4 2 28039
15306 4 2 28045
15307 4 6 20826
15308 4 2 17114
15309 4 1 28042
15310 4 2 28046
15311 4 2 11382
15312 4 2 14522
15313 4 2 9527
15314 0 0 1168
15322 2 3 6591
15323 2 3 28557
15324 2 3 28331
15325 2 3 8258
15326 15 0 26358
15327 15 0 26361
15328 12 0 4287
15329 4 2 27998
15330 4 2 27999
15331 4 2 28001
15332 4 6 18493
15333 4 1 28006
15334 4 2 28005
15335 2 7 28093
15336 4 2 28003
15337 4 2 27683
15338 4 2 28002
15339 4 2 27680
15340 4 1 27679
15341 4 2 27678
15342 4 6 28583
15343 4 2 27677
15344 4 2 27681
15345 4 2 27682
15346 4 2 27683
15347 4 2 27674
15348 4 2 27675
15349 4 2 11953
15350 4 2 27702
15351 4 2 27699
15352 4 6 28269
15353 4 2 29134
15354 4 1 27700
15355 4 2 27701
15356 4 2 18284
15357 4 2 27703
15358 4 2 27704
15359 4 2 27956
15360 4 2 27954
15361 4 2 27958
15362 4 2 27957
15363 4 2 27959
15364 4 1 27960
15365 4 2 27955
15366 4 2 17155
15367 4 6 28026
15368 4 2 12830
15369 4 2 17231
15370 4 2 27969
15371 4 1 27974
15372 4 2 27970
15373 4 2 27973
15374 4 2 17153
15375 4 2 19008
15376 4 2 27971
15377 4 2 27972
15378 4 2 14702
15379 4 2 15412
15380 4 2 15413
15381 4 2 17094
15382 4 1 23018
15383 4 2 15415
15384 4 2 23544
15385 4 2 27555
15386 4 2 27553
15387 4 2 27655
15388 4 2 27654
15389 4 2 13343
15390 4 2 27656
15391 4 2 27660
15392 4 1 27658
15393 4 2 27657
15394 4 2 32816
15395 4 2 17190
15396 2 15 26602
15397 2 10 10654
15398 4 1 28246
15399 4 2 28149
15400 4 3 28130
15401 4 1 28183
15402 4 3 28223
15403 4 2 28243
15404 4 3 8295
15405 4 2 9529
15406 4 3 28138
15407 7 6 6660
15408 7 6 568
15409 7 6 7127
15410 7 6 20914
15411 4 0 23716
15412 7 6 21363
15413 4 4 26373
15414 7 6 26374
15415 7 6 26375
15416 7 6 20914
15417 7 6 21366
15418 2 5 27412
15419 7 6 7170
15420 15 0 19572
15421 4 1 26681
15422 15 0 26378
15423 15 0 7374
15424 2 1 3243
15425 4 2 28033
15426 4 2 28031
15427 4 1 23048
15428 4 2 28030
15429 4 2 28034
15430 4 2 28035
15431 4 2 28029
15432 4 2 28037
15433 4 2 28028
15434 4 2 27616
15435 4 2 27617
15436 4 2 27608
15437 4 1 26271
15438 4 2 29013
15439 4 2 28850
15440 4 2 27615
15441 4 2 27618
15442 4 2 27610
15443 2 15 28199
15444 2 10 28228
15445 2 4 28191
15446 12 0 26381
15447 12 0 26382
15448 12 0 25469
15449 4 1 16850
15450 4 2 28147
15451 4 3 2922
15452 4 1 28168
15453 4 2 28247
15454 12 0 26383
15455 4 1 28323
15456 4 2 17155
15457 4 1 26012
15458 4 2 28192
15459 4 3 28275
15460 2 3 26385
15461 4 1 26086
15462 4 2 28286
15463 4 3 28288
15464 2 5 28096
15465 2 19 28216
15466 4 6 28269
15467 4 0 23728
15468 4 1 28303
15469 4 2 28302
15470 4 3 28290
15471 4 2 28266
15472 4 3 26937
15473 4 3 26939
15474 4 3 26938
15475 4 1 26980
15476 4 3 28998
15477 4 3 26941
15478 4 6 3931
15479 4 3 26936
15480 4 3 26953
15481 4 3 26956
15482 4 3 26952
15483 4 1 26958
15484 4 3 26954
15485 4 3 26955
15486 4 6 26959
15487 4 3 26957
15488 4 3 27004
15489 4 3 27001
15490 4 1 27006
15491 4 3 27000
15492 4 3 27029
15493 4 3 26998
15494 4 6 23750
15495 4 3 27005
15496 4 3 27003
15497 4 3 27127
15498 4 3 27541
15499 4 3 26993
15500 4 3 26990
15501 4 1 26991
15502 4 3 26994
15503 4 3 26995
15504 4 6 26855
15505 4 3 26997
15506 4 3 26970
15507 4 3 26971
15508 4 1 26977
15509 4 3 26973
15510 4 3 26969
15511 4 3 26974
15512 4 6 26978
15513 4 3 26975
15514 4 3 26972
15515 4 3 26960
15516 4 3 26964
15517 4 3 24793
15518 4 3 26961
15519 4 1 26962
15520 4 3 26963
15521 4 3 26968
15522 4 6 18775
15523 4 3 26965
15524 4 3 27081
15525 4 3 27540
15526 4 1 27082
15527 4 3 27075
15528 4 3 27079
15529 4 3 27076
15530 4 6 27084
15531 4 3 27080
15532 4 3 27074
15533 4 3 27083
15534 4 3 27037
15535 4 3 27038
15536 4 3 27039
15537 4 1 27040
15538 4 3 27041
15539 4 3 27045
15540 4 3 27042
15541 4 3 27043
15542 4 3 27044
15543 4 6 26060
15544 4 3 27022
15545 4 3 27017
15546 4 3 27018
15547 4 1 26951
15548 4 3 27019
15549 4 3 27016
15550 4 3 30091
15551 4 3 27020
15552 4 6 27024
15553 4 3 27023
15554 4 3 27068
15555 4 3 27065
15556 4 3 27066
15557 4 3 27067
15558 4 3 27073
15559 4 1 27072
15560 4 3 27069
15561 4 3 27070
15562 4 3 27071
15563 4 6 20973
15564 0 6 26388
15565 4 3 27059
15566 4 3 27058
15567 4 3 27063
15568 4 1 27062
15569 4 6 27064
15570 4 3 27060
15571 4 3 27057
15572 4 3 30092
15573 4 3 27061
15574 4 3 25872
15575 4 3 27110
15576 4 3 27115
15577 4 3 27111
15578 4 3 27112
15579 4 1 25910
15580 4 3 15517
15581 4 3 27113
15582 4 3 27114
15583 4 3 27116
15584 4 6 25911
15585 4 1 28289
15586 12 0 19495
15587 4 2 28292
15588 4 3 28265
15589 4 3 27891
15590 4 3 27895
15591 4 3 27889
15592 4 6 27896
15593 4 3 27898
15594 4 1 27108
15595 4 3 27892
15596 4 3 27890
15597 4 3 27893
15598 4 3 27894
15599 4 3 27120
15600 4 3 27122
15601 4 3 27118
15602 4 3 27124
15603 4 1 27082
15604 4 6 27126
15605 4 3 27119
15606 4 3 27117
15607 4 3 27121
15608 4 3 27123
15609 4 3 27322
15610 4 3 27324
15611 4 1 27325
15612 4 3 27326
15613 4 3 27323
15614 4 3 27328
15615 4 3 26098
15616 4 3 27327
15617 4 3 26091
15618 4 6 26099
15619 4 3 27127
15620 4 3 27128
15621 4 6 27135
15622 4 3 27129
15623 4 3 28977
15624 4 1 28565
15625 4 3 31382
15626 4 3 27132
15627 4 3 27133
15628 4 3 27134
15629 4 3 27208
15630 4 3 27215
15631 4 3 27212
15632 4 1 27220
15633 4 6 27222
15634 4 3 26330
15635 4 3 27825
15636 4 3 27206
15637 4 3 27214
15638 4 3 27218
15639 4 3 27170
15640 4 3 27171
15641 4 3 27169
15642 4 3 27173
15643 4 1 27176
15644 4 3 29006
15645 4 3 27178
15646 4 3 27174
15647 4 3 27177
15648 4 6 27179
15649 4 3 27286
15650 4 3 27290
15651 4 3 27293
15652 4 1 27292
15653 4 3 27287
15654 4 3 27285
15655 4 3 27289
15656 4 3 27291
15657 4 6 27294
15658 4 3 27301
15659 4 3 27296
15660 4 3 27297
15661 4 1 27304
15662 4 3 27299
15663 4 3 27295
15664 4 3 27306
15665 4 3 27300
15666 4 3 27302
15667 4 6 27305
15668 4 3 27314
15669 4 3 27315
15670 4 3 41846
15671 4 1 26141
15672 4 3 27317
15673 4 3 27313
15674 4 3 27318
15675 4 6 26152
15676 4 3 27319
15677 4 3 27320
15678 4 3 27312
15679 4 3 27307
15680 4 3 27308
15681 4 1 26259
15682 4 3 27309
15683 4 3 27310
15684 4 3 27151
15685 4 3 27311
15686 4 3 16079
15687 4 6 26120
15688 12 0 1443
15689 4 0 26391
15690 4 0 9860
15691 2 3 26411
15692 2 19 26412
15693 4 2 28020
15694 4 3 27288
15695 4 6 26413
15696 12 0 3426
15697 4 1 26415
15698 4 3 26419
15699 15 0 26420
15702 4 0 6486
15703 4 1 26431
15704 4 0 4841
15705 2 7 26432
15706 2 15 26433
15707 4 1 26435
15708 4 2 26436
15709 4 4 26437
15710 12 0 20614
15722 12 0 21794
15723 0 0 19873
15724 9 1 1102
15725 9 1 1102
15726 9 1 1102
15727 9 1 1102
15728 9 1 15274
15729 9 1 1102
15730 9 1 1102
15731 9 1 15274
15732 9 1 15274
15733 9 1 1102
15734 9 1 1102
15735 9 1 1102
15736 12 0 26459
15737 9 1 15274
15738 9 1 1102
15739 9 1 15274
15740 9 1 1102
15741 9 1 1102
15742 9 1 1102
15743 9 1 1102
15744 9 1 15274
15745 9 1 15274
15746 9 1 15274
15747 9 1 15274
15748 9 1 1102
15749 9 1 15274
15750 12 0 26460
15751 9 1 1102
15752 9 1 6270
15753 9 1 1102
15754 9 1 1102
15755 9 1 15274
15756 9 1 1102
15757 9 1 15274
15758 9 1 1102
15759 9 1 1102
15760 9 1 1102
15761 9 1 15274
15762 9 1 1102
15763 9 1 1102
15764 9 1 1102
15765 9 1 15274
15766 12 0 22651
15767 12 0 23740
15768 9 1 15274
15769 9 1 1102
15770 9 1 1102
15771 9 1 1102
15772 9 1 6270
15773 9 1 15274
15774 9 1 1102
15775 9 1 15274
15776 9 1 15274
15777 9 1 15274
15778 0 0 26461
15779 9 1 15274
15780 9 1 1102
15781 9 1 6270
15782 2 7 26463
15783 2 15 26464
15784 4 1 26465
15785 12 0 18136
15786 4 2 26466
15787 4 3 26467
15788 12 0 15274
15789 4 1 26468
15790 12 0 8093
15791 4 1 26470
15792 4 2 26472
15793 15 0 26474
15794 4 1 12413
15795 4 4 26473
15796 4 3 26475
15797 4 4 26476
15798 15 0 7054
15799 4 0 4841
15800 2 7 26477
15801 2 7 26479
15802 4 1 17256
15803 12 0 1246
15804 4 1 25958
15805 4 0 26491
15806 2 7 26494
15807 2 18 10671
15808 2 18 10671
15809 2 18 28911
15810 2 6 26500
15811 2 6 5636
15812 4 1 26501
15813 4 3 26502
15814 2 7 26503
15815 4 1 23042
15822 4 2 26504
15823 4 3 26512
15824 4 1 26513
15825 4 2 26514
15826 12 0 21845
15827 4 3 26515
15842 12 0 8545
15843 12 0 26531
15844 12 0 8545
15845 12 0 26531
15846 7 3 18632
15847 12 0 1317
15848 12 0 8928
15849 12 0 2885
15850 12 0 26533
15851 12 0 26534
15852 12 0 11947
15853 2 0 26535
15854 2 10 26536
15855 4 0 26537
15856 4 0 9657
15857 4 0 26539
15858 4 1 26540
15859 4 3 26541
15860 4 4 26542
15861 4 2 26543
15862 2 0 26545
15863 2 4 5205
15864 4 1 3658
15865 4 6 26548
15866 4 0 26549
15867 4 0 26551
15868 12 0 16065
15869 0 8 8031
15870 0 8 22477
15871 0 8 22071
15872 0 8 13885
15873 4 0 18119
15874 7 11 16211
15875 12 0 7856
15876 12 0 26381
15877 12 0 26571
15878 12 0 4287
15879 12 0 1769
15880 12 0 7164
15881 12 0 6706
15882 12 0 26582
15883 12 0 26583
15884 12 0 8093
15885 12 0 26584
15886 12 0 1262
15887 4 6 26921
15888 4 6 20909
15889 4 6 18811
15890 4 6 26855
15891 4 6 23825
15892 4 6 27036
15893 4 6 27527
15894 4 6 18483
15895 4 6 28449
15902 15 0 12333
15903 2 13 26593
15904 2 13 26596
15905 2 13 26592
15906 2 13 26592
15907 2 13 26594
15908 12 0 26595
15909 2 13 26597
15910 2 6 26598
15911 12 0 26595
15912 4 0 28471
15913 12 0 26595
15914 12 0 26595
15915 12 0 26595
15916 12 0 26595
15917 12 0 26595
15918 4 0 28472
15919 12 0 26595
15920 12 0 26595
15921 12 0 26595
15922 12 0 26595
15923 12 0 26595
15924 12 0 22193
15925 4 0 28462
15926 4 0 28464
15927 4 0 27556
15928 4 0 28466
15929 4 0 27558
15930 4 0 27563
15931 4 0 27575
15932 4 0 28473
15933 4 0 27851
15934 4 0 28481
15935 4 0 27863
15936 4 0 28475
15937 4 0 28455
15938 4 0 28480
15939 4 0 27612
15940 4 0 28476
15941 4 0 27650
15942 4 0 28478
15943 4 6 27588
15944 4 0 28483
15945 4 0 28488
15946 4 0 28487
15947 4 0 28489
15962 4 0 28492
15963 4 0 28491
15964 4 0 28493
15965 4 0 28490
15966 4 0 27874
15967 4 0 28486
15968 4 0 28484
15969 4 0 28503
15970 4 0 28554
15971 4 0 24014
15972 4 0 28562
15973 4 0 28551
15974 4 0 5072
15975 4 0 28514
15976 4 0 28555
15977 4 0 28025
15978 4 0 28513
15979 4 0 18289
15980 4 0 28505
15981 4 0 28553
15982 4 0 28510
15983 4 0 28516
15984 4 0 27929
15985 4 0 28500
15986 4 0 20384
15987 4 0 28501
15988 4 0 15884
15989 4 0 28511
15990 4 6 27055
15991 4 6 18775
15992 7 1 6379
15993 7 2 25482
15994 7 1 26611
15995 2 3 26616
15996 15 2 26612
15997 6 3 26613
15998 12 0 3029
15999 4 1 26614
16000 7 1 19481
16001 12 0 26615
16002 12 0 26615
16003 12 0 26615
16004 2 3 26737
16005 7 2 7626
16006 7 1 26618
16007 2 3 24721
16008 4 1 26621
16009 4 0 6497
16022 4 0 60693
16023 7 3 7913
16024 12 0 26653
16025 12 0 26653
16026 4 4 28120
16027 4 4 26658
16028 4 4 26659
16029 4 4 26753
16030 4 4 26752
16031 4 4 26662
16032 4 0 26663
16033 4 4 26664
16034 4 0 26665
16035 4 4 26668
16036 4 0 26667
16037 4 0 26669
16038 4 4 26670
16039 2 8 26674
16040 7 2 27453
16041 9 3 1102
16042 9 3 1102
16043 9 3 15274
16044 9 3 15274
16045 9 3 15274
16046 9 3 1301
16047 9 3 1301
16048 9 3 15274
16049 9 3 15274
16050 9 3 1301
16051 9 3 15274
16052 9 3 15274
16053 9 3 15274
16054 9 3 15274
16055 9 3 15274
16056 9 3 15274
16057 1 0 19595
16058 4 0 26001
16059 4 0 26683
16060 4 0 10834
16061 4 1 28729
16062 4 1 28730
16063 4 1 16601
16064 4 3 25981
16065 4 2 28734
16066 4 3 14895
16067 4 0 22415
16068 15 0 9632
16069 15 0 9632
16070 15 0 9632
16071 15 0 9632
16072 9 5 1155
16073 9 5 1134
16074 15 0 9632
16075 15 0 9632
16076 15 0 9632
16077 15 0 9632
16078 15 0 9632
16079 15 0 9632
16080 15 0 9632
16081 15 0 9632
16082 9 9 1134
16083 9 9 1155
16084 9 7 1155
16085 9 7 1134
16086 0 8 7899
16102 0 8 7899
16103 0 8 7899
16104 0 8 7899
16105 0 8 7899
16106 0 8 7899
16107 0 8 7899
16108 0 8 7899
16109 15 0 9632
16110 9 5 1301
16111 9 5 1301
16112 9 7 8117
16113 9 7 8117
16114 12 0 7867
16115 12 0 8928
16116 4 1 25910
16117 4 1 16601
16118 4 1 16719
16119 4 1 16604
16120 4 1 28730
16121 4 1 15293
16122 4 1 28729
16123 4 0 6539
16124 4 0 6539
16125 4 0 6539
16126 4 2 28730
16127 4 2 16604
16128 4 2 15293
16129 4 3 14895
16130 4 4 15293
16131 4 3 25981
16132 4 2 16604
16133 4 2 15293
16134 4 3 13670
16135 4 1 28734
16136 4 1 28730
16137 4 1 16604
16138 4 1 15293
16139 4 2 21298
16140 4 2 21298
16141 4 3 30091
16142 4 3 25861
16143 4 3 25847
16144 4 2 14950
16145 4 1 28730
16146 4 1 15293
16147 4 1 28729
16148 4 2 14950
16149 4 3 25847
16150 4 2 11956
16151 4 1 28734
16152 4 1 28730
16153 4 1 16604
16154 4 1 28729
16155 4 2 11956
16156 4 2 21298
16157 4 3 14895
16158 4 3 25861
16159 4 3 30091
16160 4 4 19727
16161 4 4 19678
16162 4 4 19727
16163 4 3 25784
16164 4 3 25788
16165 4 3 26039
16166 0 5 21473
16167 0 5 26732
16168 0 5 26735
16169 0 5 26736
16170 0 5 26734
16171 0 5 26733
16172 4 4 19678
16173 15 0 9632
16174 15 0 9632
16175 15 0 9632
16176 15 0 9632
16177 15 0 9632
16178 15 0 9632
16179 15 0 9632
16180 15 0 9632
16181 15 0 9632
16182 15 0 9632
16183 15 0 9632
16184 15 0 9632
16185 15 0 9632
16186 15 0 9632
16187 15 0 9632
16188 15 0 9632
16189 12 0 3018
16190 12 0 4045
16191 12 0 26754
16192 12 0 7886
16202 7 12 26771
16203 7 12 26772
16204 7 12 26773
16205 12 0 26774
16206 7 12 26776
16207 7 12 26775
16208 12 0 7287
16209 12 0 3029
16210 12 0 11448
16211 4 4 15897
16212 2 7 9465
16213 4 4 15897
16214 9 8 7798
16215 9 8 7798
16216 9 8 7798
16217 9 8 7798
16218 9 8 7798
16219 9 8 7798
16220 9 8 7798
16221 9 8 7798
16222 9 8 7798
16223 9 8 7798
16224 9 8 7798
16242 9 8 7798
16243 9 8 7798
16244 9 8 7798
16245 9 8 7798
16246 9 8 7798
16247 9 8 7798
16248 9 8 7798
16249 9 8 7798
16250 9 8 7798
16251 9 8 7798
16252 9 8 7798
16253 9 8 7798
16254 9 8 7798
16255 9 8 7798
16262 12 0 6349
16263 12 0 3023
16282 0 0 7382
16283 12 0 1168
16302 9 0 1246
16303 12 0 26924
16304 12 0 26925
16305 12 0 7266
16306 12 0 2376
16307 12 0 8927
16308 13 0 26926
16309 4 0 26950
16310 12 0 3023
16311 12 0 26976
16312 12 0 7119
16313 12 0 27056
16314 12 0 1236
16315 4 1 27087
16316 9 0 1246
16317 9 0 1246
16318 9 0 1246
16319 9 0 1246
16320 9 0 1246
16321 9 0 1246
16322 9 0 1246
16323 9 0 1246
16324 9 0 1246
16325 9 0 1246
16326 9 0 1246
16327 9 0 1246
16328 9 0 1246
16329 9 0 1246
16330 9 0 1246
16331 9 0 1246
16332 12 0 27086
16333 12 0 7099
16334 4 0 30797
16335 4 0 30797
16336 4 1 27087
16337 4 1 27087
16338 15 0 13108
16339 15 0 25132
16340 4 1 27088
16341 4 1 27088
16342 4 1 27087
16343 15 0 16208
16344 15 0 16208
16345 2 7 31997
16346 9 0 1246
16347 9 0 1246
16348 9 0 1246
16349 9 0 1246
16350 9 0 1246
16351 9 0 1246
16352 9 0 1246
16353 9 0 1246
16354 9 0 1246
16355 9 0 1246
16356 9 0 1246
16357 9 0 1246
16358 9 0 1246
16359 9 0 1246
16360 9 0 1246
16361 9 0 1246
16362 9 0 1246
16363 9 0 1246
16364 9 0 1246
16365 9 0 1246
16366 9 0 1246
16367 4 1 27163
16368 9 0 1246
16369 4 1 31063
16370 4 1 27165
16371 9 0 1246
16372 9 0 1246
16373 9 0 1246
16374 9 0 1246
16375 9 0 1246
16376 9 0 1246
16377 9 0 1246
16378 9 0 1246
16379 9 0 1246
16380 9 0 1246
16381 9 0 1246
16382 9 0 1246
16383 9 0 1246
16384 9 0 1246
16385 9 0 1246
16386 9 0 1246
16387 9 0 1246
16388 9 0 1246
16389 9 0 1246
16390 9 0 1246
16391 4 1 31064
16392 4 2 31068
16393 4 2 31070
16394 4 2 27204
16395 4 2 27204
16396 4 2 31075
16397 4 2 31071
16398 4 2 27209
16399 4 2 27209
16400 4 3 27211
16401 4 3 31244
16402 4 3 27217
16403 4 3 31245
16404 4 4 27223
16405 4 4 26752
16406 4 4 31086
16407 4 4 27226
16408 12 0 27227
16409 4 4 31082
16410 4 4 30321
16411 4 4 27226
16412 4 4 27223
16413 4 1 31057
16414 4 1 27230
16415 4 1 27231
16416 4 1 27232
16417 4 2 31072
16418 4 2 31077
16419 4 2 31073
16420 4 2 31076
16421 4 2 31074
16422 4 2 27235
16423 4 2 27236
16424 4 2 27234
16425 4 3 31241
16426 4 3 31242
16427 4 3 31247
16428 4 3 31246
16429 4 4 28934
16430 4 4 31083
16431 4 4 26659
16432 4 4 26662
16433 4 4 30315
16434 4 4 30316
16435 4 4 31084
16436 4 4 31085
16437 4 1 33009
16438 4 1 30338
16439 4 1 30340
16440 4 1 32988
16441 4 1 32978
16442 4 1 28715
16443 4 1 32981
16444 4 1 33004
16445 4 2 30331
16446 4 2 30333
16447 4 2 30332
16448 4 2 30334
16449 4 2 30328
16450 4 2 30329
16451 4 2 30330
16452 4 2 30327
16453 4 2 30327
16454 4 2 30334
16455 4 2 30330
16456 4 2 30329
16457 4 2 30328
16458 4 2 30332
16459 4 2 30333
16460 4 2 30331
16461 4 3 30324
16462 4 3 32095
16463 4 3 32098
16464 4 3 30325
16465 4 3 32093
16466 4 3 32094
16467 4 3 32097
16468 4 3 32092
16469 4 4 30320
16470 4 4 30322
16471 4 4 30321
16472 4 4 30319
16473 4 4 30315
16474 4 4 30316
16475 4 4 30317
16476 4 4 30318
16477 4 4 30315
16478 4 4 38343
16479 4 4 30317
16480 4 4 30318
16481 4 4 30320
16482 4 4 30322
16483 4 4 30319
16484 4 4 30321
16485 4 1 31097
16486 4 1 27255
16487 4 1 31098
16488 4 1 27257
16489 4 1 31099
16490 4 1 26144
16491 4 1 31102
16492 4 1 31100
16493 4 2 27262
16494 4 2 27263
16495 4 2 27264
16496 4 2 27265
16497 4 2 30801
16498 4 2 31035
16499 4 2 31036
16500 4 2 27264
16501 4 2 28935
16502 4 2 27267
16503 4 2 28106
16504 4 2 31037
16505 4 2 31039
16506 4 2 30358
16507 4 2 31038
16508 4 2 31040
16509 4 4 31050
16510 4 4 31051
16511 4 4 27272
16512 4 4 27273
16513 4 4 27274
16514 4 4 30071
16515 4 4 31052
16516 4 4 31049
16517 4 3 27277
16518 4 3 31183
16519 4 3 27279
16520 4 3 27280
16521 4 3 30072
16522 4 3 31185
16523 4 3 31186
16524 4 3 30382
16525 4 3 31048
16526 4 3 31184
16527 4 3 30367
16528 4 3 31047
16529 4 3 27280
16530 4 3 31182
16531 4 3 31181
16532 4 3 27277
16533 4 1 32999
16534 4 1 32998
16535 4 1 33085
16536 4 1 33089
16537 4 1 30346
16538 4 1 30345
16539 4 1 32996
16540 4 1 32997
16541 4 4 30373
16542 4 4 30374
16543 4 4 30375
16544 4 4 30928
16545 4 4 30370
16546 4 4 30369
16547 4 4 30372
16548 4 4 30371
16549 4 2 32110
16550 4 2 32134
16551 4 2 32129
16552 4 2 32108
16553 4 2 30353
16554 4 2 32106
16555 4 2 32107
16556 4 2 30354
16557 4 2 30354
16558 4 2 32114
16559 4 2 30353
16560 4 2 32113
16561 4 2 32132
16562 4 2 32131
16563 4 2 32115
16564 4 2 32112
16565 4 3 32122
16566 4 3 32135
16567 4 3 32120
16568 4 3 32125
16569 4 3 32124
16570 4 3 30362
16571 4 3 32119
16572 4 3 30364
16573 4 3 32126
16574 4 3 32100
16575 4 3 30364
16576 4 3 30362
16577 4 3 32103
16578 4 3 32133
16579 4 3 32127
16580 4 3 32128
16581 12 0 6688
16582 2 19 27451
16583 15 1 27454
16602 12 0 27471
16603 12 0 6689
16604 4 1 27472
16605 4 1 27473
16606 4 1 27477
16607 4 1 27479
16608 4 2 16947
16622 2 2 27492
16623 4 0 9857
16642 12 0 7596
16643 12 0 7596
16644 12 0 7596
16645 12 0 7629
16646 12 0 7629
16647 12 0 7629
16648 12 0 7629
16649 12 0 7629
16650 12 0 7629
16651 12 0 7629
16652 12 0 7629
16653 12 0 7629
16654 12 0 7629
16655 12 0 7629
16656 12 0 7629
16657 12 0 7629
16658 4 1 27514
16659 4 2 28270
16660 4 6 27517
16661 4 1 27521
16662 12 0 22652
16663 12 0 16325
16664 4 3 26289
16665 9 0 1317
16666 4 3 31416
16667 4 3 45174
16668 4 3 31415
16669 4 3 30925
16670 4 3 31412
16671 4 3 31411
16672 4 3 31414
16673 4 3 31413
16674 4 3 31402
16675 4 3 31408
16676 4 3 31406
16677 4 3 31410
16678 4 3 31403
16679 4 3 31409
16680 4 3 31404
16681 4 3 31405
16682 4 1 29594
16683 4 1 29597
16684 4 1 29593
16685 4 1 29596
16686 4 1 31087
16687 4 1 29273
16688 4 1 29591
16689 4 1 30211
16690 4 1 30422
16691 4 1 30430
16692 4 1 30427
16693 4 1 31104
16694 4 1 30424
16695 4 1 31103
16696 4 1 30425
16697 4 1 30426
16698 4 1 31263
16699 4 1 29797
16700 4 1 29792
16701 4 1 29798
16702 4 1 29793
16703 4 1 29795
16704 4 1 29799
16705 4 1 29800
16706 4 2 29974
16707 4 2 28180
16708 4 2 28179
16709 4 2 28161
16710 4 2 24190
16711 4 2 28162
16712 4 2 28166
16713 4 2 28177
16714 4 2 29977
16715 4 2 29981
16716 4 2 29976
16717 4 2 29979
16718 4 2 30412
16719 4 2 29975
16720 4 2 31228
16721 4 2 28160
16722 4 4 29968
16723 4 4 29966
16724 4 4 29970
16725 4 4 29967
16726 4 4 29969
16727 4 4 31207
16728 4 4 29972
16729 4 4 29971
16730 4 4 29958
16731 4 4 42241
16732 4 4 29963
16733 4 4 29964
16734 4 4 29960
16735 4 4 29961
16736 4 4 29959
16737 4 4 29962
16738 4 1 27910
16739 4 2 27911
16740 4 1 27912
16741 4 2 27913
16742 12 0 27953
16743 12 0 10301
16744 12 0 15773
16745 12 0 11449
16746 12 0 15274
16747 15 0 7842
16748 15 0 7418
16762 12 0 24037
16763 12 0 3023
16764 12 0 3023
16765 12 0 3023
16766 0 5 24733
16767 9 5 1102
16768 4 0 28187
16769 2 4 28194
16782 12 0 27227
16783 12 0 1093
16784 12 0 6614
16785 12 0 18010
16786 12 0 1504
16787 12 0 28261
16788 4 6 28407
16789 2 19 28408
16790 15 0 24153
16791 4 1 26168
16792 2 4 6794
16793 4 3 28454
16794 4 3 23729
16795 4 1 31517
16796 4 1 30582
16797 4 1 30586
16798 4 1 30581
16799 4 1 30584
16800 4 1 30587
16801 4 1 30585
16802 4 1 30583
16803 4 1 31975
16804 4 1 31970
16805 4 1 31971
16806 4 1 31969
16807 4 1 31974
16808 4 1 31987
16809 4 1 31973
16810 4 1 31972
16811 4 1 31718
16812 4 1 30620
16813 4 1 31371
16814 4 1 28198
16815 4 1 31490
16816 4 1 30623
16817 4 1 30621
16818 4 1 34046
16819 4 1 30617
16820 4 2 31105
16821 4 2 31514
16822 4 2 31340
16823 4 2 31504
16824 4 2 31109
16825 4 2 31106
16826 4 2 31503
16827 4 2 31339
16828 4 2 31722
16829 4 2 31724
16830 4 2 31725
16831 4 2 31726
16832 4 2 33653
16833 4 2 31797
16834 4 2 32790
16835 4 2 31729
16836 4 2 32016
16837 4 3 31830
16838 4 3 31829
16839 4 3 31834
16840 4 3 31831
16841 4 3 31832
16842 4 3 31835
16843 4 3 31836
16844 4 3 31833
16845 4 3 32022
16846 4 3 32028
16847 4 3 32029
16848 4 3 32030
16849 4 3 32040
16850 4 3 32021
16851 4 3 32019
16852 4 3 32024
16853 4 4 31505
16854 4 4 31506
16855 4 4 31352
16856 4 4 31510
16857 4 4 31509
16858 4 4 31353
16859 4 4 31354
16860 4 4 31507
16861 4 4 31020
16862 4 4 31025
16863 4 4 31022
16864 4 4 31019
16865 4 4 31021
16866 4 4 41847
16867 4 4 31023
16868 4 4 31024
16869 12 0 28497
16870 12 0 28497
16871 12 0 28497
16872 12 0 28497
16873 4 2 28522
16882 15 0 15692
16883 15 0 15692
16884 15 0 15590
16885 15 0 15590
16886 2 7 28586
16887 4 0 28588
16888 12 0 26584
16889 2 10 28592
16890 2 7 28593
16891 2 7 28608
16892 0 0 6009
16893 0 0 6009
16894 2 10 28610
16895 0 0 6009
16896 0 0 6009
16897 4 2 30536
16898 4 2 30542
16899 4 2 34016
16900 4 2 33655
16901 4 2 30540
16902 4 2 30546
16903 4 2 30541
16904 4 2 30548
16905 4 2 33650
16906 4 2 31111
16907 4 2 33651
16908 4 2 33743
16909 4 2 31115
16910 4 2 31110
16911 4 2 31127
16912 4 1 34044
16913 4 1 34041
16914 4 1 34218
16915 4 1 34039
16916 4 1 34038
16917 4 1 34254
16918 4 1 34045
16919 4 1 34055
16920 4 1 34051
16921 4 1 34233
16922 4 1 34049
16923 4 1 34047
16924 4 1 34048
16925 4 1 34053
16926 4 1 34052
16927 4 1 34015
16928 4 1 34013
16929 4 1 34369
16930 4 1 29857
16931 4 1 34014
16932 4 1 34022
16933 4 1 34011
16934 4 1 34012
16935 4 3 33666
16936 4 3 33665
16937 4 3 34091
16938 4 3 33672
16939 4 3 34367
16940 4 3 33668
16941 4 3 34269
16942 4 3 33667
16943 4 3 34079
16944 4 3 34078
16945 4 3 34255
16946 4 3 34084
16947 4 3 34217
16948 4 3 34082
16949 4 3 34083
16950 4 3 34081
16951 4 4 33634
16952 4 4 33633
16953 4 4 34258
16954 4 4 33637
16955 4 4 45888
16956 4 4 33636
16957 4 4 33639
16958 4 4 33635
16959 4 4 33982
16960 4 4 33990
16961 4 4 34253
16962 4 4 33986
16963 4 4 34215
16964 4 4 33984
16965 4 4 33989
16966 4 4 33983
16967 15 0 24715
16968 12 0 24702
16969 12 0 18535
16970 12 0 28622
16971 0 5 16211
16972 12 0 6748
16973 12 0 17898
16974 12 0 28732
16975 4 1 28746
16976 12 0 10365
16977 4 2 28749
16978 4 3 28750
16979 4 1 28754
16980 4 1 28756
16981 4 1 16664
16982 4 2 28770
16983 4 2 28856
16984 4 3 28760
16985 4 1 26026
16986 4 3 28288
16987 4 2 28767
16988 4 3 28773
16989 4 3 28774
16990 4 1 28775
16991 12 0 25147
16992 2 3 28786
16993 2 19 28818
16994 4 2 28822
16995 4 2 28823
16996 2 2 28827
16997 2 19 28828
16998 4 6 28829
16999 4 0 28830
17000 4 0 24022
17001 4 0 28831
17002 2 0 28834
17003 2 4 28835
17004 2 10 28836
17005 4 2 28837
17006 4 3 26995
17007 4 3 28838
17008 15 0 1301
17009 12 0 14023
17010 7 11 28840
17011 7 11 28841
17012 7 6 28842
17013 4 4 28843
17014 4 4 28844
17015 2 7 28848
17016 2 0 23276
17017 9 2 1102
17018 9 2 1102
17019 15 1 13123
17020 15 1 7414
17021 15 1 29165
17022 9 1 1102
17023 9 1 1102
17024 15 1 28857
17025 9 1 1102
17026 15 1 7406
17027 15 1 28859
17028 15 1 28860
17029 15 1 28861
17030 5 0 18725
17031 15 1 20984
17032 15 1 28862
17033 15 1 28863
17034 15 1 7287
17035 15 1 7287
17036 15 1 7287
17037 15 1 7287
17038 15 1 7287
17039 2 4 28869
17040 2 4 28866
17041 2 4 28867
17042 2 3 28870
17043 4 1 28871
17044 4 0 23716
17045 4 0 28682
17046 2 0 28873
17047 4 1 12473
17048 0 0 18119
17049 9 4 6270
17050 4 1 28990
17051 9 4 6270
17052 9 4 6270
17053 9 4 6270
17054 2 7 28876
17055 2 4 15887
17056 15 1 28877
17057 15 1 28878
17058 15 1 15773
17059 9 4 6270
17060 9 4 6270
17061 4 1 28891
17062 9 5 1102
17063 4 0 9840
17064 4 0 26374
17065 4 0 4841
17066 4 6 34110
17067 4 0 29717
17068 2 0 29161
17069 2 2 30927
17070 2 15 29706
17071 2 15 34111
17072 2 3 29163
17073 2 5 32162
17074 2 6 29176
17075 2 7 32197
17076 2 8 32199
17077 2 19 29195
17078 4 1 29719
17082 4 0 29722
17102 4 1 29824
17103 2 7 29677
17104 2 1 32200
17105 2 4 34109
17106 4 6 29702
17107 4 1 29827
17108 4 0 23728
17109 4 0 9858
17110 4 0 29697
17111 4 0 6484
17112 2 4 29171
17113 2 10 29703
17114 12 0 20784
17115 12 0 9649
17116 12 0 9649
17117 12 0 2618
17118 12 0 28999
17119 0 5 29036
17122 12 0 29050
17123 2 7 29066
17124 12 0 17655
17125 12 0 8918
17126 12 0 7726
17142 2 15 29097
17162 0 8 2760
17163 0 8 29131
17182 2 5 29698
17183 4 6 2208
17184 4 6 18480
17185 4 6 18509
17186 4 6 18506
17187 4 6 27782
17188 4 6 18468
17189 4 6 18477
17190 4 6 18516
17191 2 10 57734
17192 4 6 2324
17193 2 5 29699
17194 15 3 29164
17195 15 0 29165
17196 0 5 18079
17197 0 5 29166
17198 0 5 29172
17199 0 5 29173
17200 9 5 811
17201 9 5 811
17202 15 3 29169
17203 7 7 29174
17204 7 11 29175
17222 0 5 38257
17223 2 6 29191
17224 12 0 7365
17242 13 0 13290
17262 13 0 13290
17282 2 15 29276
17283 2 15 6249
17302 0 8 29444
17303 0 8 29442
17304 0 8 29440
17305 0 8 29441
17306 12 0 15711
17307 0 8 29443
17308 0 8 29445
17309 12 0 29311
17310 12 0 21672
17322 12 0 24730
17323 12 0 29312
17324 12 0 29312
17325 12 0 29312
17326 12 0 22024
17327 12 0 25475
17328 12 0 25467
17329 12 0 29315
17330 12 0 29314
17331 12 0 29317
17332 12 0 29316
17333 12 0 21672
17342 2 7 1121
17343 4 1 15897
17344 0 5 29331
17345 12 0 6703
17346 12 0 29351
17347 12 0 23475
17348 0 1 15771
17349 0 1 29352
17350 0 0 15717
17351 0 1 29353
17352 0 1 29354
17353 12 0 1096
17354 12 0 29355
17355 12 0 3093
17362 12 0 29312
17363 12 0 29312
17364 12 0 7365
17382 2 0 29397
17383 2 1 29408
17384 12 0 23475
17402 0 5 18117
17403 0 5 18080
17404 0 5 19873
17405 15 3 18091
17406 0 5 6425
17407 0 5 1041
17408 0 5 25469
17409 12 0 29450
17410 12 0 23475
17411 12 0 29451
17412 9 0 1143
17413 9 0 1143
17414 9 0 1143
17422 12 0 29468
17423 12 0 26571
17442 12 0 1096
17462 2 0 29495
17463 2 1 29496
17482 4 6 29550
17502 12 0 9310
17503 12 0 19462
17504 12 0 29571
17505 12 0 29312
17506 12 0 29312
17507 12 0 29312
17508 4 6 4405
17522 12 0 11449
17523 4 1 29630
17542 12 0 7913
17562 4 1 31059
17563 4 1 27165
17564 4 1 31060
17565 4 1 27163
17566 4 1 30341
17567 4 1 30385
17568 4 1 31053
17569 4 1 31066
17570 4 1 27258
17571 4 1 31032
17572 4 1 27260
17573 4 1 30381
17574 4 1 27257
17575 4 1 27255
17576 4 1 31026
17577 4 1 27256
17578 4 1 32979
17579 4 1 33007
17580 4 1 33002
17581 4 1 33001
17582 4 1 30338
17583 4 1 33006
17584 4 1 32995
17585 4 1 30340
17586 4 1 33076
17587 4 1 30345
17588 4 1 33077
17589 4 1 30346
17590 4 1 33088
17591 4 1 33071
17592 4 1 33079
17593 4 1 30380
17594 4 1 31061
17595 4 1 27165
17596 4 1 31062
17597 4 1 27163
17598 4 1 31065
17599 4 1 25198
17600 4 1 31058
17601 4 1 31067
17602 4 1 32980
17603 4 1 32991
17604 4 1 33005
17605 4 1 32984
17606 4 1 30338
17607 4 1 32992
17608 4 1 32990
17609 4 1 30340
17610 4 1 31030
17611 4 1 31033
17612 4 1 30351
17613 4 1 31031
17614 4 1 27257
17615 4 1 27255
17616 4 1 31027
17617 4 1 31028
17618 4 1 33080
17619 4 1 30345
17620 4 1 33081
17621 4 1 30346
17622 4 1 33083
17623 4 1 33082
17624 4 1 33084
17625 4 1 26021
17626 12 0 29653
17642 12 0 29671
17643 12 0 29671
17662 12 0 8928
17682 9 0 1317
17683 9 0 1317
17684 12 0 29731
17685 15 0 29692
17686 2 2 20555
17687 2 3 8095
17688 4 4 29693
17689 12 0 10301
17690 4 0 31475
17691 4 0 31480
17692 4 0 4284
17693 12 0 22429
17694 4 0 4284
17695 4 1 16572
17696 12 0 45599
17702 12 0 29948
17703 12 0 29691
17704 2 0 29759
17705 2 7 29769
17706 9 4 15274
17707 4 0 29842
17708 0 2 4136
17709 9 6 1301
17710 2 15 29872
17711 4 4 29880
17712 15 0 29903
17713 4 0 23629
17714 4 3 29890
17715 4 1 29894
17716 7 3 29895
17717 2 3 4427
17718 4 6 29896
17719 2 7 29897
17720 9 3 15274
17721 4 2 29898
17722 9 1 1102
17723 4 0 29901
17724 9 2 1102
17725 9 8 11431
17726 15 0 29902
17727 15 0 24053
17728 4 2 30172
17729 0 0 29906
17730 2 1 29907
17731 12 0 3331
17732 4 1 29908
17733 2 4 29910
17734 4 4 29911
17735 15 0 1103
17736 4 3 29912
17737 4 0 29914
17738 2 13 29915
17739 4 1 29916
17740 4 2 29941
17741 4 1 29918
17742 4 2 29919
17743 2 10 22391
17744 4 0 29922
17745 2 19 29924
17746 4 4 29925
17747 0 8 6624
17748 4 1 29927
17749 4 2 29928
17750 4 1 29929
17751 4 2 29930
17752 2 15 29931
17753 2 2 29932
17754 4 3 29934
17755 4 1 14456
17756 12 0 6688
17757 12 0 13024
17758 12 0 29935
17759 4 0 23717
17760 12 0 19492
17761 12 0 4777
17762 12 0 6851
17763 12 0 18707
17764 12 0 1659
17765 12 0 6496
17766 2 5 29939
17767 4 3 29942
17768 4 0 23608
17769 4 3 29944
17770 4 4 30957
17771 7 7 29946
17772 4 0 15420
17773 4 0 15420
17774 4 0 29947
17775 4 1 29951
17776 4 2 29952
17777 4 3 29953
17778 4 2 29954
17779 4 4 29955
17780 2 15 29957
17781 12 0 7798
17782 4 0 6494
17783 4 0 6494
17802 2 7 30606
17822 12 0 1322
17823 12 0 7629
17824 15 0 9632
17825 15 0 9632
17826 15 0 9632
17827 0 8 7899
17828 0 8 7899
17829 0 8 7899
17830 0 8 7899
17831 15 0 9632
17832 15 0 9632
17833 15 0 9632
17834 15 0 9632
17835 15 0 9632
17836 15 0 9632
17837 15 0 9632
17838 15 0 9632
17839 15 0 9632
17840 15 0 9632
17841 15 0 9632
17842 15 0 9632
17843 15 0 9632
17844 15 0 9632
17845 15 0 9632
17846 15 0 9632
17847 15 0 9632
17848 15 0 9632
17849 12 0 23520
17850 12 0 6748
17851 15 0 9632
17852 15 0 9632
17853 15 0 9632
17854 15 0 9632
17855 15 0 9632
17856 15 0 9632
17857 15 0 9632
17858 15 0 9632
17859 15 0 9632
17860 15 0 9632
17861 15 0 9632
17862 15 0 9632
17882 0 8 7899
17883 0 8 7899
17884 0 8 7899
17885 0 8 7899
17886 4 0 7899
17887 0 8 7899
17888 0 8 7899
17889 0 8 7899
17890 0 8 7899
17891 0 8 7899
17892 0 8 7899
17893 0 8 7899
17894 0 8 7899
17895 0 8 7899
17896 0 8 7899
17897 0 8 7899
17898 0 8 7899
17899 0 8 7899
17900 4 0 31480
17901 4 0 31481
17902 4 0 31482
17903 4 0 31483
17904 4 0 31484
17905 4 0 31475
17906 4 0 31476
17907 4 0 31477
17908 4 0 31478
17909 4 0 31479
17910 15 0 9632
17911 15 0 9632
17922 4 2 30171
17942 2 5 30255
17943 2 4 29910
17962 15 0 2588
17963 15 0 3568
17964 15 0 1282
17965 15 0 1168
17966 1 0 30271
17967 7 6 20914
17968 7 11 20914
17969 15 0 4056
17982 4 0 28682
18002 2 1 30294
18022 4 0 28830
18023 4 0 4006
18042 6 2 62289
18043 4 2 2373
18044 2 4 30436
18045 0 5 30437
18046 9 5 1301
18047 4 3 30439
18048 2 4 30440
18062 2 5 30455
18063 15 0 24011
18082 2 10 30472
18083 4 1 30474
18102 4 1 14617
18103 4 0 24022
18104 4 3 30492
18105 0 8 30494
18106 0 8 12206
18122 2 10 30516
18123 2 10 30517
18142 12 0 19540
18143 12 0 30532
18144 12 0 13806
18145 12 0 23358
18146 12 0 30533
18147 12 0 3422
18148 12 0 7741
18149 12 0 24572
18150 12 0 20220
18151 12 0 8547
18152 12 0 8547
18153 12 0 30534
18154 0 8 30658
18155 12 0 30534
18156 12 0 30534
18157 12 0 30534
18158 12 0 30534
18159 12 0 30534
18160 9 5 1102
18161 4 0 9992
18162 4 0 9992
18163 4 0 9992
18164 4 0 9992
18165 4 0 9992
18166 4 6 30559
18167 2 7 16539
18168 4 6 41067
18169 12 0 30562
18170 12 0 30563
18171 12 0 30564
18172 12 0 30565
18173 12 0 30566
18182 12 0 30567
18202 2 13 30594
18203 2 13 30595
18204 4 1 30577
18205 4 0 16132
18206 12 0 6349
18207 12 0 30593
18208 4 1 15273
18209 0 0 26618
18222 15 0 30600
18223 15 0 30601
18224 15 0 6501
18225 15 0 30602
18226 15 0 18010
18227 15 0 20628
18228 15 0 30603
18229 15 0 12547
18230 15 0 12410
18231 4 0 30605
18232 7 3 19503
18233 15 0 18170
18234 15 0 24154
18235 9 3 1301
18236 15 0 13433
18237 15 0 21368
18238 4 2 15753
18239 9 1 1102
18240 7 11 292
18241 15 5 30608
18242 15 5 17606
18243 15 5 59463
18244 15 5 17343
18245 15 5 16208
18246 15 5 17494
18247 15 5 29447
18248 15 5 17786
18249 13 0 20802
18250 15 0 22071
18251 0 6 30647
18252 9 1 6270
18253 0 1 37846
18254 0 5 26733
18255 0 5 21974
18256 7 11 51757
18257 9 6 6270
18258 12 0 30611
18259 9 8 7798
18260 9 8 7798
18261 12 0 1103
18262 0 8 21072
18263 4 1 27972
18264 9 4 6270
18265 9 2 6270
18266 13 0 7737
18267 9 5 1301
18268 13 0 3118
18269 0 0 18119
18282 2 3 31210
18283 7 3 7326
18284 0 0 18115
18285 15 0 2516
18286 15 0 30634
18287 0 5 18080
18288 0 5 7921
18289 4 0 9860
18290 9 3 6270
18291 9 3 6270
18292 9 3 6270
18293 2 0 30638
18294 0 2 3665
18295 4 1 30639
18296 4 3 30643
18297 0 0 30650
18298 4 2 30654
18299 12 0 17889
18300 0 5 21845
18301 2 19 30660
18302 4 0 30661
18303 4 6 4403
18304 4 3 30663
18305 4 4 30671
18306 4 1 30669
18307 4 1 30667
18308 4 2 30670
18309 4 2 30672
18310 2 7 30673
18311 2 10 28511
18312 4 4 30675
18313 4 4 41372
18314 4 0 24646
18315 4 0 28812
18316 4 0 24122
18317 4 0 9853
18318 4 3 30679
18319 4 3 30680
18320 4 3 30681
18321 2 4 30915
18322 4 2 6779
18323 2 2 30683
18324 2 1 13360
18325 4 2 30685
18326 4 4 30686
18327 4 1 30688
18328 4 1 30689
18329 12 0 30690
18330 12 0 30690
18331 12 0 30690
18332 9 0 12547
18333 9 0 6672
18334 9 0 1317
18335 12 0 30690
18336 12 0 30691
18337 4 1 30693
18338 2 19 21016
18339 4 1 30703
18340 4 0 30696
18341 4 1 30697
18342 4 6 7559
18343 4 0 9836
18344 4 2 25706
18345 4 0 9840
18346 4 1 30698
18347 2 0 30699
18348 2 7 52784
18349 4 3 30702
18350 4 1 15217
18351 4 4 30704
18352 4 6 30706
18353 2 10 30711
18354 4 0 1399
18355 4 0 15420
18356 12 0 1246
18357 12 0 1103
18358 12 0 7139
18359 12 0 1317
18360 12 0 8093
18361 12 0 12547
18362 12 0 1155
18363 12 0 6672
18364 12 0 1134
18365 15 0 5780
18366 4 4 30721
18367 4 3 30720
18368 4 2 30719
18369 4 1 16710
18370 4 0 30722
18371 4 0 30723
18372 2 15 30724
18373 4 2 17099
18374 4 2 18971
18375 4 2 30727
18376 2 4 30728
18377 4 2 30729
18378 4 3 30730
18379 4 3 30736
18380 4 4 30737
18381 4 0 30738
18382 4 1 30739
18383 4 4 30740
18384 4 4 30743
18385 4 1 30744
18386 4 1 21964
18387 4 1 13656
18388 2 18 30747
18389 4 1 15247
18390 4 2 18935
18391 4 2 30749
18392 2 15 6443
18393 4 3 30751
18394 4 3 30753
18395 4 0 9842
18396 2 7 30754
18397 4 0 9859
18398 4 0 9832
18399 4 0 28812
18400 4 0 26001
18401 12 0 1317
18402 4 0 29697
18403 4 0 26391
18404 4 0 9860
18405 4 1 30763
18406 4 0 30764
18407 4 1 17216
18408 4 1 30772
18409 4 1 30774
18410 2 8 30778
18411 4 2 31732
18412 12 0 30780
18413 4 1 30783
18414 9 2 1096
18415 9 2 6270
18416 9 2 6270
18417 9 2 6270
18418 9 2 6270
18419 2 1 30791
18420 2 5 30792
18421 4 3 42211
18422 12 0 28496
18423 12 0 28496
18424 4 2 30795
18425 4 0 30796
18426 12 0 18597
18427 4 1 27088
18428 4 0 30797
18429 4 4 27273
18430 4 4 27273
18431 4 4 27273
18432 4 3 27277
18433 4 3 27277
18434 4 2 27262
18435 4 2 30801
18436 4 2 27262
18437 4 1 27255
18438 4 0 23521
18439 4 1 27088
18440 4 1 27087
18441 4 1 27087
18442 4 0 30799
18443 4 0 30799
18444 4 0 30799
18445 4 4 27223
18446 4 4 27223
18447 4 4 27223
18448 4 3 31248
18449 4 3 31248
18450 4 1 30802
18451 4 2 30803
18452 4 2 30804
18453 4 2 30804
18454 4 2 30805
18455 4 2 30805
18456 4 1 30806
18457 4 1 30806
18458 4 3 26103
18459 4 4 30807
18460 2 3 30809
18461 4 1 27088
18462 2 13 30813
18463 2 7 30814
18464 4 0 9849
18465 4 0 29712
18466 4 0 29712
18467 4 0 29712
18468 4 0 29712
18469 4 0 29712
18470 4 0 29712
18471 4 0 29712
18472 4 0 29712
18473 4 0 29712
18474 15 0 1246
18475 4 1 15399
18476 4 2 30817
18477 4 2 17142
18478 4 2 30819
18479 4 3 30820
18480 4 4 30821
18481 2 5 5233
18482 2 2 8106
18483 2 19 25076
18484 2 7 30822
18485 4 6 20900
18486 4 1 30824
18487 9 2 1102
18488 12 0 6511
18489 12 0 20797
18490 4 2 33293
18491 2 15 30827
18492 12 0 30828
18493 4 4 30829
18494 4 3 30830
18495 4 1 30831
18496 4 1 30832
18497 4 1 30833
18498 2 0 30834
18499 4 6 30835
18500 4 0 9823
18501 12 0 21472
18502 2 6 30836
18503 4 4 30837
18504 4 2 30839
18505 4 2 30838
18506 4 2 9080
18507 4 1 19921
18508 4 3 30848
18509 4 1 30849
18510 4 1 30850
18511 4 1 30851
18512 7 11 30852
18513 12 0 20797
18514 9 1 6270
18515 9 1 6270
18516 9 1 6270
18517 9 1 1096
18518 9 1 1096
18519 9 1 1096
18520 2 8 30853
18521 4 4 30854
18522 4 0 23897
18523 4 0 30855
18524 4 3 30857
18525 4 2 30859
18526 4 1 30860
18527 4 3 30862
18528 4 2 30864
18529 4 4 30865
18530 4 3 30866
18531 2 5 30867
18532 4 1 30868
18533 4 4 30869
18534 2 10 30870
18535 4 6 30872
18536 4 0 30875
18537 4 0 21072
18538 2 1 30881
18539 12 0 18721
18540 12 0 18721
18541 4 1 30882
18542 2 8 30886
18543 4 0 30661
18544 4 2 30893
18545 4 1 24615
18546 4 3 30889
18547 4 4 30894
18562 7 7 24673
18563 15 0 30912
18564 15 0 30912
18565 12 0 20784
18566 12 0 30913
18567 7 7 30916
18582 2 7 30936
18583 2 7 30934
18584 2 7 30935
18585 4 0 9839
18586 4 0 9823
18587 7 3 31203
18588 7 2 18063
18589 12 0 20872
18590 12 0 15788
18591 12 0 30952
18592 9 4 1102
18593 12 0 30953
18594 7 2 30999
18595 0 0 7050
18596 2 0 30956
18597 15 0 30959
18598 15 0 30959
18599 0 8 36684
18600 9 0 1103
18601 12 0 6689
18602 4 0 30875
18603 12 0 3663
18604 12 0 6688
18605 12 0 6689
18606 0 0 31256
18607 0 0 31257
18608 2 10 31347
18609 2 10 31346
18610 2 7 5139
18611 4 2 9975
18612 4 3 6845
18622 12 0 21072
18623 12 0 21072
18624 12 0 21072
18625 12 0 8560
18626 12 0 20874
18627 12 0 31168
18628 12 0 30953
18629 12 0 19239
18630 12 0 31170
18631 7 1 30995
18632 0 5 16837
18633 0 5 30996
18634 4 0 31199
18635 0 5 30997
18636 7 3 7064
18637 4 0 31204
18638 4 0 31198
18639 4 0 31200
18640 0 8 46245
18641 7 2 18062
18642 12 0 8927
18643 12 0 7629
18644 2 10 31016
18645 7 3 36529
18646 4 0 31029
18647 9 3 1301
18648 9 3 1301
18649 9 3 1301
18650 9 3 1102
18651 9 3 1102
18652 9 3 1301
18653 9 3 15274
18654 9 3 15274
18655 9 3 15274
18656 9 3 1301
18657 9 3 15274
18658 9 3 15274
18659 12 0 31034
18660 7 3 31205
18661 9 3 15274
18662 0 8 34892
18663 12 0 7155
18664 15 0 31095
18665 4 0 31096
18666 0 8 7899
18667 0 8 7899
18668 0 8 7899
18669 0 8 7899
18670 12 0 2616
18671 2 4 31119
18672 4 0 31120
18673 4 6 31121
18674 4 0 9836
18675 15 0 4742
18676 4 3 31122
18677 4 1 15148
18678 4 0 9853
18679 4 0 28831
18680 2 2 30926
18681 4 1 10177
18682 4 2 10006
18683 2 4 31126
18684 4 0 9840
18685 12 0 16325
18686 4 3 31130
18687 12 0 13123
18688 12 0 7155
18689 4 1 31131
18690 4 4 25226
18691 4 0 15420
18692 4 4 31133
18693 4 1 31136
18694 4 3 7002
18695 4 0 31138
18696 4 6 18790
18697 4 1 31139
18698 4 2 21958
18699 4 2 31142
18700 4 2 27048
18701 4 0 28733
18702 4 4 31143
18703 12 0 31144
18704 12 0 31145
18705 12 0 31146
18706 12 0 31147
18707 12 0 31148
18708 12 0 31150
18709 4 1 36935
18710 4 2 31159
18711 4 3 31160
18712 4 4 31161
18713 2 2 31338
18714 11 2 31162
18715 2 10 31163
18716 4 2 31166
18717 2 5 23239
18718 4 4 31167
18719 12 0 3422
18720 4 1 13672
18721 4 3 31171
18722 4 4 31173
18723 4 0 6539
18724 12 0 31146
18725 2 6 31174
18726 4 2 31175
18727 4 1 31177
18728 4 0 9657
18729 2 2 31240
18730 4 1 31180
18731 9 1 1301
18732 4 0 25992
18733 4 0 25990
18734 4 1 31351
18735 4 1 31188
18736 4 2 16133
18737 2 0 31189
18738 2 18 31239
18739 4 4 31191
18740 4 1 31192
18741 4 4 31193
18742 4 3 31194
18743 4 1 15163
18744 4 2 31196
18745 4 1 2311
18746 12 0 31208
18747 4 1 27231
18748 12 0 3233
18749 12 0 1695
18750 12 0 18072
18751 12 0 6349
18752 12 0 31211
18753 12 0 31212
18754 4 4 31213
18755 2 3 31237
18756 4 6 31216
18757 4 1 31217
18758 2 15 20574
18759 2 1 31219
18760 4 0 9839
18761 2 19 31677
18762 4 0 31223
18763 2 3 31224
18764 2 3 31225
18765 2 3 31226
18766 15 5 17608
18767 15 5 17608
18768 15 5 17608
18769 12 0 7139
18770 12 0 7139
18771 12 0 7139
18772 15 5 17785
18773 15 5 17785
18774 15 5 17785
18775 12 0 7087
18776 15 5 25132
18777 15 5 25132
18778 15 5 25132
18779 12 0 24153
18780 12 0 24153
18781 12 0 31238
18782 12 0 31238
18783 12 0 8628
18784 12 0 8628
18785 15 5 17343
18786 15 5 17343
18787 15 5 17343
18788 15 5 17494
18789 15 5 17494
18790 15 5 17494
18791 15 5 17786
18792 12 0 31350
18793 15 5 29448
18794 15 5 29447
18795 15 5 29448
18796 15 5 16208
18797 15 5 16207
18798 15 5 16207
18799 12 0 6014
18800 2 4 31258
18801 2 10 31250
18802 12 0 16325
18803 2 5 31265
18804 12 0 6430
18805 2 15 33626
18806 4 4 31271
18807 4 3 37667
18808 4 1 31276
18809 4 1 31278
18810 4 2 16526
18811 4 1 24159
18812 4 3 31280
18813 4 0 9823
18814 4 0 1399
18815 4 0 31282
18816 2 15 33615
18817 4 3 31286
18818 12 0 8093
18819 12 0 31211
18820 4 0 31287
18821 4 0 9835
18822 2 8 34112
18823 4 2 31290
18824 4 4 31295
18825 4 6 31733
18826 4 6 31746
18827 2 0 31956
18828 2 0 31957
18829 4 3 31468
18830 2 1 31302
18831 2 1 31958
18832 2 7 31309
18833 2 2 31759
18834 4 0 37841
18835 2 2 31748
18836 2 18 31757
18837 2 18 31749
18838 2 15 31379
18839 0 1 29352
18840 2 15 31381
18841 0 1 29354
18842 2 10 34114
18843 2 13 32033
18844 2 13 31754
18845 4 0 37841
18846 4 0 37841
18847 2 13 32032
18848 2 13 31752
18849 4 0 37841
18850 4 0 37841
18851 4 0 37841
18852 4 0 37841
18853 4 0 37841
18854 4 0 37840
18855 2 3 31758
18856 4 0 37840
18857 4 0 37840
18858 4 0 37840
18859 4 0 37840
18860 2 3 31747
18861 4 4 31320
18862 4 0 37840
18863 4 0 37840
18864 4 0 37840
18865 2 4 31955
18866 2 4 31751
18867 2 5 31954
18868 2 5 31750
18869 2 6 31761
18870 4 3 31327
18871 2 6 31766
18872 4 1 31331
18873 2 10 31764
18874 2 10 31765
18875 4 2 31333
18876 2 8 31996
18877 2 8 31998
18878 2 15 31337
18879 4 0 9836
18880 12 0 14023
18881 2 5 29698
18882 2 8 29170
18902 15 5 17608
18903 12 0 20625
18904 12 0 20625
18922 12 0 7956
18942 12 0 31376
18943 12 0 7718
18944 12 0 23436
18945 12 0 20614
18946 12 0 3920
18947 12 0 6683
18948 4 2 31385
18949 9 1 1102
18950 12 0 31386
18951 4 0 31387
18952 12 0 7235
18953 12 0 31388
18954 12 0 31388
18955 12 0 31388
18956 12 0 31391
18957 2 7 31400
18958 12 0 18021
18959 12 0 31401
18960 12 0 19478
18961 12 0 29351
18962 12 0 1438
18963 15 2 18051
18964 15 2 18048
18965 15 2 18051
18966 15 2 18051
18967 15 2 18048
18968 4 0 9836
18969 12 0 7347
18970 4 0 26537
18971 4 0 9837
18972 12 0 7347
18982 4 0 9840
18983 2 7 31419
18984 4 0 41640
18985 2 7 31424
18986 4 0 40162
18987 12 0 16161
19002 12 0 31434
19003 12 0 31434
19004 0 8 8026
19005 0 8 8026
19006 0 8 8026
19007 0 8 8026
19008 0 8 8026
19009 0 8 8026
19010 0 8 8026
19011 0 8 8026
19012 0 8 8026
19013 0 8 8026
19014 2 0 22893
19015 2 0 5027
19016 12 0 20784
19017 12 0 30913
19018 12 0 20872
19019 2 7 30606
19020 12 0 1301
19022 2 20 20619
19023 12 0 18098
19024 4 0 31499
19025 12 0 31500
19026 0 8 18070
19027 9 3 1102
19028 4 0 15966
19029 15 5 31511
19030 15 5 17343
19031 4 0 31527
19032 4 0 31528
19033 12 0 31515
19034 12 0 31516
19035 15 0 12333
19036 12 0 31521
19037 4 4 31523
19038 4 0 224
19039 4 2 31675
19040 2 7 31526
19041 4 2 31529
19042 4 2 31531
19043 4 3 31532
19044 4 2 34506
19045 0 0 31256
19046 0 0 31257
19047 4 1 31534
19048 4 3 31538
19049 4 2 34505
19050 4 1 36269
19051 4 4 31565
19052 4 2 34504
19053 2 14 31553
19054 15 2 27454
19055 15 2 6564
19056 4 1 31557
19057 4 4 31564
19058 4 2 50077
19059 4 1 31828
19060 0 0 21203
19061 0 0 6344
19062 0 0 6413
19063 0 0 21203
19064 12 0 22477
19065 4 0 31576
19066 0 7 25147
19067 0 7 17458
19068 0 7 11926
19069 12 0 7741
19070 12 0 3233
19071 12 0 31577
19082 6 2 23211
19083 4 1 26468
19084 4 1 27197
19085 4 1 31592
19086 4 1 15042
19087 4 4 31598
19088 4 3 31599
19089 4 2 30839
19090 4 1 14686
19091 4 4 31597
19092 4 3 31600
19093 4 2 31601
19094 4 1 31602
19095 4 0 31603
19096 4 0 9859
19097 4 0 31604
19098 4 0 9857
19099 2 15 31605
19100 2 15 31606
19101 2 10 31608
19102 2 10 31610
19103 2 0 31611
19104 2 4 31612
19105 4 1 33462
19106 2 6 31613
19107 2 18 32146
19108 2 19 15238
19109 4 0 31616
19110 2 7 31617
19111 4 3 31618
19112 4 4 31619
19113 4 2 31620
19114 2 2 31622
19115 4 0 31623
19116 4 1 31625
19117 4 4 31626
19118 2 19 31628
19119 4 2 31630
19120 4 0 31631
19121 4 1 31632
19122 4 0 31633
19123 4 1 31634
19124 4 4 31635
19125 4 3 27137
19126 4 4 31638
19127 4 2 31639
19128 4 3 31641
19129 4 1 31644
19130 2 19 31645
19131 4 1 31649
19132 4 1 31650
19133 4 1 31651
19134 4 2 31652
19135 4 1 14618
19136 4 1 31653
19137 4 4 31654
19138 4 0 31655
19139 4 2 27664
19140 4 0 31657
19141 4 0 7418
19142 4 0 23321
19143 4 4 31660
19144 4 3 31662
19145 4 1 31663
19146 4 2 6763
19147 4 0 31664
19148 4 4 31671
19149 4 2 31672
19150 0 0 26420
19151 0 0 26420
19152 0 0 26420
19153 0 0 7242
19154 0 0 7242
19155 0 0 7242
19156 4 1 31673
19157 4 3 31680
19158 2 5 29698
19159 4 0 31633
19160 4 0 31676
19162 4 2 31681
19163 4 2 31682
19164 4 4 31683
19165 4 1 31685
19166 2 15 31686
19167 2 6 31720
19168 2 7 31692
19169 2 1 31735
19170 2 4 31822
19182 0 0 31745
19183 0 8 2596
19184 2 1 31721
19185 2 1 31721
19186 2 1 31721
19187 2 1 31721
19188 2 1 31721
19189 2 1 31721
19190 2 1 31721
19191 2 1 31721
19192 2 1 31721
19193 2 1 31721
19194 2 1 31721
19195 2 1 31721
19196 2 1 31721
19197 2 1 31721
19198 2 1 31721
19199 2 1 31721
19200 2 1 31721
19201 2 1 31721
19202 9 4 1301
19203 9 4 1301
19204 9 4 1301
19205 9 4 1301
19206 9 4 1301
19207 9 4 1301
19208 9 4 1301
19209 9 4 1301
19210 9 4 1301
19211 9 4 1301
19212 9 4 1301
19213 12 0 23714
19214 2 10 31740
19215 9 2 1301
19216 9 2 1301
19217 9 2 1301
19218 9 2 1301
19219 9 2 1301
19220 9 2 1301
19221 0 5 18119
19222 0 5 18102
19223 0 5 31742
19224 0 5 22200
19225 0 5 15964
19226 2 13 6592
19227 12 0 31756
19228 12 0 31755
19229 15 0 3331
19230 12 0 31756
19231 12 0 31756
19232 12 0 31756
19233 12 0 31756
19234 12 0 31756
19235 12 0 31756
19236 12 0 31756
19237 15 0 3331
19238 15 0 3331
19239 15 0 3331
19240 15 0 3331
19241 15 0 3331
19242 15 0 3331
19243 15 0 3331
19244 15 0 3331
19245 15 0 3331
19246 15 0 3331
19247 15 0 3331
19248 15 0 3331
19249 15 0 3331
19250 15 0 3331
19251 15 0 3331
19252 15 0 3331
19253 15 0 3331
19254 15 0 3331
19255 15 0 3331
19256 15 0 3331
19257 12 0 31755
19258 12 0 31760
19259 12 0 31760
19260 12 0 31760
19261 12 0 31760
19262 12 0 31760
19263 12 0 31760
19264 12 0 31760
19265 12 0 31760
19266 15 0 3331
19267 12 0 31755
19268 12 0 31762
19269 12 0 31762
19270 12 0 31762
19271 12 0 31762
19272 12 0 31762
19273 12 0 31762
19274 12 0 31762
19275 12 0 31762
19276 12 0 31767
19277 12 0 31755
19278 12 0 31767
19279 12 0 31767
19280 12 0 31767
19281 12 0 31767
19282 12 0 31767
19283 12 0 31767
19284 12 0 31767
19285 6 3 8127
19286 6 3 26613
19287 4 0 31768
19288 4 0 31769
19289 4 0 31770
19290 4 0 31771
19291 1 0 17329
19292 2 4 31777
19293 2 4 7462
19294 4 0 6479
19295 4 0 31779
19296 0 8 31783
19297 0 8 1283
19298 0 8 8270
19299 0 5 18115
19300 0 5 21794
19301 0 5 21203
19302 4 0 31800
19303 4 0 9657
19304 0 5 31803
19305 0 5 31802
19306 0 5 31804
19307 0 7 25147
19308 4 0 31805
19309 4 0 24039
19310 4 0 31806
19311 4 0 23322
19312 4 0 31807
19313 2 15 31808
19314 2 15 31808
19315 4 0 31809
19316 6 2 31814
19317 6 3 31813
19318 0 0 18080
19319 11 2 21712
19320 11 3 1816
19321 4 6 31815
19322 12 0 20219
19323 2 5 31817
19324 2 15 31820
19325 4 0 31616
19326 9 1 1102
19327 9 1 1102
19328 9 1 1102
19329 9 1 1102
19330 9 1 1102
19331 9 1 1102
19332 9 1 1102
19333 9 1 1102
19334 2 8 31999
19335 2 4 31862
19336 4 0 31838
19337 4 0 31848
19338 12 0 7798
19339 4 0 31840
19340 4 0 31841
19341 4 0 31843
19342 4 0 31846
19343 4 0 31847
19344 4 0 31845
19345 4 0 31844
19346 2 15 31864
19347 2 15 31865
19348 4 6 31851
19349 4 6 31852
19350 2 2 32080
19351 2 7 31866
19352 2 7 31867
19353 2 1 31857
19354 2 1 31858
19355 2 10 31964
19356 2 10 31960
19357 2 5 31878
19358 2 5 31877
19359 2 4 31861
19360 2 4 31863
19361 2 18 32763
19362 2 0 31869
19363 2 0 31870
19364 2 8 32000
19365 2 13 31880
19366 4 0 31953
19367 2 19 32774
19368 2 3 31876
19369 4 1 31888
19370 4 1 18865
19371 4 0 31889
19372 4 4 32493
19373 4 3 31194
19374 4 1 31892
19375 4 1 31898
19376 4 0 31498
19377 4 0 31899
19378 4 1 28891
19379 4 0 31901
19380 4 3 31902
19381 4 2 31904
19382 4 0 31906
19383 4 0 31907
19384 4 0 31908
19385 4 1 31911
19386 4 1 31912
19387 4 4 31914
19388 4 1 31915
19389 4 2 32082
19390 4 2 31919
19391 4 1 31921
19392 4 4 31924
19393 4 3 31925
19394 4 4 31926
19395 4 0 20978
19396 4 2 31927
19397 4 0 31905
19398 4 1 23422
19399 4 1 31930
19400 4 1 31931
19401 4 3 31932
19402 4 4 31933
19403 4 0 31800
19404 2 4 31935
19405 4 2 31934
19406 4 0 31936
19407 4 1 18858
19422 12 0 31961
19423 15 0 3331
19424 15 0 3331
19425 0 0 18721
19426 4 0 31603
19427 2 7 31808
19428 2 7 31808
19429 15 0 26420
19430 4 1 16879
19431 4 0 31967
19432 4 0 31576
19433 4 3 31968
19434 4 0 28733
19435 2 19 31977
19436 4 1 31978
19437 4 1 31982
19438 4 1 31985
19439 4 2 31986
19440 0 8 21845
19441 7 11 5287
19442 9 7 1301
19443 15 0 3331
19444 9 8 7798
19445 9 8 7798
19446 9 8 7798
19447 9 8 7798
19448 9 8 7798
19449 9 8 7798
19450 15 2 18173
19451 15 0 3331
19452 15 0 3331
19453 15 0 3331
19454 15 0 3331
19455 2 1 31721
19456 2 7 31808
19457 2 7 31808
19462 15 2 18051
19482 12 0 31995
19483 15 0 1103
19484 15 0 6672
19485 2 14 10814
19486 2 14 10815
19487 2 14 10816
19488 2 14 10817
19489 2 18 31239
19490 2 2 30926
19491 4 0 32008
19502 2 7 31808
19503 2 7 31808
19504 2 7 31808
19505 4 0 32031
19506 4 0 32026
19507 4 1 32034
19508 4 2 32036
19509 4 3 32038
19510 4 0 29697
19511 4 0 29697
19512 4 0 29697
19513 4 0 29697
19514 4 0 9832
19515 4 0 9832
19516 4 0 9832
19517 4 0 9832
19518 4 0 30661
19519 4 0 30661
19520 4 0 30661
19521 4 0 30661
19522 4 0 28812
19523 4 0 28812
19524 4 0 28812
19525 4 0 28812
19526 4 1 32066
19527 4 1 32069
19528 4 1 32070
19529 4 1 28042
19530 4 1 32067
19531 4 1 32068
19532 4 1 32071
19533 4 1 32072
19534 4 0 32008
19535 4 0 32008
19536 4 0 32008
19537 4 0 32008
19538 4 0 32073
19539 4 0 32073
19540 4 0 32073
19541 4 0 32073
19542 2 15 32074
19543 2 15 32074
19544 2 15 32074
19545 2 15 32074
19546 2 15 32075
19547 2 15 32075
19548 2 15 32075
19549 2 15 32075
19550 2 7 32076
19551 2 7 32076
19552 2 7 32076
19553 2 7 32076
19554 2 7 32077
19555 2 7 32077
19556 2 7 32077
19557 2 7 32077
19558 2 2 32079
19559 2 2 32079
19560 2 2 32079
19561 2 2 32079
19562 2 2 32081
19563 2 2 32081
19564 2 2 32081
19565 2 2 32081
19566 2 10 20330
19567 2 10 20330
19568 2 10 20330
19569 2 10 20330
19570 2 10 18289
19571 2 10 18289
19572 2 10 18289
19573 2 10 18289
19574 4 0 32713
19575 4 0 32714
19576 4 0 32715
19577 4 0 32716
19578 4 4 32088
19579 4 0 32713
19580 4 4 32088
19581 4 4 32088
19582 4 3 32089
19583 4 3 32089
19584 4 3 32089
19585 4 0 32714
19586 4 0 32715
19587 4 2 32090
19588 4 0 32716
19589 4 2 32090
19590 4 2 32090
19591 4 0 32713
19592 4 0 32714
19593 4 0 32715
19594 4 0 32716
19595 4 1 32091
19596 4 1 32091
19597 4 1 32091
19598 4 0 32713
19599 4 0 32714
19600 4 0 32715
19601 4 0 32716
19602 4 0 32713
19603 4 0 32714
19604 4 0 32715
19605 4 0 32716
19606 4 0 32713
19607 4 0 32714
19608 4 0 32715
19609 4 0 32716
19610 4 0 32713
19611 4 0 32714
19612 4 0 32715
19613 4 0 32716
19614 4 0 32713
19615 4 0 32714
19616 4 0 32715
19617 4 0 32716
19618 4 0 32713
19619 4 0 32714
19620 4 0 32715
19621 4 0 32716
19622 2 15 31808
19623 2 5 32140
19642 12 0 7744
19662 2 1 31721
19682 4 1 32154
19683 4 1 32155
19684 4 1 32770
19685 4 2 32157
19686 4 2 32159
19687 4 2 32158
19688 4 2 25682
19689 4 2 32160
19690 4 3 32163
19691 4 3 32165
19692 4 3 32164
19693 4 4 32166
19694 4 4 32167
19695 4 4 32168
19696 0 5 21203
19697 4 0 32171
19698 12 0 32301
19699 12 0 32279
19700 12 0 32278
19701 12 0 32276
19702 12 0 32282
19703 12 0 32283
19704 12 0 32280
19705 12 0 32281
19706 12 0 32277
19707 12 0 32553
19708 12 0 32547
19709 12 0 32555
19710 12 0 32551
19711 12 0 32550
19712 12 0 32552
19713 12 0 32548
19714 12 0 32554
19715 12 0 32549
19716 12 0 32252
19717 12 0 32253
19718 12 0 32254
19719 12 0 32255
19720 12 0 7046
19721 12 0 32256
19722 12 0 32257
19723 12 0 32258
19724 12 0 32259
19725 12 0 11449
19726 7 9 18087
19727 7 9 32189
19742 4 2 32192
19743 4 2 32193
19762 2 0 32216
19763 4 6 32217
19764 9 2 1301
19765 9 2 1301
19766 9 2 1301
19767 7 6 26371
19768 7 6 32230
19769 9 1 1301
19770 9 1 1301
19771 9 1 1301
19772 9 1 1301
19773 9 1 1301
19774 3 7 22652
19775 15 0 32231
19776 9 4 1301
19777 9 4 1301
19778 9 4 1301
19779 9 4 1301
19780 9 4 1301
19781 9 4 1301
19782 15 0 32233
19783 15 0 32234
19784 15 0 32235
19785 15 0 32242
19786 15 0 32237
19787 15 0 32238
19788 15 0 32239
19789 15 0 32240
19790 15 0 32241
19802 12 0 32260
19803 15 0 24521
19804 15 0 24694
19805 15 0 18535
19806 15 0 32261
19807 12 0 28622
19808 2 4 32262
19809 2 1 31721
19810 2 15 31808
19811 2 1 31721
19812 4 0 20984
19813 12 0 2622
19814 12 0 2622
19815 12 0 2622
19816 12 0 2622
19817 12 0 2622
19818 12 0 2622
19819 12 0 2622
19820 12 0 2622
19821 12 0 2622
19822 4 4 32415
19823 4 4 32416
19824 4 4 32417
19825 4 4 32263
19826 4 4 32264
19827 4 4 32265
19828 4 3 32748
19829 4 3 32750
19830 4 3 32749
19831 4 3 32270
19832 4 3 32272
19833 4 3 28806
19834 4 2 32273
19835 4 2 32274
19836 4 2 32275
19837 4 2 28827
19838 4 2 32285
19839 4 2 32286
19840 4 2 32287
19841 4 1 32567
19842 4 1 32289
19843 4 1 32290
19844 4 1 32544
19845 4 1 32292
19846 4 1 32290
19847 4 1 32544
19848 4 1 32290
19849 4 1 32566
19850 12 0 21586
19851 12 0 20342
19852 2 0 34718
19853 2 3 32577
19854 2 8 32603
19855 4 4 32296
19856 4 0 32297
19857 4 1 32298
19858 12 0 32300
19859 2 15 32575
19860 12 0 32302
19861 2 19 32595
19862 4 6 32561
19863 4 0 32305
19864 2 7 32314
19865 2 7 32722
19866 2 7 32722
19867 2 7 32581
19868 2 2 32570
19869 4 2 32340
19870 4 1 32320
19871 4 0 32321
19872 15 5 17494
19873 4 0 32323
19874 2 6 32604
19875 4 3 32413
19876 4 0 32326
19877 4 2 32405
19878 4 4 32409
19879 2 10 32332
19880 12 0 32333
19881 12 0 18136
19882 12 0 13061
19883 12 0 25147
19884 2 10 32613
19885 4 0 32335
19886 4 1 32734
19887 4 3 32337
19888 4 1 32339
19889 4 2 32772
19890 2 4 32588
19891 4 0 32344
19892 4 2 32406
19893 4 0 32347
19894 4 4 32348
19895 4 1 32401
19896 2 13 32776
19897 4 1 32563
19898 4 0 32353
19899 4 1 32407
19900 2 1 34507
19901 2 7 32356
19902 15 5 17607
19903 2 15 32576
19904 4 3 32360
19905 4 0 32347
19906 4 2 32773
19907 4 1 32371
19908 2 4 32600
19909 2 10 32612
19910 2 13 32615
19911 15 0 32376
19912 4 0 32323
19913 4 4 32379
19914 1 0 21586
19915 4 6 32560
19916 2 4 11958
19917 4 0 32382
19918 2 5 32782
19919 4 3 32389
19920 4 0 32305
19921 2 0 26535
19922 4 0 32784
19923 4 0 32395
19924 2 15 32397
19925 4 0 32353
19926 4 1 32400
19927 2 19 32582
19928 4 2 32404
19929 4 1 32410
19930 4 0 32745
19931 12 0 9731
19932 12 0 32414
19933 15 0 33178
19934 15 0 6651
19935 15 0 21365
19936 15 0 21365
19937 15 0 6651
19938 15 0 1438
19939 12 0 26865
19940 12 0 32425
19941 12 0 30532
19942 12 0 32426
19943 7 11 32427
19944 2 10 32450
19945 4 2 21701
19946 2 6 32430
19947 4 0 20625
19948 4 0 32431
19949 4 0 32431
19950 4 0 32431
19951 4 0 32326
19952 4 0 32326
19953 4 0 32326
19954 4 0 32326
19955 4 0 32326
19956 4 0 32326
19957 4 0 32326
19958 4 0 32326
19959 4 0 32326
19960 12 0 32432
19961 2 4 32780
19962 2 1 36762
19963 2 6 32446
19964 2 7 32438
19965 2 15 32439
19966 2 2 32766
19967 2 19 32584
19968 2 7 32443
19969 4 1 32449
19970 2 20 20619
19971 0 6 32452
19972 4 1 16548
19973 12 0 11926
19974 12 0 17288
19975 12 0 4810
19976 12 0 17288
19977 0 0 4181
19978 15 0 7695
19979 4 0 8233
19980 2 15 6451
19981 2 8 32490
19982 4 1 32503
19983 2 19 32507
19984 4 2 43777
19985 4 4 32509
19986 4 2 21701
19987 2 15 32511
19988 2 5 32514
19989 4 0 32515
19990 4 0 9657
19991 4 0 1504
19992 4 0 13806
19993 2 2 32571
19994 0 5 24568
19995 0 5 31516
19996 0 5 32521
19997 0 0 18099
19998 4 2 32536
19999 4 1 26614
20000 9 3 1325
20001 9 3 1325
20002 0 1 17403
20003 2 13 32538
20004 0 2 29353
20005 2 13 32539
20006 4 0 32678
20007 0 2 32543
20008 0 1 3663
20009 12 0 1103
20010 12 0 1246
20011 9 6 1301
20012 9 6 1301
20013 9 6 1301
20014 9 6 1301
20015 15 0 19567
20016 15 0 4807
20017 15 0 8232
20018 12 0 7169
20019 15 0 959
20020 12 0 7918
20021 12 0 9849
20022 15 0 13885
20023 12 0 7798
20024 12 0 4045
20025 12 0 292
20026 12 0 6680
20027 12 0 1438
20028 12 0 7414
20029 12 0 32557
20030 15 0 4772
20031 0 5 22979
20032 4 1 12675
20033 4 1 32564
20034 4 1 32565
20035 2 15 32592
20036 4 0 7122
20037 4 0 18707
20038 2 2 32570
20039 4 4 42672
20040 9 4 1301
20041 4 4 32644
20042 4 4 32644
20043 4 3 34241
20044 4 3 34241
20045 4 2 34244
20046 4 2 34244
20047 4 1 34244
20048 4 4 32822
20049 4 4 32822
20050 4 3 34242
20051 4 3 34242
20052 4 2 34247
20053 4 2 34248
20054 4 1 34240
20055 4 3 34243
20056 4 3 34249
20057 4 4 34245
20058 4 4 34245
20059 4 2 18971
20060 4 2 18971
20061 4 1 32740
20062 0 0 21203
20063 0 0 6413
20064 0 0 6344
20065 0 7 17458
20066 0 7 25147
20067 0 7 11926
20068 4 1 23140
20069 2 10 32677
20070 2 15 32648
20071 4 0 6502
20072 4 0 6502
20073 4 1 23140
20074 0 5 32650
20075 9 5 1102
20076 12 0 32657
20077 12 0 32656
20078 12 0 32658
20079 0 0 17896
20080 0 0 24211
20081 0 0 24156
20082 2 19 32685
20083 2 6 32717
20084 15 0 1007
20085 15 0 35016
20086 15 0 32693
20087 15 0 32691
20088 4 3 34241
20089 4 3 34241
20090 4 2 34392
20091 4 3 34242
20092 4 3 34242
20093 4 2 34393
20094 4 1 34240
20095 4 1 34240
20096 4 1 34240
20097 4 1 34244
20098 4 1 34244
20099 4 1 34244
20100 4 2 34248
20101 4 2 34248
20102 4 2 34248
20103 4 2 34244
20104 4 2 34244
20105 4 2 34244
20106 4 4 32644
20107 4 4 32644
20108 4 3 32644
20109 4 4 32822
20110 4 4 32822
20111 4 3 32822
20112 4 2 34247
20113 4 2 34247
20114 4 2 34247
20115 4 2 34244
20116 4 2 34244
20117 4 2 34244
20118 4 3 34241
20119 4 3 34241
20120 4 2 34392
20121 4 3 34242
20122 4 3 34242
20123 4 2 34393
20124 4 4 32644
20125 4 4 32644
20126 4 3 34394
20127 4 4 32822
20128 4 4 32822
20129 4 3 34395
20130 4 0 18059
20131 4 0 32694
20132 4 0 32695
20133 4 3 32700
20134 4 3 32735
20135 4 4 29859
20136 4 4 29858
20137 4 4 29860
20138 4 4 29865
20139 4 4 25226
20140 4 4 29867
20141 4 4 29863
20142 4 4 29864
20143 4 0 4841
20144 4 0 26537
20145 4 1 27088
20146 2 3 31210
20147 4 0 31769
20148 4 0 31769
20149 2 1 39901
20150 4 3 34241
20151 4 3 34241
20152 4 2 34392
20153 4 3 34241
20154 4 3 34242
20155 4 3 34242
20156 4 3 34242
20157 4 2 34393
20158 4 3 34243
20159 4 1 34240
20160 4 1 34240
20161 4 1 34240
20162 4 1 34240
20163 4 1 34244
20164 4 1 34244
20165 4 1 34244
20166 4 1 34244
20167 4 2 34248
20168 4 2 34248
20169 4 2 34248
20170 4 2 34248
20171 4 2 34244
20172 4 2 34244
20173 4 2 34244
20174 4 2 34244
20175 4 2 18971
20176 4 1 32740
20177 4 4 32644
20178 4 3 32644
20179 4 4 32644
20180 4 4 32644
20181 4 4 32822
20182 4 3 32822
20183 4 4 32822
20184 4 4 32739
20185 4 4 32822
20186 4 2 34247
20187 4 2 34247
20188 4 2 34247
20189 4 2 34247
20190 4 2 34244
20191 4 2 34244
20192 4 2 34244
20193 4 2 34244
20194 4 2 18971
20195 4 3 34241
20196 4 3 34241
20197 4 2 34392
20198 4 3 34241
20199 4 3 34242
20200 4 3 34242
20201 4 2 34393
20202 4 3 34242
20203 4 3 34249
20204 4 4 32644
20205 4 4 32644
20206 4 4 32644
20207 4 3 34394
20208 4 4 32822
20209 4 4 32822
20210 4 3 34395
20211 4 4 32822
20212 4 4 34245
20213 4 4 32718
20214 2 15 32648
20215 4 3 32721
20216 4 2 32720
20217 4 1 32724
20218 4 1 32726
20219 4 1 32727
20220 2 10 32677
20221 15 0 32728
20222 0 0 21203
20223 0 0 6413
20224 0 0 6344
20225 0 0 21203
20226 0 0 6413
20227 0 0 6344
20228 0 0 7242
20229 0 0 7242
20230 0 0 7242
20231 0 0 26420
20232 0 7 17458
20233 0 0 26420
20234 0 7 25147
20235 0 7 11926
20236 0 0 26420
20237 0 7 17458
20238 2 1 31721
20239 4 4 29859
20240 4 4 29858
20241 4 1 27088
20242 4 4 29860
20243 0 7 25147
20244 0 7 11926
20245 2 3 31210
20246 4 4 29865
20247 4 4 25226
20248 4 0 4841
20249 4 4 29867
20250 4 0 26537
20251 4 4 29863
20252 4 4 29864
20253 9 1 1102
20254 9 1 1102
20255 4 2 32732
20256 12 0 32746
20257 4 3 32751
20258 2 10 32587
20259 4 2 32752
20260 4 3 32753
20261 4 2 30749
20262 4 3 32755
20263 4 4 32900
20264 4 4 32757
20265 4 4 32758
20266 4 4 32756
20267 4 2 28177
20268 4 2 28162
20269 4 2 24190
20270 4 2 28180
20271 4 2 28166
20272 4 2 28161
20273 4 2 28179
20274 4 2 28160
20275 4 0 23716
20276 4 1 23553
20277 4 0 9837
20278 2 2 28827
20279 2 15 23262
20280 2 1 31721
20281 4 4 29859
20282 4 4 29858
20283 4 1 27088
20284 4 4 29860
20285 2 3 31210
20286 4 4 29865
20287 4 4 25226
20288 4 0 4841
20289 4 4 29867
20290 4 0 26537
20291 4 4 29863
20292 4 4 29864
20294 4 2 28162
20295 4 3 32760
20296 4 3 32762
20297 4 2 28177
20298 4 2 28162
20299 2 2 28827
20300 4 2 24190
20301 4 2 28180
20302 4 1 23553
20303 2 15 23262
20304 4 2 28166
20305 4 0 23716
20306 4 2 28161
20307 4 0 9837
20308 4 2 28179
20309 4 2 28160
20310 12 0 13002
20311 4 2 28177
20312 4 2 28162
20313 2 2 28827
20314 4 2 24190
20315 4 2 28180
20316 4 1 23553
20317 2 15 23262
20318 4 2 28166
20319 4 0 23716
20320 4 2 28161
20321 4 0 9837
20322 4 2 28179
20323 4 2 28160
20324 4 1 29596
20325 4 1 29597
20326 4 1 29594
20327 4 1 31087
20328 4 1 29593
20329 4 1 29273
20330 4 1 30211
20331 4 1 29591
20332 4 0 23717
20333 4 0 24022
20334 2 10 30870
20335 2 19 28828
20336 4 1 26681
20337 0 8 32768
20338 4 1 29596
20339 4 1 29597
20340 4 1 29594
20341 4 1 31087
20342 4 1 29593
20343 4 1 29273
20344 4 1 30211
20345 4 0 23717
20346 4 0 24022
20347 4 1 29591
20348 4 1 26681
20349 2 10 30870
20350 2 19 28828
20351 4 1 29596
20352 4 1 29597
20353 4 1 29594
20354 4 1 31087
20355 4 1 29593
20356 4 1 29273
20357 4 1 30211
20358 4 0 23717
20359 4 0 24022
20360 4 1 29591
20361 4 1 26681
20362 2 10 30870
20363 2 19 28828
20364 15 0 9632
20365 0 0 32777
20366 15 0 32781
20367 15 0 32781
20368 2 2 30926
20369 4 3 32890
20370 2 10 20256
20371 15 2 18050
20372 2 10 20256
20373 12 0 7987
20374 12 0 7987
20375 12 0 7229
20376 12 0 3671
20377 12 0 1151
20378 12 0 22443
20379 12 0 2593
20380 4 3 32818
20381 7 6 21363
20382 9 1 1102
20383 12 0 20931
20384 12 0 32820
20385 12 0 2627
20386 0 0 32823
20387 12 0 2533
20388 0 0 15963
20389 0 0 16837
20390 0 0 15964
20391 4 0 41729
20392 4 0 41721
20393 15 0 44552
20394 12 0 1246
20395 12 0 9129
20396 12 0 8093
20397 0 0 41718
20398 0 0 41718
20399 0 0 41718
20400 1 0 32830
20401 12 0 11185
20402 15 0 32831
20403 15 0 32233
20404 12 0 7629
20405 12 0 7694
20406 4 1 33129
20407 4 1 32841
20408 4 1 33073
20409 0 0 41718
20410 0 0 41718
20411 0 0 41718
20412 2 6 32837
20413 0 0 41718
20414 0 0 41718
20415 15 0 1246
20416 12 0 32933
20417 2 0 25504
20418 12 0 32933
20419 12 0 32933
20420 12 0 32933
20421 15 0 9285
20422 12 0 9285
20423 7 11 2627
20424 7 8 22193
20425 2 10 20330
20426 4 0 30661
20427 4 1 28042
20428 4 1 32072
20429 4 0 29697
20430 2 7 32076
20431 4 0 28812
20432 12 0 32923
20433 12 0 32923
20434 2 10 18289
20435 12 0 32923
20436 12 0 32923
20437 2 2 32079
20438 2 2 32081
20439 4 0 9832
20440 2 7 32077
20441 2 15 32074
20442 4 0 32008
20443 2 15 32075
20444 4 0 32073
20445 4 0 26537
20446 4 0 26537
20447 12 0 32932
20448 12 0 32932
20449 12 0 32932
20450 12 0 32931
20451 12 0 23629
20452 0 5 32650
20453 12 0 20627
20454 12 0 30603
20455 12 0 32845
20456 12 0 1037
20457 12 0 10923
20458 12 0 10923
20459 12 0 10923
20460 15 0 32846
20461 15 0 32847
20462 12 0 32849
20463 12 0 7221
20464 15 0 32850
20465 12 0 32851
20466 12 0 9840
20467 12 0 1325
20468 2 14 32858
20469 15 0 20709
20470 0 0 7261
20471 0 0 24051
20472 0 0 1103
20473 0 0 1103
20474 1 0 8270
20475 0 8 8928
20476 4 3 32871
20477 4 3 32874
20478 4 3 32872
20479 4 3 32876
20480 4 3 32877
20481 4 3 32875
20482 12 0 32878
20483 15 0 21472
20484 15 0 3029
20485 12 0 32879
20486 15 0 26420
20487 2 10 31163
20488 2 2 31338
20489 12 0 32880
20490 12 0 26732
20491 12 0 26732
20492 12 0 15964
20493 12 0 15964
20494 12 0 32884
20495 12 0 32884
20496 12 0 15965
20497 12 0 15965
20498 7 6 32885
20499 15 0 22838
20500 7 6 32886
20501 7 6 32887
20502 4 6 32888
20503 4 0 7143
20504 2 8 33033
20505 4 0 31905
20506 9 1 1102
20507 9 1 1102
20508 9 1 1102
20509 9 1 1102
20510 9 1 1102
20511 9 1 1102
20512 4 0 24730
20513 12 0 2667
20514 12 0 32895
20515 12 0 32894
20516 0 5 6410
20517 4 4 32903
20518 12 0 3331
20519 12 0 33070
20520 7 11 32905
20521 4 4 32906
20522 2 10 32909
20523 4 2 30582
20524 4 2 32910
20525 4 0 32912
20526 12 0 3331
20527 12 0 3331
20528 12 0 3331
20529 4 1 32916
20530 4 1 33150
20531 12 0 2616
20532 12 0 2616
20533 12 0 2616
20534 4 0 30690
20535 12 0 2616
20536 2 10 33087
20537 4 1 18863
20538 4 1 32927
20539 4 1 38344
20540 12 0 1093
20541 12 0 7694
20542 12 0 1093
20543 12 0 1093
20544 12 0 1093
20545 12 0 7694
20546 9 2 6270
20547 9 2 6270
20548 9 2 6270
20549 4 4 57569
20550 4 4 32945
20551 4 4 33195
20552 12 0 7694
20553 9 4 6270
20554 9 4 6270
20555 9 4 6270
20556 2 10 24014
20557 0 0 32955
20558 10 0 20219
20559 10 0 33023
20560 10 0 33022
20561 4 0 41728
20562 4 0 41720
20563 4 0 41723
20564 4 0 41731
20565 4 0 41722
20566 4 0 41730
20567 4 0 41726
20568 4 0 41734
20569 4 0 41724
20570 4 0 41732
20571 4 0 41725
20572 4 0 41733
20573 4 0 41735
20574 4 0 41727
20575 4 2 32974
20576 9 1 1102
20577 2 7 33097
20578 2 15 33095
20579 4 1 33096
20580 2 4 33017
20581 2 10 33015
20582 4 0 33018
20583 4 0 41720
20584 4 0 41721
20585 4 0 41722
20586 4 0 41723
20587 4 0 41724
20588 4 0 41725
20589 4 0 41726
20590 4 0 41727
20591 4 0 41728
20592 4 0 41729
20593 4 0 41730
20594 4 0 41731
20595 4 0 41732
20596 4 0 41733
20597 4 0 41734
20598 4 0 41735
20599 2 18 33020
20600 4 0 31576
20601 15 0 1285
20602 15 0 17329
20603 15 0 31783
20604 12 0 33021
20605 12 0 18049
20606 15 0 19529
20607 15 0 19528
20608 15 0 19570
20609 15 0 33025
20610 15 0 6492
20611 15 0 6651
20612 15 0 33026
20613 15 0 7290
20614 15 0 16210
20615 4 2 33028
20616 4 4 18378
20617 4 3 33029
20618 4 1 33031
20619 4 4 33034
20620 15 0 18519
20621 4 3 33036
20622 4 0 31907
20623 4 2 33161
20624 4 0 31664
20625 4 1 33040
20626 4 1 16892
20627 4 2 33042
20628 4 2 33162
20629 4 3 33045
20630 4 4 33047
20631 4 1 33049
20632 4 0 9834
20633 4 2 33051
20634 4 2 30845
20635 4 1 33054
20636 4 0 1262
20637 4 4 33056
20638 4 3 33057
20639 4 4 33059
20640 4 4 34495
20641 4 1 18863
20642 4 1 33062
20643 4 2 35629
20644 12 0 33064
20645 4 0 6539
20646 2 2 33068
20647 2 15 33069
20648 2 4 33072
20649 4 0 31604
20650 4 4 33092
20651 15 2 18050
20652 4 1 33098
20653 4 4 33100
20654 2 10 18368
20655 4 1 33101
20656 4 3 33105
20657 2 15 33107
20658 4 2 33112
20659 4 3 33110
20660 2 6 33113
20661 4 2 33132
20662 4 4 33117
20663 2 2 28547
20664 4 1 16767
20665 4 2 33119
20666 2 4 33120
20667 4 2 33121
20668 4 3 33122
20669 2 8 33123
20670 4 3 27137
20671 4 4 33124
20672 2 19 33125
20673 4 4 33126
20674 4 1 33127
20675 2 0 33128
20676 12 0 7695
20677 12 0 7695
20678 12 0 7695
20679 12 0 7695
20680 4 3 26919
20681 4 2 33131
20682 4 0 24087
20683 4 4 33133
20684 4 3 33134
20685 4 0 33135
20686 4 1 33136
20687 4 4 33137
20688 4 6 33138
20689 4 2 33139
20690 4 1 33141
20691 4 1 26137
20692 4 0 963
20693 4 1 33142
20694 4 0 24122
20695 4 0 9852
20696 2 5 33143
20697 4 1 33144
20698 2 7 33145
20699 4 4 33146
20700 4 4 33146
20701 4 3 33147
20702 4 3 33147
20703 4 2 33148
20704 4 2 33148
20705 4 1 33149
20706 4 1 33149
20707 4 1 33149
20708 15 0 12331
20709 0 5 18102
20710 4 4 33152
20711 4 4 33152
20712 4 3 33154
20713 4 3 33154
20714 4 2 33155
20715 4 2 33155
20716 4 1 33160
20717 4 1 33160
20718 2 10 33163
20719 2 10 33170
20720 2 15 21620
20721 4 0 26391
20722 2 3 31237
20723 2 0 33171
20724 2 10 33172
20725 7 12 37755
20726 9 8 7798
20727 9 8 7798
20728 9 8 7798
20729 9 8 7798
20730 9 8 7798
20731 9 8 7798
20732 9 8 7798
20733 9 8 7798
20734 9 8 7798
20735 9 8 7798
20736 9 8 7798
20737 15 0 33177
20738 2 4 33181
20739 12 0 31500
20740 12 0 33188
20741 15 0 7299
20742 15 0 33191
20743 12 0 7050
20744 0 8 9731
20745 0 8 34492
20746 0 8 47903
20747 0 8 47902
20748 0 8 41488
20749 0 8 47901
20750 0 8 47905
20751 9 8 11431
20752 9 8 11431
20753 9 8 11431
20754 9 8 11431
20755 9 8 7798
20756 9 8 7798
20757 9 8 7798
20758 9 8 11431
20759 12 0 36443
20760 12 0 10546
20761 9 6 1102
20762 12 0 33197
20763 15 0 33200
20764 12 0 3920
20765 12 0 3024
20766 15 0 33201
20767 15 0 33201
20768 15 0 33204
20769 15 2 33202
20770 15 0 33203
20771 12 0 4690
20772 12 0 33205
20773 4 3 45174
20774 4 3 30925
20775 4 3 31416
20776 4 3 31411
20777 4 3 31414
20778 4 3 31413
20779 4 3 31415
20780 4 3 31412
20781 4 0 4841
20782 4 1 26681
20783 4 0 9834
20784 2 1 23904
20785 4 1 26681
20786 4 3 31411
20787 4 3 31412
20788 4 3 31117
20789 4 3 31413
20790 4 3 31414
20791 4 3 31415
20792 4 0 4841
20793 4 3 30925
20794 4 0 9834
20795 4 3 31416
20796 2 1 23904
20797 12 0 7061
20798 12 0 18632
20799 12 0 9666
20800 12 0 33207
20801 12 0 33208
20802 12 0 33209
20803 12 0 5567
20804 12 0 33210
20805 15 0 33211
20806 12 0 1102
20807 12 0 1102
20808 15 0 33211
20809 15 0 33211
20810 12 0 16065
20811 2 7 33220
20812 15 0 33222
20813 15 0 6002
20814 15 0 26361
20815 7 11 33224
20816 7 4 39921
20817 7 4 39923
20818 4 0 3666
20819 7 4 7353
20820 4 0 28812
20821 4 0 24087
20822 7 4 7413
20823 4 0 24022
20824 7 4 33227
20825 7 4 7401
20826 4 0 26537
20827 4 0 9837
20828 4 0 31800
20829 7 4 33296
20830 4 0 9657
20831 4 0 9857
20832 4 1 43894
20833 4 0 6012
20834 7 3 7365
20835 2 7 33236
20836 2 15 33237
20837 2 0 33235
20838 2 2 20723
20839 2 10 38291
20840 2 4 5194
20841 4 6 33291
20842 15 0 6501
20843 15 0 33239
20844 0 8 13707
20845 15 0 26375
20846 15 0 3177
20847 15 0 33248
20848 15 0 33249
20849 2 7 33220
20850 2 0 33255
20851 2 4 33308
20852 2 15 33253
20853 2 10 33254
20854 9 10 1102
20855 9 10 1102
20856 9 10 1102
20857 0 5 6399
20858 12 0 34162
20859 12 0 34159
20860 12 0 34161
20861 12 0 34156
20862 12 0 34158
20863 12 0 34157
20864 12 0 34155
20865 12 0 34160
20866 12 0 34140
20867 12 0 34153
20868 12 0 34228
20869 12 0 34136
20870 12 0 34151
20871 12 0 34152
20872 12 0 34154
20873 12 0 34138
20874 12 0 34150
20875 12 0 34145
20876 12 0 34143
20877 12 0 34148
20878 12 0 34146
20879 12 0 34144
20880 12 0 32549
20881 12 0 34147
20882 12 0 34149
20883 12 0 32253
20884 12 0 34168
20885 12 0 34169
20886 12 0 34170
20887 12 0 32253
20888 12 0 34167
20889 12 0 32253
20890 12 0 34171
20891 4 1 33256
20892 4 1 33257
20893 4 1 33258
20894 4 1 33259
20895 4 0 33260
20896 4 1 33342
20897 4 0 33353
20898 4 1 36764
20899 4 1 33351
20900 4 1 33350
20901 4 0 33352
20902 4 1 33359
20903 4 1 33348
20904 4 3 33346
20905 0 0 33261
20906 4 0 9823
20907 4 0 9836
20908 15 3 33261
20909 4 0 33262
20910 2 2 20723
20911 4 6 33309
20912 4 6 33307
20913 4 6 18662
20914 4 3 33264
20915 4 3 33270
20916 4 3 33266
20917 4 3 33269
20918 4 3 33263
20919 4 3 33268
20920 4 2 33271
20921 4 2 33272
20922 4 2 33275
20923 4 2 33276
20924 4 2 33273
20925 4 2 33274
20926 12 0 32253
20927 12 0 34172
20928 15 0 34164
20929 15 0 34174
20930 15 0 32253
20931 12 0 34173
20932 15 0 34166
20933 15 0 34175
20934 12 0 26773
20935 12 0 20614
20936 12 0 32253
20937 12 0 32253
20938 12 0 18499
20939 12 0 1102
20940 12 0 1102
20941 12 0 1102
20942 12 0 1102
20943 12 0 1102
20944 12 0 1102
20945 12 0 1102
20946 12 0 1102
20947 12 0 1102
20948 12 0 1102
20949 12 0 33285
20950 4 0 33288
20951 12 0 33286
20952 7 4 7393
20953 7 4 1262
20954 2 13 26592
20955 4 0 31498
20956 4 0 33287
20957 7 4 7339
20958 4 0 30661
20959 4 0 9842
20960 4 0 31616
20961 4 0 28831
20962 7 4 13496
20963 7 4 39922
20964 4 0 9837
20965 7 4 4777
20966 4 0 6539
20967 4 0 15420
20968 4 0 9834
20969 4 1 43895
20970 9 10 1102
20971 9 10 1102
20972 9 10 15274
20973 9 10 1102
20974 9 10 15274
20975 9 10 1102
20976 9 10 15274
20977 2 7 33304
20978 2 10 33299
20979 2 0 33300
20980 2 2 8106
20981 2 4 37294
20982 2 15 37170
20983 2 15 37171
20984 4 6 33305
20985 4 1 16576
20986 4 1 8969
20987 4 1 16969
20988 4 1 16929
20989 4 1 16832
20990 4 1 16575
20991 4 1 15196
20992 4 1 33319
20993 4 2 36955
20994 4 3 33322
20995 4 1 33323
20996 4 2 33324
20997 4 3 33325
20998 4 1 33326
20999 4 3 33327
21000 4 2 33328
21001 4 1 33329
21002 4 1 33330
21003 4 1 33331
21004 4 1 33356
21005 4 1 33333
21006 4 1 33334
21007 4 1 16696
21008 4 1 14403
21009 4 2 14335
21010 4 2 14354
21011 4 2 14336
21012 4 2 17184
21013 4 2 14338
21014 4 2 14339
21015 4 3 27951
21016 4 3 33340
21017 4 3 3519
21018 4 3 33341
21019 4 3 6828
21020 4 3 6827
21021 4 6 3931
21022 4 6 2552
21023 0 5 25468
21024 7 8 25472
21025 9 5 12547
21026 15 0 13990
21027 12 0 4112
21028 12 0 4112
21029 12 0 31238
21030 0 5 6342
21031 0 5 26733
21032 12 0 7649
21033 0 5 26731
21034 2 1 31721
21035 2 15 31808
21036 2 2 28827
21037 15 0 33399
21038 0 8 29169
21039 4 0 33401
21040 4 0 33402
21041 12 0 21202
21042 15 0 30271
21043 12 0 3020
21044 15 0 47917
21045 4 1 29596
21046 4 1 29597
21047 4 1 29594
21048 4 1 31087
21049 4 1 29593
21050 4 1 29273
21051 4 1 30211
21052 4 0 23717
21053 4 0 24022
21054 4 1 29591
21055 4 1 26681
21056 2 10 30870
21057 2 19 28828
21058 4 1 29596
21059 4 1 29597
21060 4 1 29594
21061 4 1 31087
21062 4 1 29593
21063 4 1 29273
21064 4 1 30211
21065 4 0 23717
21066 4 0 24022
21067 4 1 29591
21068 4 1 26681
21069 2 10 30870
21070 2 19 28828
21071 7 8 24719
21072 0 5 24719
21073 4 1 29596
21074 4 1 29597
21075 4 1 29594
21076 4 1 31087
21077 4 1 29593
21078 4 1 29273
21079 4 1 30211
21080 4 0 23717
21081 4 0 24022
21082 4 1 29591
21083 4 1 26681
21084 2 10 30870
21085 2 19 28828
21086 4 1 29596
21087 4 1 29597
21088 4 1 29594
21089 4 1 31087
21090 4 1 29593
21091 4 1 29273
21092 4 1 30211
21093 4 0 23717
21094 4 0 24022
21095 4 1 29591
21096 4 1 26681
21097 2 10 30870
21098 2 19 28828
21099 9 5 1102
21100 12 0 34104
21101 2 10 33422
21102 2 10 33421
21103 15 0 33423
21104 15 0 33423
21105 15 0 33423
21106 15 0 33423
21107 15 0 33423
21108 15 0 33423
21109 15 0 33423
21110 15 0 33423
21111 12 0 1246
21112 12 0 32426
21113 15 0 12331
21114 0 5 18099
21115 4 0 6502
21116 4 0 6502
21117 4 0 6502
21118 4 0 6502
21119 4 0 6502
21120 4 0 6502
21121 2 14 33424
21122 2 15 33425
21123 2 14 33426
21124 2 19 33428
21125 2 10 33429
21126 2 15 34513
21127 2 4 33431
21128 2 10 33429
21129 2 0 33434
21130 15 0 1134
21131 15 0 33211
21132 15 0 33211
21133 15 0 33211
21134 2 1 33435
21135 15 0 26358
21136 12 0 33436
21137 12 0 6614
21138 12 0 20977
21139 12 0 6663
21140 0 8 1102
21141 12 0 20977
21142 15 0 16065
21143 12 0 24154
21144 12 0 23295
21145 12 0 9731
21146 12 0 33456
21147 12 0 33456
21148 12 0 33456
21149 12 0 33456
21150 15 0 12331
21151 0 5 18099
21152 12 0 33457
21153 7 8 28622
21154 4 1 34096
21155 12 0 33460
21156 15 0 20342
21157 4 0 34093
21158 12 0 1102
21159 12 0 1102
21160 12 0 1102
21161 12 0 1102
21162 15 4 9150
21163 15 4 7135
21164 15 4 4823
21165 12 0 1102
21166 12 0 1102
21167 12 0 1102
21168 15 2 59500
21169 15 0 33468
21170 15 0 33469
21171 15 0 33469
21172 15 0 33470
21173 15 0 33470
21174 15 0 33470
21175 15 0 33518
21176 15 5 33967
21177 15 1 34177
21178 4 2 33519
21179 4 0 23608
21180 4 0 33520
21181 4 0 33522
21182 4 0 26001
21183 4 1 33527
21184 4 4 33528
21185 4 0 33529
21186 4 1 33530
21187 4 1 33531
21188 2 5 33533
21189 4 0 31908
21190 4 0 31498
21191 15 0 29902
21192 2 1 33536
21193 1 1 20342
21194 1 1 20342
21195 1 1 20342
21196 4 0 33537
21197 4 0 33537
21198 4 0 33537
21199 4 0 33537
21200 4 0 33537
21201 4 0 33537
21202 4 0 33537
21203 4 0 33537
21204 4 0 33537
21205 4 0 33537
21206 4 0 33537
21207 4 0 33537
21208 4 0 33537
21209 4 0 33537
21210 4 0 33537
21211 12 0 2593
21212 0 0 57757
21213 15 3 57757
21214 9 0 1103
21215 0 5 33681
21216 15 0 29902
21217 0 5 28622
21218 15 5 33969
21219 9 5 1301
21220 12 0 33540
21221 12 0 33541
21222 15 0 33542
21223 15 0 33543
21224 15 0 33544
21225 15 0 33545
21226 15 0 33546
21227 15 0 7741
21228 15 0 30952
21229 15 0 32745
21230 15 0 33547
21231 15 0 33548
21232 15 0 33549
21233 15 0 33550
21234 15 0 31118
21235 0 5 33551
21236 0 5 6343
21237 15 0 33572
21238 0 0 33555
21239 15 0 33554
21240 0 5 29331
21241 0 0 24570
21242 2 0 34178
21243 15 4 7176
21244 2 15 34142
21245 12 0 1102
21246 12 0 1102
21247 12 0 1102
21248 12 0 1102
21249 12 0 1102
21250 12 0 1102
21251 12 0 1102
21252 12 0 1102
21253 12 0 1102
21254 0 5 33555
21255 12 0 1102
21256 12 0 1102
21257 12 0 1102
21258 12 0 1102
21259 12 0 1102
21260 12 0 1102
21261 12 0 1102
21262 12 0 1102
21263 12 0 1102
21264 12 0 1102
21265 12 0 1102
21266 15 0 33211
21267 15 3 18060
21268 2 4 33830
21269 4 6 34137
21270 15 0 29902
21271 15 0 29902
21272 2 3 34139
21273 2 10 34134
21274 15 0 9632
21275 2 10 34135
21276 2 10 33567
21277 15 2 34050
21278 4 2 4318
21279 9 0 1103
21280 9 0 1103
21281 9 0 1246
21282 9 0 1246
21283 9 0 1246
21284 9 0 1143
21285 9 0 1143
21286 2 1 33578
21287 9 0 1143
21288 9 0 1155
21289 9 0 1155
21290 9 0 1155
21291 9 0 33585
21292 9 0 33585
21293 9 0 33585
21294 9 0 1317
21295 9 0 1317
21296 9 0 1317
21297 9 0 3426
21298 9 0 3426
21299 9 0 3426
21300 9 0 1134
21301 15 3 33588
21302 9 0 1134
21303 9 0 1134
21304 9 0 12547
21305 15 3 29902
21306 9 0 12547
21307 9 0 12547
21308 15 3 33589
21309 15 3 21202
21310 15 0 29902
21311 4 1 33590
21312 4 3 33591
21313 1 1 20342
21314 15 0 3019
21315 15 0 362
21316 4 4 33604
21317 4 2 42880
21318 4 1 18271
21319 4 2 33599
21320 4 3 33601
21321 15 5 33971
21322 4 4 33603
21323 15 5 33970
21324 15 5 33972
21325 0 0 26461
21326 4 0 33702
21327 15 0 29902
21328 15 0 6620
21329 4 4 34486
21330 4 4 34256
21331 4 4 33709
21332 4 4 33713
21333 4 4 33714
21334 4 1 34061
21335 4 1 34018
21336 4 1 33618
21337 4 1 34351
21338 4 1 33625
21339 4 1 33624
21340 1 1 33940
21341 1 1 33941
21342 1 1 33942
21343 4 1 37266
21344 4 1 33641
21345 4 1 34020
21346 4 1 33643
21347 4 1 34370
21348 4 1 34348
21349 4 1 33647
21350 4 1 34021
21351 4 1 34063
21352 4 1 33652
21353 4 2 34609
21354 4 2 34037
21355 4 2 33661
21356 4 2 33662
21357 4 2 34086
21358 9 2 1102
21359 4 2 33673
21360 4 2 34608
21361 4 2 34077
21362 4 2 33678
21363 15 0 29902
21364 4 2 34087
21365 4 3 33690
21366 4 3 34221
21367 4 3 34904
21368 4 3 33700
21369 9 2 1102
21370 4 3 33691
21371 9 2 6270
21372 4 3 34222
21373 4 3 33696
21374 4 3 33697
21375 4 3 33701
21376 4 3 34056
21377 12 0 31500
21378 12 0 1102
21379 12 0 1102
21380 12 0 1102
21381 12 0 1102
21382 12 0 1102
21383 12 0 1399
21384 12 0 1102
21385 12 0 1102
21386 15 0 33211
21387 4 4 34487
21388 4 4 33708
21389 4 4 33705
21390 4 4 33706
21391 4 4 34257
21392 2 0 33727
21393 4 0 33856
21394 4 1 24013
21395 2 7 33839
21396 4 0 33856
21397 4 1 33730
21398 2 4 33731
21399 4 0 33856
21400 4 1 33732
21401 2 0 33727
21402 4 0 33856
21403 4 1 33733
21404 2 15 33734
21405 4 0 33856
21406 4 1 33735
21407 2 5 33731
21408 4 0 33856
21409 4 1 33736
21410 2 4 33731
21411 4 0 33856
21412 4 1 33737
21413 2 7 33839
21414 4 0 33856
21415 4 1 33144
21416 2 15 33734
21417 4 0 33856
21418 4 1 26202
21419 4 0 33779
21420 4 0 33766
21421 4 0 33767
21422 4 0 33768
21423 4 0 33770
21424 4 0 33770
21425 4 0 33771
21426 4 0 33772
21427 4 0 33775
21428 4 0 33776
21429 4 0 33780
21430 4 0 47348
21431 4 0 33782
21432 4 0 33783
21433 4 0 33784
21434 4 0 33785
21435 4 0 33787
21436 15 0 33786
21437 4 0 33788
21438 15 0 33789
21439 4 0 33791
21440 4 0 33792
21441 4 0 33793
21442 4 0 33794
21443 4 0 33796
21444 4 0 33799
21445 4 0 33793
21446 4 0 33802
21447 4 0 33767
21448 4 0 33803
21449 4 0 33804
21450 4 0 33806
21451 4 0 33807
21452 2 10 33809
21453 4 4 33810
21454 4 3 33812
21455 4 2 33880
21456 4 1 33814
21457 4 4 33818
21458 4 2 33819
21459 2 18 33828
21460 4 4 33822
21461 4 1 33823
21462 4 1 19128
21463 4 3 33824
21464 4 1 33825
21465 2 0 33835
21466 2 4 33838
21467 4 2 33840
21468 4 1 33841
21469 4 2 33842
21470 4 1 28951
21471 4 0 33845
21472 4 1 33848
21473 4 0 33973
21474 4 2 33852
21475 4 4 33853
21476 4 3 33854
21477 4 0 33855
21478 2 2 33857
21479 4 4 33903
21480 4 3 29833
21481 4 4 22757
21482 4 3 33863
21483 4 0 33864
21484 4 2 33901
21485 4 6 33867
21486 4 4 33868
21487 4 3 33870
21488 4 0 33849
21489 4 1 33873
21490 4 4 33876
21491 4 2 33879
21492 2 8 33882
21493 4 2 31166
21494 4 2 33885
21495 4 4 33888
21496 4 1 33889
21497 4 3 33892
21498 2 15 33894
21499 4 1 33895
21500 4 1 14174
21501 4 2 33897
21502 4 3 33902
21503 4 4 33905
21504 4 0 33906
21505 4 0 33906
21506 4 0 33906
21507 4 0 33906
21508 12 0 33907
21509 15 0 12333
21510 15 0 12333
21511 15 0 12333
21512 15 0 12333
21513 15 0 12333
21514 12 0 1102
21515 12 0 33911
21516 2 15 33422
21517 4 1 34353
21518 2 15 33422
21519 15 0 18087
21520 2 7 31866
21521 2 7 33994
21522 2 15 33992
21523 2 15 33991
21524 4 1 33998
21525 4 1 33999
21526 4 0 31616
21527 4 1 33980
21528 15 0 21202
21529 4 0 31899
21530 4 3 34031
21531 4 0 34034
21532 4 2 28627
21533 12 0 34035
21534 12 0 34036
21535 12 0 20952
21536 15 3 24730
21537 0 0 34059
21538 4 0 34094
21539 4 0 34095
21540 15 0 21469
21541 4 0 62893
21542 4 0 34099
21543 4 0 62895
21544 4 0 62894
21545 12 0 11449
21546 0 2 24214
21547 9 6 15274
21548 9 1 1102
21549 4 6 34101
21550 2 18 34115
21551 2 15 34105
21552 0 5 4811
21553 2 8 34106
21554 2 3 34107
21555 2 5 31954
21556 0 0 4181
21557 15 3 34281
21558 15 3 34279
21559 15 3 34280
21560 15 3 34282
21561 15 3 34283
21562 15 3 34284
21563 4 0 31800
21564 2 3 34116
21565 4 0 34188
21566 4 0 34188
21567 4 0 7248
21568 4 0 7248
21569 15 3 31401
21570 15 3 34121
21571 15 3 34271
21572 4 6 34127
21573 2 7 34128
21574 15 3 34272
21575 15 3 34273
21576 15 3 34275
21577 15 3 34276
21578 15 3 34277
21579 4 0 34132
21580 2 1 34133
21581 4 4 34165
21582 4 1 34176
21583 4 1 34179
21584 4 3 34181
21585 4 1 34183
21586 4 2 34184
21587 4 4 34185
21588 4 3 34186
21589 15 3 34285
21590 15 3 34286
21591 15 3 34287
21592 15 3 34289
21593 15 3 34290
21594 4 2 34187
21595 15 3 34291
21596 4 0 34189
21597 4 0 34190
21598 4 4 34191
21599 4 3 34193
21600 4 1 34195
21601 4 0 33808
21602 4 2 34197
21603 2 19 34198
21604 4 1 34199
21605 4 2 34260
21606 4 4 34202
21607 4 3 34203
21608 4 0 34204
21609 4 2 34205
21610 4 6 34206
21611 4 1 34207
21612 4 3 34208
21613 4 2 34210
21614 4 2 34606
21615 4 1 30670
21616 2 2 34223
21617 4 2 34226
21618 4 4 34227
21619 4 1 34230
21620 4 0 33808
21621 4 1 34231
21622 2 7 41490
21623 4 4 34235
21624 4 3 34236
21625 4 0 34237
21626 4 3 34238
21627 4 1 34239
21628 15 0 9632
21629 15 0 9632
21630 15 0 9632
21631 15 0 9632
21632 15 0 9632
21633 15 0 9632
21634 15 0 9632
21635 2 6 34250
21636 15 0 9632
21637 15 0 9632
21638 15 0 9632
21639 4 4 34252
21640 15 0 18721
21641 15 0 9632
21642 15 0 9632
21643 15 0 9632
21644 15 0 9632
21645 4 2 34259
21646 15 0 9632
21647 4 0 34261
21648 4 1 34263
21649 15 0 9632
21650 2 7 41491
21651 4 3 34266
21652 4 4 34268
21653 15 0 9632
21654 15 0 9632
21655 15 0 9632
21656 15 0 9632
21657 15 0 9632
21658 15 0 9632
21659 15 0 9632
21660 15 0 9632
21661 15 0 9632
21662 15 0 9632
21663 4 1 34270
21664 4 0 34274
21665 4 2 34278
21666 4 0 34288
21667 4 4 34292
21668 4 3 32760
21669 4 2 34711
21670 4 0 33851
21671 4 1 34294
21672 4 2 34295
21673 2 13 34296
21674 4 4 34298
21675 4 2 34299
21676 4 1 34302
21677 4 0 33808
21678 4 0 34303
21679 2 8 34304
21680 4 2 34305
21681 4 0 33864
21682 4 2 34306
21683 4 4 34310
21684 4 3 34312
21685 4 0 33871
21686 4 1 34314
21687 4 0 28733
21688 4 4 34315
21689 4 2 34317
21690 4 0 34318
21691 4 4 34319
21692 4 4 34320
21693 4 2 34607
21694 4 1 34323
21695 4 0 33855
21696 4 1 34325
21697 4 1 18948
21698 4 2 34326
21699 4 3 34419
21700 4 0 34204
21701 4 1 34329
21702 4 0 31889
21703 2 5 34331
21704 4 4 34332
21705 4 3 34333
21706 4 4 34334
21707 4 0 33855
21708 4 2 34335
21709 4 0 34336
21710 4 1 34337
21711 0 0 34342
21712 4 0 34274
21713 2 14 34365
21714 15 3 34354
21715 2 4 34339
21716 15 3 34356
21717 15 3 34357
21718 15 3 34358
21719 15 3 34359
21720 15 3 34360
21721 0 5 15794
21722 9 2 15274
21723 9 2 15274
21724 9 3 15274
21725 9 3 15274
21726 9 3 15274
21727 9 3 15274
21728 9 3 15274
21729 9 3 15274
21730 9 3 15274
21731 9 3 15274
21732 9 3 15274
21733 9 3 15274
21734 9 3 15274
21735 9 3 15274
21736 15 0 36142
21737 9 3 15274
21738 9 3 15274
21739 0 0 34342
21740 0 0 1102
21741 0 0 6270
21742 0 0 1096
21743 0 0 15274
21744 0 0 34359
21745 0 0 24730
21746 0 0 34361
21747 15 3 34363
21748 4 0 39914
21749 12 0 1102
21750 12 0 1102
21751 12 0 1102
21752 7 4 39924
21753 4 0 31576
21754 4 0 28831
21755 4 0 31603
21756 4 0 39920
21757 12 0 9585
21758 4 0 39915
21759 4 0 34374
21760 4 0 39916
21761 13 0 34378
21762 13 0 34378
21763 4 0 39917
21764 4 0 31604
21765 4 0 26537
21766 4 0 32008
21767 4 0 23629
21768 4 0 28831
21769 4 0 39918
21770 12 0 34382
21771 12 0 34389
21772 7 4 1659
21773 7 4 6496
21774 4 1 43893
21775 4 0 26391
21776 12 0 1102
21777 4 0 39914
21778 4 0 33808
21779 4 0 31908
21780 4 1 43892
21781 12 0 7164
21782 2 7 31808
21783 12 0 6672
21784 4 0 39916
21785 7 4 6851
21786 7 4 4775
21787 12 0 34390
21788 12 0 2480
21789 4 0 61338
21790 4 0 9657
21791 4 0 6539
21792 4 0 39214
21793 4 0 39215
21794 2 8 34304
21795 2 10 34391
21796 2 14 34399
21797 2 8 34402
21798 2 8 34404
21799 2 8 34405
21800 2 3 34484
21801 2 19 35017
21802 2 15 34478
21803 4 4 35222
21804 4 3 36715
21805 4 4 34482
21806 2 5 34474
21807 12 0 7695
21808 12 0 24730
21809 4 0 32008
21810 4 1 34479
21811 12 0 14005
21812 15 0 18721
21813 15 0 34655
21814 4 4 34483
21815 0 0 34508
21816 15 3 34654
21817 15 3 34654
21818 15 3 34654
21819 15 3 34654
21820 15 3 34654
21821 15 3 34654
21822 15 3 34654
21823 15 3 34654
21829 15 3 34537
21830 15 3 6405
21831 15 3 23146
21832 0 0 34430
21833 15 3 34536
21834 0 0 34431
21835 0 8 34432
21836 4 0 31800
21837 2 4 34468
21838 4 1 34469
21839 2 4 34485
21840 7 5 39453
21841 1 0 39457
21842 7 5 39454
21843 1 0 39458
21844 7 5 39462
21845 7 5 39461
21846 4 1 43295
21847 4 1 43296
21848 4 1 44953
21849 4 1 16892
21850 4 1 27830
21851 4 1 16642
21852 4 1 27822
21853 4 1 4272
21854 4 1 28479
21855 4 1 27821
21856 2 1 34481
21857 1 2 33940
21858 1 3 39459
21859 4 1 38942
21860 4 1 38102
21861 4 1 38920
21862 4 1 38941
21863 4 1 42158
21864 4 1 42159
21865 4 1 42157
21866 4 1 42714
21867 4 1 38102
21868 4 1 38926
21869 4 1 43297
21870 4 1 43298
21871 4 1 44952
21872 1 1 33941
21873 4 1 43300
21874 4 1 43319
21875 4 1 43301
21876 1 0 39463
21877 7 5 39452
21878 7 11 25048
21879 7 11 20978
21880 12 0 4775
21881 7 5 18597
21882 7 11 42151
21883 7 5 25028
21884 7 10 41675
21885 7 10 41680
21886 7 10 41676
21887 7 6 38744
21888 4 1 29736
21889 4 4 34466
21890 4 3 34467
21891 4 0 34471
21892 9 2 1301
21893 9 2 1301
21894 9 2 1301
21895 9 2 1301
21896 9 2 1301
21897 9 2 1301
21898 9 2 1301
21899 9 2 1301
21900 9 2 2571
21901 9 2 2571
21902 9 2 1301
21903 9 2 1096
21904 9 2 1096
21905 9 2 15274
21906 9 2 15274
21907 9 2 15274
21908 9 2 1301
21909 9 2 1301
21910 9 2 2571
21911 9 2 6270
21912 9 2 1301
21913 9 2 2571
21914 9 2 1301
21915 9 2 6270
21916 9 2 1301
21917 9 2 2571
21918 9 2 1301
21919 9 2 6270
21920 15 0 34656
21921 15 0 34656
21922 0 0 34488
21923 12 0 22614
21924 9 2 1102
21925 15 0 34656
21926 15 0 34656
21927 0 8 13710
21928 12 0 16452
21929 3 5 35921
21930 12 0 15589
21931 4 0 9833
21932 4 0 9833
21933 4 0 34491
21934 4 0 9854
21935 12 0 24211
21936 12 0 15794
21937 12 0 15788
21938 12 0 5292
21939 12 0 20892
21940 9 10 15274
21941 9 10 1102
21942 9 10 1102
21943 9 10 1102
21944 9 10 15274
21945 9 10 15274
21946 12 0 34872
21947 9 10 15274
21948 9 10 1102
21949 9 10 15274
21950 9 10 1102
21951 9 10 1102
21952 9 10 1102
21953 9 10 15274
21954 9 10 1102
21955 9 10 15274
21956 9 10 15274
21957 9 10 1102
21958 9 10 15274
21959 9 10 15274
21960 15 3 13082
21961 0 0 22651
21962 12 0 12310
21963 12 0 12310
21964 12 0 12310
21965 0 0 12310
21966 0 0 12310
21967 0 0 12310
21968 0 0 30690
21969 0 0 34490
21970 0 0 34490
21971 0 0 34490
21972 0 0 34490
21973 0 0 34490
21974 0 0 34490
21975 15 3 34538
21976 0 0 34490
21977 0 0 34490
21978 0 0 34490
21979 15 3 34538
21980 15 3 34538
21981 15 3 34538
21982 12 0 32326
21983 12 0 34874
21984 12 0 34868
21985 12 0 30952
21986 12 0 34874
21987 12 0 7148
21988 12 0 18716
21989 12 0 13688
21990 0 7 39456
21991 0 7 39455
21992 9 7 8117
21993 9 7 8117
21994 4 4 34610
21995 4 4 34611
21996 4 4 34612
21997 4 4 34617
21998 4 4 34613
21999 4 4 42240
22000 4 4 34615
22001 4 4 34616
22002 4 2 34699
22003 4 2 34684
22004 4 2 34685
22005 4 2 34700
22006 4 2 34686
22007 4 2 34687
22008 4 2 34688
22009 4 2 34689
22010 4 3 34646
22011 4 3 34647
22012 9 7 1134
22013 4 3 34649
22014 12 0 34867
22015 4 3 34650
22016 4 3 34651
22017 4 3 34652
22018 0 5 24570
22019 0 5 34497
22020 0 8 7899
22021 0 8 7899
22022 0 8 7899
22023 0 8 7899
22024 0 8 7899
22025 0 8 7899
22026 0 8 7899
22027 0 8 7899
22028 0 8 7899
22029 0 8 7899
22030 0 8 7899
22031 0 8 7899
22032 0 8 7899
22033 0 8 7899
22034 0 8 7899
22035 0 8 7899
22036 0 8 7899
22037 0 8 7899
22038 0 8 7899
22039 0 8 7899
22040 0 8 7899
22041 0 8 7899
22042 0 8 7899
22043 0 8 7899
22044 0 0 1262
22045 15 0 9632
22046 12 0 34870
22047 12 0 34871
22048 12 0 34869
22049 12 0 34865
22050 12 0 34865
22051 12 0 34865
22052 12 0 34865
22053 0 8 13707
22054 0 8 13707
22055 0 8 37278
22056 12 0 34865
22057 12 0 34866
22058 15 3 34508
22059 15 0 34508
22060 4 3 34645
22061 4 3 34648
22062 4 1 34599
22063 4 1 34601
22064 4 1 34782
22065 4 1 34602
22066 4 1 34600
22067 4 1 34598
22068 4 1 34597
22069 4 1 34596
22070 4 1 34620
22071 4 1 34621
22072 4 1 34622
22073 4 1 34623
22074 4 1 34624
22075 4 1 34625
22076 4 1 34626
22077 4 1 34627
22078 4 1 34628
22079 4 1 34629
22080 4 1 34630
22081 4 1 34631
22082 4 1 34632
22083 4 1 34633
22084 4 1 34634
22085 4 1 34635
22086 4 4 34520
22087 4 4 34521
22088 4 4 34522
22089 4 4 34519
22090 4 4 34523
22091 4 4 34524
22092 4 4 34525
22093 4 4 34526
22094 12 0 34863
22095 4 3 34691
22096 4 3 34692
22097 4 3 34693
22098 4 3 34694
22099 4 3 34695
22100 4 3 34696
22101 4 3 34697
22102 4 3 34698
22103 0 8 8026
22104 0 8 8026
22105 0 8 8026
22106 4 2 34637
22107 4 2 34638
22108 4 2 34641
22109 4 2 34639
22110 4 2 34640
22111 4 2 34642
22112 4 2 34643
22113 4 2 34644
22114 15 2 59503
22115 12 0 34873
22116 0 0 6009
22117 15 3 34754
22118 0 0 15589
22119 15 3 34753
22120 15 3 34752
22121 15 3 34751
22122 15 3 34755
22123 15 3 34751
22124 0 0 15589
22125 0 0 15589
22126 0 0 15589
22127 0 0 15589
22128 4 0 24380
22129 0 0 15589
22130 15 3 7045
22131 15 3 34679
22132 15 3 34677
22133 15 3 34676
22134 15 3 34682
22135 15 3 34681
22136 15 3 34677
22137 15 0 20709
22138 12 0 34509
22139 12 0 34510
22140 15 3 34736
22141 15 3 34736
22142 15 3 34736
22143 15 3 34736
22144 15 3 34736
22145 15 3 34736
22146 9 0 1317
22147 15 1 7287
22148 15 1 7406
22149 4 0 1399
22150 4 0 1399
22151 12 0 3665
22152 15 0 2584
22153 9 0 1103
22154 15 3 34538
22155 15 3 34538
22156 15 3 34538
22157 15 3 34538
22158 15 3 34538
22159 15 3 34542
22160 15 3 34542
22161 15 3 34542
22162 15 3 34542
22163 15 3 34542
22164 15 3 34538
22165 15 3 34538
22166 15 3 34538
22167 15 3 34674
22168 15 3 34674
22169 15 3 34674
22170 15 3 34542
22171 15 3 34542
22172 15 3 34542
22173 15 3 18079
22174 15 3 34748
22175 15 3 6342
22176 15 3 21203
22177 15 3 7328
22178 15 3 34542
22179 9 0 1246
22180 9 0 1246
22181 9 0 1246
22182 9 0 1246
22183 9 0 1246
22184 9 0 1246
22185 9 0 1246
22186 9 0 1246
22187 9 0 1246
22188 9 0 1246
22189 9 0 1246
22190 9 0 1246
22191 4 3 34515
22192 0 0 15713
22193 0 0 15791
22194 4 3 34516
22195 4 3 36968
22196 4 4 34518
22197 4 4 36967
22198 4 6 34533
22199 2 1 34534
22200 15 2 34535
22201 12 0 18721
22202 7 7 34543
22203 7 7 20769
22204 4 2 34549
22205 4 4 34550
22206 4 0 34553
22207 4 3 34555
22208 2 5 34556
22209 9 4 1301
22210 2 13 34557
22211 2 13 34557
22212 4 3 34558
22213 2 4 34559
22214 9 4 1301
22215 2 15 34560
22216 12 0 5287
22217 12 0 5287
22218 15 3 34561
22219 9 4 1301
22220 9 4 6270
22221 9 4 1301
22222 9 4 6270
22223 4 4 34564
22224 12 0 9731
22225 4 1 35922
22226 12 0 3233
22227 12 0 34572
22228 12 0 34573
22229 12 0 35024
22230 4 1 23081
22231 4 1 34593
22232 4 3 34577
22233 1 0 12333
22234 4 1 34579
22235 15 2 34535
22236 0 0 34581
22237 0 0 34584
22238 0 0 34582
22239 0 0 34583
22240 4 3 34585
22241 4 2 34590
22242 4 3 34594
22243 1 1 1281
22244 1 1 20913
22245 4 1 34595
22246 1 3 34780
22247 4 1 34605
22248 1 3 34796
22249 1 3 34778
22250 1 2 34797
22251 1 2 34779
22252 1 2 34798
22253 4 0 31138
22254 2 19 34636
22255 4 0 9834
22256 4 1 30774
22257 4 0 31655
22258 15 0 983
22259 0 0 34653
22260 0 0 34653
22261 15 3 8928
22262 15 3 34674
22263 15 3 34674
22264 15 0 34656
22265 15 0 34656
22266 2 15 6555
22267 4 1 34690
22268 4 0 23713
22269 4 1 24013
22270 4 4 34708
22271 4 2 34710
22272 4 2 34714
22273 4 2 34715
22274 4 2 34717
22275 4 2 6762
22276 4 0 34726
22277 4 0 62921
22278 4 0 34725
22279 4 0 34727
22280 4 0 34728
22281 4 0 62919
22282 4 0 62920
22283 15 3 2588
22284 15 3 34737
22285 15 3 34738
22286 15 3 34739
22287 15 3 34740
22288 15 3 11448
22289 15 3 34741
22290 15 3 34742
22291 15 3 11449
22292 15 3 11449
22293 15 3 34745
22294 15 3 34746
22295 15 3 19595
22296 15 3 6524
22297 15 3 34747
22298 15 3 1143
22299 15 3 34749
22300 15 3 34750
22301 4 1 34799
22302 4 1 34781
22303 4 1 34788
22304 4 1 34789
22305 4 1 34791
22306 4 1 34790
22307 9 2 811
22308 9 2 1102
22309 9 2 15274
22310 9 2 1102
22311 4 1 34792
22312 9 2 811
22313 4 1 34793
22314 2 6 34794
22315 2 4 6798
22316 4 7 34795
22317 2 13 23742
22318 2 2 34800
22319 4 0 34802
22320 15 0 2593
22321 4 0 6006
22322 2 4 5199
22323 0 0 26733
22324 0 5 26733
22325 4 2 14389
22326 4 0 26001
22327 4 0 9857
22328 4 4 21961
22329 4 0 34807
22330 4 1 34808
22331 4 0 24569
22332 2 7 34810
22333 2 5 2440
22334 4 0 9837
22335 2 10 34891
22336 4 6 18790
22337 4 1 34812
22338 12 0 2480
22339 4 0 31616
22340 4 0 9852
22341 2 4 34820
22342 4 1 24354
22343 4 3 33154
22344 15 0 1588
22345 4 9 34958
22346 2 5 34822
22347 2 18 22929
22348 2 5 35010
22349 15 0 35307
22350 15 0 35347
22351 15 0 35354
22352 15 0 35337
22353 15 0 35336
22354 15 0 35338
22355 15 0 35334
22356 15 0 35340
22357 15 0 35335
22358 15 0 35339
22359 15 0 35345
22360 15 0 35344
22361 15 0 35346
22362 15 0 35348
22363 15 0 35342
22364 15 0 35343
22365 15 0 35341
22366 15 0 35353
22367 15 0 35351
22368 15 0 35356
22369 15 0 35350
22370 15 0 35349
22371 15 0 35352
22372 15 0 35355
22373 12 0 35300
22374 12 0 35298
22375 12 0 35301
22376 12 0 35299
22377 2 15 34849
22378 2 7 34850
22379 2 15 34859
22380 2 4 34860
22381 12 0 2637
22382 12 0 30952
22383 2 7 36970
22384 2 4 36969
22385 4 4 34890
22386 12 0 3486
22387 12 0 13291
22388 9 4 6270
22389 9 4 6270
22390 9 4 6270
22391 2 10 34891
22392 9 8 7798
22393 9 0 1143
22394 2 10 34894
22395 4 9 34957
22396 4 9 34956
22397 4 8 34955
22398 4 8 34954
22399 4 8 34953
22400 4 7 34961
22401 4 7 34960
22402 4 7 34959
22403 4 0 9858
22404 2 13 34896
22405 4 1 34897
22406 2 10 20384
22407 4 2 42208
22408 2 19 34899
22409 4 2 34900
22410 4 3 34901
22411 4 4 34902
22412 4 1 15014
22413 12 0 37078
22414 12 0 8093
22415 12 0 19528
22416 4 4 35049
22417 4 4 35051
22418 4 4 36730
22419 4 4 35177
22420 4 4 35067
22421 4 4 35050
22422 4 4 35058
22423 4 4 35044
22424 4 4 35619
22425 4 4 35618
22426 4 4 35615
22427 4 4 35616
22428 4 4 36972
22429 4 4 35617
22430 4 4 35613
22431 4 4 35614
22432 12 0 34923
22433 4 0 24022
22434 15 0 34936
22435 15 0 34925
22436 4 3 35415
22437 4 3 35413
22438 4 3 35601
22439 4 3 35611
22440 4 3 35409
22441 4 3 35411
22442 4 3 35410
22443 4 3 35416
22444 15 0 34924
22445 7 12 39195
22446 7 12 39200
22447 7 12 39199
22448 7 12 39197
22449 7 12 39198
22450 7 12 39201
22451 7 10 41673
22452 7 10 38617
22453 5 0 23287
22454 5 0 13689
22455 5 0 23285
22456 7 10 39707
22457 7 10 41677
22458 2 10 18289
22459 3 8 39424
22460 3 8 40304
22461 7 12 39728
22462 7 12 39730
22463 7 12 39732
22464 4 3 35752
22465 4 3 35754
22466 4 3 42115
22467 4 3 35751
22468 4 3 35746
22469 4 3 35748
22470 4 3 35747
22471 4 3 35753
22472 4 2 9653
22473 12 0 21206
22474 12 0 34962
22475 12 0 34963
22476 4 2 35054
22477 4 2 35065
22478 4 2 41849
22479 4 2 35064
22480 4 2 36351
22481 4 2 35055
22482 4 2 36349
22483 4 2 35053
22484 15 0 18021
22485 15 0 20220
22486 13 0 10365
22487 12 0 9666
22488 4 2 35159
22489 4 2 35161
22490 4 2 35162
22491 4 2 35160
22492 4 2 35173
22493 4 2 35167
22494 4 2 35164
22495 4 2 35158
22496 4 1 35523
22497 4 1 35522
22498 4 1 36440
22499 4 1 35326
22500 4 1 35525
22501 4 1 35521
22502 4 1 35519
22503 4 1 35677
22504 4 1 35185
22505 4 1 35184
22506 4 1 35182
22507 4 1 35187
22508 4 1 35186
22509 4 1 35183
22510 4 1 35179
22511 4 1 35180
22512 4 1 36354
22513 4 1 35154
22514 4 1 56051
22515 4 1 35149
22516 4 1 35148
22517 4 1 35145
22518 4 1 35143
22519 4 1 35144
22520 15 0 31577
22521 0 8 36862
22522 0 8 47904
22523 15 0 35274
22524 15 0 35273
22525 12 0 35014
22526 12 0 13806
22527 12 0 18514
22528 12 0 22924
22529 12 0 35015
22530 9 8 7798
22531 9 8 7798
22532 9 8 7798
22533 9 8 7798
22534 9 8 7798
22535 9 8 7798
22536 9 8 7798
22537 9 8 7798
22538 9 8 7798
22539 9 8 7798
22540 9 8 7798
22541 9 8 7798
22542 9 8 7798
22543 9 8 7798
22544 9 8 7798
22545 9 8 7798
22546 9 8 7798
22547 9 8 7798
22548 9 8 7798
22549 12 0 7798
22550 12 0 18721
22551 9 8 7798
22552 9 8 7798
22553 9 8 7798
22554 9 8 7798
22555 9 8 7798
22556 9 8 7798
22557 9 8 7798
22558 9 8 7798
22559 9 8 7798
22560 9 8 7798
22561 9 8 7798
22562 9 8 7798
22563 9 8 7798
22564 9 8 7798
22565 9 8 7798
22566 12 0 20614
22567 12 0 4689
22568 15 0 634
22569 12 0 3671
22570 12 0 16452
22571 1 0 8270
22572 7 10 41681
22573 7 10 38610
22574 7 10 41682
22575 7 10 41683
22576 7 10 41684
22577 7 10 41685
22578 7 10 41686
22579 12 0 6349
22580 12 0 37217
22581 12 0 8926
22582 12 0 8928
22583 12 0 20775
22584 0 8 7899
22585 0 8 7899
22586 0 8 7899
22587 0 8 7899
22588 0 8 7899
22589 2 10 35632
22590 12 0 15274
22591 12 0 6270
22592 12 0 1096
22593 15 0 30953
22594 12 0 1102
22595 15 0 35025
22596 2 8 35031
22597 12 0 31603
22598 12 0 26571
22599 12 0 24730
22600 12 0 16065
22601 12 0 16065
22602 12 0 16065
22603 12 0 16065
22604 12 0 16065
22605 12 0 16065
22606 12 0 16065
22607 12 0 16065
22608 12 0 16065
22609 12 0 16065
22610 12 0 16065
22611 12 0 16065
22612 12 0 16065
22613 12 0 16065
22614 12 0 16065
22615 12 0 16065
22616 12 0 16065
22617 12 0 16065
22618 12 0 16065
22619 12 0 16065
22620 12 0 16065
22621 12 0 16065
22622 12 0 16065
22623 12 0 16065
22624 12 0 16065
22625 12 0 16065
22626 12 0 16065
22627 12 0 31603
22628 12 0 17893
22629 12 0 1096
22630 2 10 35631
22631 2 10 35634
22632 2 10 35633
22633 12 0 35057
22634 12 0 4691
22635 15 0 35045
22636 15 0 35046
22637 15 0 32745
22638 15 0 35048
22639 12 0 18703
22640 12 0 10546
22641 12 0 35056
22642 12 0 36577
22643 7 0 25467
22644 7 8 35068
22645 0 5 39722
22646 4 0 21610
22647 9 5 1102
22648 15 0 33211
22649 15 0 33211
22650 15 0 33211
22651 4 4 35069
22652 4 1 35302
22653 12 0 14023
22654 4 1 35286
22655 4 1 35283
22656 2 3 35071
22657 4 0 6543
22658 4 1 35076
22659 4 0 6543
22660 4 1 35077
22661 4 2 35290
22662 4 2 35303
22663 4 2 35287
22664 4 3 36436
22665 4 3 36435
22666 4 3 36437
22667 4 1 35090
22668 4 2 35091
22669 4 4 35276
22670 4 4 35277
22671 4 4 35275
22672 4 4 35069
22673 4 3 35093
22674 12 0 6497
22675 12 0 21913
22676 4 3 35093
22677 12 0 35585
22678 4 0 24730
22679 1 0 21202
22680 4 0 3666
22681 4 0 24569
22682 7 11 35465
22683 9 2 1301
22684 9 2 1301
22685 9 2 1301
22686 9 2 1301
22687 9 2 1301
22688 2 15 35094
22689 4 2 35095
22690 4 3 35096
22691 2 8 35097
22692 9 1 1301
22693 12 0 35098
22694 9 2 1301
22695 9 2 1301
22696 9 1 1301
22697 9 2 1301
22698 9 2 1301
22699 4 4 35278
22700 4 1 35282
22701 4 2 35289
22702 4 3 36438
22703 9 4 1301
22704 9 4 1301
22705 9 4 1301
22706 12 0 1317
22707 4 0 31616
22708 12 0 31616
22709 2 8 35112
22710 7 9 18089
22711 4 1 35114
22712 4 1 35115
22713 2 4 35116
22714 4 4 35118
22715 4 3 35119
22716 4 1 35120
22717 12 0 35448
22718 4 2 41850
22719 15 0 1588
22720 4 1 35125
22721 4 0 24022
22722 4 0 30661
22723 12 0 3018
22724 2 4 35129
22725 4 0 9842
22726 15 0 35130
22727 15 0 33566
22728 7 3 44269
22729 9 3 1301
22730 4 1 35138
22731 4 1 35139
22732 4 0 34303
22733 12 0 35140
22734 12 0 35141
22735 12 0 3024
22736 2 7 35152
22737 15 0 29948
22738 2 7 35151
22739 9 0 1103
22740 4 2 35157
22741 4 2 18962
22742 4 1 35169
22743 0 0 4511
22744 4 1 19950
22745 4 1 36971
22746 15 0 1282
22747 4 1 32927
22748 4 3 35093
22749 4 2 35157
22750 4 2 18962
22751 4 4 35069
22752 4 1 32927
22753 4 4 35175
22754 12 0 17403
22755 12 0 35178
22756 4 1 35207
22757 4 1 35206
22758 4 1 35209
22759 4 2 42883
22760 4 2 35214
22761 4 2 35213
22762 4 4 35216
22763 4 4 35217
22764 4 4 35219
22765 15 0 811
22766 9 4 1301
22767 9 4 1301
22768 9 4 1301
22769 9 1 1301
22770 9 1 1301
22771 9 1 1301
22772 9 2 1301
22773 9 2 1301
22774 9 2 1301
22775 12 0 18080
22776 12 0 2474
22777 12 0 34281
22778 0 0 1288
22779 0 0 2357
22780 15 2 18050
22781 15 2 35224
22782 4 1 15120
22783 2 7 20014
22784 4 0 28464
22785 7 9 37663
22786 7 9 37877
22787 7 9 37393
22788 7 9 37662
22789 7 9 37661
22790 7 9 44296
22791 7 9 37412
22792 7 9 37394
22793 7 9 37413
22794 7 9 38652
22795 0 0 37665
22796 12 0 15742
22797 7 9 37414
22798 2 5 35239
22799 2 10 35240
22800 2 10 35241
22801 2 10 35242
22802 2 15 35819
22803 2 15 35244
22804 2 15 35709
22805 2 7 35247
22806 2 7 35247
22807 2 7 36371
22808 2 4 35250
22809 2 5 36518
22810 2 3 35370
22811 2 2 35870
22812 2 18 35253
22813 2 8 35255
22814 2 8 35256
22815 2 1 35371
22816 2 0 35258
22817 2 6 35259
22818 4 6 35577
22819 4 6 35573
22820 2 19 35262
22821 2 19 35263
22822 12 0 811
22823 0 2 37865
22824 0 2 37842
22825 0 2 37863
22826 0 1 37855
22827 0 2 37848
22828 0 1 37859
22829 0 1 37807
22830 0 2 37860
22831 0 2 37812
22832 0 1 37808
22833 0 2 37844
22834 0 2 37849
22835 0 2 37846
22836 0 1 37845
22837 0 1 37858
22838 0 1 37857
22839 0 1 37856
22840 0 2 37862
22841 0 1 37815
22842 0 1 37814
22843 4 3 31181
22844 0 1 37812
22845 0 1 37816
22846 0 1 37810
22847 0 1 37813
22848 0 2 37861
22849 0 1 37847
22850 0 1 37809
22851 0 3 37850
22852 4 2 27263
22853 0 3 37851
22854 0 3 37852
22855 4 1 31026
22856 4 2 31035
22857 4 3 31183
22858 4 4 31050
22859 4 1 31027
22860 4 1 31097
22861 0 3 37853
22862 4 3 31182
22863 4 2 27265
22864 4 2 31036
22865 4 1 27256
22866 0 3 37854
22867 4 3 27279
22868 4 4 31051
22869 4 1 31028
22870 4 1 31098
22871 0 1 44302
22872 4 4 27274
22873 4 4 31052
22874 4 3 31048
22875 4 3 30367
22876 4 3 31185
22877 4 2 31037
22878 4 2 27267
22879 4 2 31039
22880 4 2 31040
22881 4 1 31032
22882 4 1 31033
22883 4 1 26144
22884 4 1 27260
22885 4 1 30351
22886 4 1 31102
22887 4 3 31186
22888 12 0 18499
22889 12 0 15773
22890 9 0 1103
22891 9 0 1103
22892 12 0 7122
22893 12 0 35267
22894 12 0 35268
22895 0 5 35639
22896 12 0 20784
22897 9 0 1103
22898 12 0 2516
22899 12 0 2516
22900 9 6 1102
22901 9 6 1102
22902 9 6 1102
22903 9 6 15274
22904 9 6 15274
22905 9 6 1102
22906 9 6 15274
22907 9 6 1102
22908 9 6 15274
22909 9 6 1102
22910 9 6 15274
22911 9 6 1102
22912 9 6 15274
22913 9 6 15274
22914 9 6 15274
22915 9 6 15274
22916 9 6 15274
22917 9 6 15274
22918 9 6 15274
22919 9 6 15274
22920 9 6 15274
22921 9 6 15274
22922 9 6 15274
22923 9 6 15274
22924 9 6 15274
22925 9 6 15274
22926 9 6 15274
22927 9 6 15274
22928 12 0 2516
22929 12 0 2516
22930 12 0 3033
22931 12 0 2516
22932 12 0 3032
22933 12 0 20661
22934 12 0 34863
22935 4 0 19763
22936 4 4 35310
22937 4 0 35817
22938 4 1 35312
22939 4 0 35313
22940 4 4 35324
22941 4 2 35325
22942 2 4 35642
22943 4 0 35358
22944 12 0 3029
22945 12 0 13430
22946 12 0 7695
22947 4 0 35359
22948 12 0 7629
22949 12 0 18021
22950 12 0 6006
22951 4 2 9975
22952 4 1 23130
22953 4 3 2967
22954 4 0 35361
22955 12 0 35404
22956 2 4 36924
22957 2 7 1544
22958 2 8 20084
22959 2 10 35363
22960 4 1 35366
22961 4 0 35367
22962 12 0 36540
22963 2 15 3006
22964 4 3 9644
22965 4 2 3708
22966 4 1 16906
22967 4 3 36434
22968 4 1 35369
22969 2 2 7603
22970 12 0 3033
22971 2 19 28159
22972 12 0 13430
22973 12 0 3029
22974 12 0 7695
22975 12 0 7629
22976 1 0 2586
22977 12 0 3032
22978 12 0 9345
22979 4 0 6011
22980 2 10 44339
22981 4 0 35373
22982 2 2 20674
22983 4 1 36424
22984 2 15 35390
22985 4 3 33322
22986 4 1 12718
22987 4 2 36996
22988 2 4 35710
22989 12 0 31604
22990 4 1 35378
22991 4 1 35380
22992 4 2 35381
22993 4 3 35399
22994 4 0 35383
22995 2 8 35392
22996 4 6 41470
22997 2 19 20903
22998 4 2 35395
22999 4 0 35396
23000 4 4 35398
23001 4 0 35400
23002 15 2 35406
23003 12 0 35402
23004 4 8 34953
23005 4 9 34956
23006 4 7 34959
23007 15 2 35405
23008 12 0 811
23009 2 19 35262
23010 12 0 811
23011 12 0 811
23012 12 0 811
23013 12 0 811
23014 2 7 36376
23015 15 2 59497
23016 12 0 811
23017 4 1 35408
23018 4 0 35313
23019 4 4 35419
23020 4 2 35421
23021 4 1 35422
23022 15 0 22611
23023 4 0 35358
23024 12 0 16065
23025 4 0 35423
23026 12 0 35425
23027 4 0 35429
23028 4 0 31616
23029 4 0 35813
23030 4 1 35430
23031 4 0 35431
23032 4 1 35432
23033 4 3 36433
23034 4 4 35434
23035 4 1 42767
23036 4 0 35437
23037 4 0 35438
23038 4 0 35423
23039 2 6 35259
23040 4 0 35439
23041 4 0 35442
23042 4 0 35439
23043 4 6 35576
23044 2 15 35246
23045 4 1 35444
23046 4 0 35445
23047 4 0 35429
23048 4 0 35816
23049 4 0 35792
23050 4 1 35446
23051 2 2 35450
23052 2 18 35456
23053 4 0 35359
23054 2 7 36378
23055 7 11 1013
23056 2 4 35574
23057 4 0 35358
23058 4 0 35437
23059 4 0 35472
23060 4 0 35472
23061 4 0 35472
23062 4 0 35472
23063 4 0 35472
23064 4 0 35472
23065 4 0 35472
23066 4 0 35472
23067 4 0 35472
23068 4 4 35508
23069 4 1 36370
23070 4 1 35514
23071 4 2 36478
23072 4 4 36279
23073 4 2 6720
23074 12 0 7054
23075 4 6 35654
23076 7 11 7339
23077 3 0 35916
23078 4 4 35550
23079 3 4 35917
23080 7 0 33298
23081 4 2 36479
23082 4 3 35542
23083 15 2 15788
23084 4 1 35545
23085 4 1 35544
23086 15 3 35546
23087 4 4 36077
23088 4 3 35554
23089 4 2 36480
23090 4 4 35555
23091 4 1 35556
23092 4 3 35557
23093 4 2 36481
23094 3 0 35930
23095 3 0 35930
23096 3 0 35930
23097 3 0 35930
23098 3 5 35845
23099 3 5 35845
23100 3 5 35845
23101 3 5 35845
23102 7 0 20978
23103 3 4 35843
23104 3 4 35843
23105 3 4 35843
23106 3 4 35843
23107 3 3 35919
23108 3 3 35847
23109 3 3 35847
23110 3 3 35847
23111 3 3 35847
23112 3 2 35918
23113 3 2 35848
23114 3 2 35848
23115 3 2 35848
23116 3 2 35848
23117 3 1 35920
23118 3 1 35852
23119 3 1 35852
23120 3 1 35852
23121 3 1 35852
23122 0 8 24674
23123 0 8 26865
23124 2 10 35563
23125 4 0 18172
23126 4 1 35564
23127 4 1 35565
23128 4 1 35569
23129 4 1 30833
23130 9 10 1102
23131 9 10 1102
23132 2 7 35571
23133 9 10 15274
23134 9 10 15274
23135 9 10 1102
23136 9 10 15274
23137 9 10 1102
23138 9 10 15274
23139 4 6 2456
23140 9 10 1102
23141 9 10 1102
23142 9 10 15274
23143 9 10 15274
23144 9 10 1102
23145 9 10 15274
23146 9 10 15274
23147 9 10 15274
23148 9 10 1102
23149 9 10 15274
23150 9 10 15274
23151 9 10 15274
23152 9 10 1102
23153 9 10 15274
23154 9 10 15274
23155 9 10 15274
23156 4 0 28647
23157 7 4 7339
23158 3 7 13496
23159 3 7 13496
23160 0 5 26736
23161 0 0 21845
23162 1 0 11448
23163 0 0 35583
23164 0 0 18114
23165 12 0 35586
23166 12 0 35587
23167 12 0 35588
23168 2 15 35589
23169 4 0 9853
23170 4 3 18339
23171 2 1 28804
23172 0 5 6410
23173 4 1 28648
23174 2 15 2738
23175 0 0 26732
23176 0 0 35592
23177 2 19 35593
23178 4 1 22994
23179 12 0 30562
23180 12 0 35595
23181 12 0 35596
23182 12 0 30562
23183 12 0 35596
23184 12 0 35595
23185 12 0 35595
23186 12 0 35596
23187 12 0 30562
23188 12 0 30562
23189 12 0 35595
23190 12 0 35596
23191 12 0 26571
23192 4 0 15817
23193 15 0 24011
23194 0 0 35274
23195 0 0 35620
23196 0 0 35621
23197 4 8 34954
23198 4 8 34955
23199 4 9 34957
23200 4 9 34956
23201 4 7 34960
23202 4 7 34960
23203 4 7 34961
23204 4 7 34959
23205 12 0 30601
23206 4 0 35649
23207 4 0 35621
23208 4 0 35621
23209 0 0 35657
23210 0 0 3568
23211 0 0 35657
23212 4 0 35675
23213 4 1 6773
23214 12 0 10377
23215 0 0 3568
23216 12 0 9731
23217 12 0 18049
23218 12 0 9731
23219 4 4 30535
23220 4 1 36369
23221 2 4 35643
23222 12 0 13002
23223 12 0 22207
23224 0 8 6404
23225 2 7 33304
23226 4 2 35713
23227 12 0 811
23228 12 0 1399
23229 2 7 20009
23230 2 7 35716
23231 12 0 35761
23232 2 7 25646
23233 7 4 3494
23234 7 4 35718
23235 7 4 32432
23236 7 4 4171
23237 4 0 35423
23238 4 6 35719
23239 12 0 22200
23240 2 10 33299
23241 2 7 35731
23242 2 13 35818
23243 4 4 31049
23244 4 4 30071
23245 0 8 35738
23246 0 0 35744
23247 15 0 35745
23248 12 0 20803
23249 12 0 24051
23250 15 0 36448
23251 4 3 31184
23252 4 3 31047
23253 4 2 28106
23254 4 2 28935
23255 4 1 27258
23256 4 1 30381
23257 4 2 30358
23258 4 2 31038
23259 4 3 30072
23260 4 3 30382
23261 4 1 31030
23262 4 1 31031
23263 4 1 31099
23264 4 1 31100
23265 4 3 8295
23266 4 2 33372
23267 4 1 6777
23268 12 0 983
23269 12 0 23739
23270 12 0 25475
23271 15 0 12333
23272 4 4 30315
23273 4 4 31084
23274 4 4 30321
23275 4 4 31082
23276 4 4 30316
23277 4 4 31085
23278 4 3 36006
23279 4 3 35798
23280 4 2 36003
23281 4 2 36004
23282 4 1 31060
23283 4 1 36007
23284 4 2 31075
23285 4 2 31068
23286 4 4 35808
23287 4 4 26752
23288 4 1 36010
23289 4 1 36008
23290 4 1 36013
23291 4 1 31063
23292 4 3 35799
23293 4 3 35800
23294 4 2 35805
23295 4 2 27235
23296 4 1 30385
23297 4 1 36017
23298 4 2 36015
23299 4 2 36014
23300 4 4 31083
23301 4 4 26659
23302 4 1 36018
23303 4 1 36021
23304 4 1 36022
23305 4 1 36024
23306 4 3 35801
23307 4 3 35802
23308 4 2 40407
23309 4 2 35807
23310 4 1 36040
23311 4 1 36027
23312 4 2 36669
23313 4 2 36044
23314 4 4 35810
23315 4 4 35811
23316 4 1 36042
23317 4 1 36038
23318 4 1 36041
23319 4 1 27231
23320 9 0 33585
23321 4 1 12647
23322 4 1 36138
23323 4 1 41462
23324 4 0 44563
23325 15 0 35830
23326 0 0 35831
23327 0 0 6399
23328 2 8 35839
23329 0 8 6624
23330 15 0 30601
23331 15 0 30600
23332 15 0 6501
23333 15 0 30634
23334 0 8 2516
23335 2 10 35855
23336 12 0 15710
23337 12 0 15791
23338 12 0 36270
23339 12 0 1143
23340 12 0 4110
23341 12 0 4110
23342 12 0 4110
23343 12 0 1281
23344 4 1 36120
23345 4 0 36118
23346 2 8 2380
23347 2 18 10671
23348 4 0 36122
23349 4 0 9977
23350 4 1 9975
23351 4 0 9976
23352 12 0 36272
23353 15 0 35871
23354 0 8 17957
23355 12 0 25480
23356 4 6 35878
23357 12 0 18053
23358 12 0 10449
23359 7 0 2516
23360 12 0 3486
23361 0 0 29354
23362 2 4 35992
23363 4 4 35991
23364 7 4 12310
23365 4 6 18698
23366 7 4 35884
23367 4 1 12661
23368 4 2 8308
23369 2 15 35899
23370 2 7 35898
23371 2 10 3405
23372 2 8 37415
23373 2 7 36958
23374 12 0 19312
23375 4 2 35903
23376 4 3 6954
23377 4 1 16847
23378 12 0 9826
23379 0 0 7025
23380 15 0 30634
23381 0 8 2516
23382 2 7 35912
23383 15 0 26375
23384 15 0 3177
23385 15 0 35871
23386 0 8 17957
23387 12 0 36273
23388 4 0 35929
23389 1 0 1025
23390 2 8 20084
23391 2 15 6432
23392 2 4 19772
23393 2 7 20176
23394 12 0 983
23395 4 6 18698
23396 2 7 1544
23397 4 1 16817
23398 2 2 20722
23399 4 1 19011
23400 4 1 23044
23401 4 0 28464
23402 2 15 35932
23403 4 3 22687
23404 4 2 6777
23405 4 2 9502
23406 4 3 25766
23407 4 1 16805
23408 4 2 17014
23409 2 2 20550
23410 2 7 36960
23411 2 10 20401
23412 4 3 10434
23413 4 1 14552
23414 4 2 14276
23415 2 15 3006
23416 2 10 35945
23417 0 0 20784
23418 7 2 20535
23419 2 15 20425
23420 2 1 35959
23421 2 7 5145
23422 2 15 35961
23423 2 8 35962
23424 7 7 38645
23425 7 7 38648
23426 7 7 38647
23427 7 7 38644
23428 2 0 37666
23429 2 5 35968
23430 2 7 5145
23431 2 15 35961
23432 2 8 35962
23433 4 1 35974
23434 4 1 35975
23435 0 0 6342
23436 3 0 39911
23437 3 4 44729
23438 3 1 39928
23439 3 5 39932
23440 3 2 39938
23441 3 3 39933
23442 12 0 36271
23443 12 0 35948
23444 0 2 3664
23445 7 7 44950
23446 7 7 39489
23447 7 7 39490
23448 7 7 39487
23449 7 7 43358
23450 2 15 36036
23451 2 15 36045
23452 4 0 36265
23453 4 0 36266
23454 2 4 36064
23455 2 5 36065
23456 2 7 36066
23457 2 5 36067
23458 2 15 36068
23459 2 4 36069
23460 12 0 15770
23461 2 7 36073
23462 4 0 36267
23463 4 0 36268
23464 2 4 36078
23465 2 5 36079
23466 2 15 36080
23467 2 7 36081
23468 4 0 36267
23469 4 0 36268
23470 4 0 36103
23471 4 1 36104
23472 4 0 36108
23473 4 0 36124
23474 4 1 36125
23475 4 0 36126
23476 4 0 36133
23477 4 1 36134
23478 4 1 36125
23479 4 1 36140
23480 12 0 35178
23481 2 15 36154
23482 4 4 38318
23483 12 0 3331
23484 4 4 38319
23485 12 0 22271
23486 12 0 22271
23487 4 4 39451
23488 4 4 38316
23489 4 4 38321
23490 4 3 38327
23491 4 3 38328
23492 0 0 18080
23493 4 3 44656
23494 4 3 39177
23495 0 5 2474
23496 0 0 34281
23497 2 0 39450
23498 2 4 39376
23499 2 8 39449
23500 15 0 3018
23501 15 0 19494
23502 2 5 38681
23503 2 1 38682
23504 2 15 38683
23505 2 7 20076
23506 4 4 38684
23507 4 4 36206
23508 4 4 38685
23509 4 4 38686
23510 4 4 38687
23511 4 4 38689
23512 4 4 38690
23513 4 4 42874
23514 4 4 42875
23515 4 4 42877
23516 4 4 42876
23517 4 4 38695
23518 4 4 38696
23519 4 4 38697
23520 4 4 38698
23521 4 4 38699
23522 4 4 38700
23523 4 4 36230
23524 4 4 38701
23525 4 4 38702
23526 4 3 38703
23527 4 3 44089
23528 0 8 39192
23529 0 8 39193
23530 0 6 39194
23531 4 3 34236
23532 4 4 38705
23533 4 4 38706
23534 4 3 36416
23535 4 4 44880
23536 4 4 44877
23537 4 4 36248
23538 4 4 36249
23539 4 4 36250
23540 2 7 36253
23541 2 8 36255
23542 2 0 41709
23543 2 1 36259
23544 2 4 36261
23545 12 0 36276
23546 2 5 36263
23547 12 0 36277
23548 12 0 36275
23549 12 0 36274
23550 12 0 37377
23551 12 0 8545
23552 12 0 7121
23553 2 10 36317
23554 2 15 36283
23555 2 15 36285
23556 2 4 45615
23557 2 3 34484
23558 4 0 36290
23559 0 8 38757
23560 15 0 16161
23561 15 0 16161
23562 15 0 16161
23563 4 3 45805
23564 4 3 45806
23565 4 3 45807
23566 12 0 8545
23567 7 11 27454
23568 12 0 36318
23569 12 0 35448
23570 4 0 36338
23571 7 10 41678
23572 7 13 41697
23573 7 7 39486
23574 9 6 15274
23575 0 8 38759
23576 0 8 38760
23577 2 7 35575
23578 0 1 21672
23579 0 1 24152
23580 12 0 36375
23581 12 0 7287
23582 2 0 36381
23583 2 4 36382
23584 0 0 18117
23585 0 0 18099
23586 0 0 18102
23587 4 1 39942
23588 12 0 19528
23589 12 0 38239
23590 9 4 1102
23591 9 4 1102
23592 9 4 1102
23593 9 4 1102
23594 9 4 1102
23595 9 4 1102
23596 9 4 1102
23597 9 4 1102
23598 9 4 1102
23599 9 4 1102
23600 9 4 1102
23601 9 4 1102
23602 9 4 1102
23603 9 4 1102
23604 9 4 1102
23605 9 4 6270
23606 9 4 6270
23607 9 4 6270
23608 9 4 6270
23609 9 4 6270
23610 9 4 6270
23611 9 4 6270
23612 9 4 6270
23613 9 4 6270
23614 12 0 4809
23615 9 4 6270
23616 15 0 6689
23617 9 4 6270
23618 9 4 1102
23619 9 4 1102
23620 9 4 1096
23621 9 4 1096
23622 9 4 1096
23623 9 4 1096
23624 9 4 1096
23625 9 4 1096
23626 9 4 1096
23627 9 4 1096
23628 9 4 1096
23629 9 4 1096
23630 9 4 1096
23631 9 4 1096
23632 9 4 1096
23633 9 4 1096
23634 9 4 1096
23635 9 4 1096
23636 9 4 1096
23637 9 4 1096
23638 9 4 1102
23639 9 4 6270
23640 0 0 32426
23641 0 0 36405
23642 12 0 39041
23643 12 0 2480
23644 12 0 9288
23645 0 0 44562
23646 12 0 12331
23647 2 7 26494
23648 2 7 26494
23649 2 7 26494
23650 2 15 26494
23651 2 7 26494
23652 2 7 26494
23653 2 7 26494
23654 12 0 3673
23655 12 0 34509
23656 0 8 34744
23657 12 0 11448
23658 12 0 2588
23659 12 0 25467
23660 12 0 36417
23661 12 0 36419
23662 12 0 35448
23663 4 3 34203
23664 4 3 36425
23665 4 3 36426
23666 4 4 36430
23667 4 4 36429
23668 4 4 22985
23669 12 0 36431
23670 12 0 2357
23671 12 0 35843
23672 12 0 18574
23673 2 7 36442
23674 13 0 9154
23675 12 0 7841
23676 7 8 25467
23677 12 0 21470
23678 12 0 30690
23679 12 0 36446
23680 12 0 36446
23681 12 0 13291
23682 12 0 35178
23683 0 5 26732
23684 0 7 32426
23685 12 0 19497
23686 12 0 35299
23687 12 0 3596
23688 12 0 7127
23689 9 7 8117
23690 9 5 12547
23691 12 0 36454
23692 12 0 6661
23693 12 0 3331
23694 12 0 18050
23695 15 0 24153
23696 0 1 15788
23697 12 0 26595
23698 0 1 24211
23699 0 8 36460
23700 0 8 31256
23701 0 8 31257
23702 12 0 26595
23703 12 0 26595
23704 0 5 18080
23705 4 0 38283
23706 12 0 35016
23707 12 0 1438
23708 2 4 36467
23709 4 0 38284
23710 4 0 36469
23711 9 0 1246
23712 15 2 36470
23713 15 2 18048
23714 4 0 34282
23715 0 0 18114
23716 4 0 36471
23717 4 0 963
23718 0 0 2638
23719 0 0 16836
23720 15 0 36474
23721 0 0 36475
23722 0 0 20894
23723 12 0 36476
23724 4 0 36135
23725 0 8 7899
23726 12 0 33967
23727 0 8 7899
23728 0 8 7899
23729 12 0 36477
23730 9 0 1246
23731 9 0 1246
23732 12 0 36482
23733 12 0 35178
23734 9 0 1246
23735 12 0 6494
23736 7 2 40541
23737 7 2 25482
23738 12 0 36487
23739 12 0 23229
23740 12 0 36488
23741 2 7 35247
23742 2 3 43685
23743 2 7 35247
23744 12 0 15741
23745 9 0 1246
23746 2 3 43687
23747 2 3 43688
23748 2 3 43690
23749 12 0 29438
23750 12 0 29439
23751 12 0 29439
23752 12 0 15794
23753 12 0 19566
23754 12 0 13002
23755 9 0 1246
23756 0 5 32650
23757 12 0 22193
23758 4 2 43889
23759 12 0 24037
23760 12 0 36504
23761 4 1 40545
23762 4 1 43890
23763 4 2 43891
23764 7 3 7326
23765 7 3 7326
23766 7 3 7326
23767 7 3 9730
23768 0 8 34283
23769 0 8 34281
23770 0 8 34279
23771 0 8 34280
23772 6 3 40542
23773 6 3 40526
23774 1 4 36511
23775 1 4 36512
23776 12 0 929
23777 12 0 1093
23778 12 0 16065
23779 12 0 3667
23780 12 0 1093
23781 7 1 40543
23782 7 1 40544
23783 7 1 40548
23784 7 1 40549
23785 7 1 40550
23786 7 1 43101
23787 7 1 40552
23788 12 0 1443
23789 12 0 3233
23790 12 0 36520
23791 12 0 35015
23792 15 0 36521
23793 7 6 38745
23794 0 0 24211
23795 0 0 17896
23796 0 0 24156
23797 12 0 1093
23798 12 0 1093
23799 9 3 1102
23800 9 3 6270
23801 13 0 9154
23802 9 3 6270
23803 9 3 1102
23804 9 3 6270
23805 9 3 1102
23806 9 3 6270
23807 9 3 1102
23808 9 3 6270
23809 9 3 6270
23810 9 3 15274
23811 9 3 1102
23812 9 3 1102
23813 9 3 1102
23814 9 3 1102
23815 9 3 1102
23816 9 3 1102
23817 9 3 1325
23818 15 0 1143
23819 7 2 30999
23820 7 3 31205
23821 7 3 40557
23822 0 1 45437
23823 0 1 45156
23824 4 2 46155
23825 4 1 36539
23826 7 2 40554
23827 7 2 40555
23828 4 1 43887
23829 4 2 43886
23830 12 0 36558
23831 7 3 35133
23832 7 3 35133
23833 12 0 36566
23834 12 0 36567
23835 4 0 36568
23836 4 0 40556
23837 12 0 23229
23838 4 1 20814
23839 4 3 20814
23840 7 3 36571
23841 7 2 40553
23842 4 0 4361
23843 12 0 36572
23844 4 0 36575
23845 12 0 21366
23846 15 0 9632
23847 15 0 31819
23848 0 5 18099
23849 12 0 7087
23850 12 0 26378
23851 12 0 36578
23852 1 0 2591
23853 12 0 7649
23854 7 5 42161
23855 7 5 39460
23856 2 5 36599
23857 0 8 1103
23858 15 0 7629
23859 12 0 37269
23860 12 0 21416
23861 12 0 17329
23862 0 8 1103
23863 12 0 33971
23864 0 8 1103
23865 0 8 1103
23866 15 0 7629
23867 15 0 7629
23868 15 0 7629
23869 12 0 36589
23870 12 0 36590
23871 0 2 24151
23872 0 0 2591
23873 12 0 36592
23874 9 3 1102
23875 12 0 36594
23876 12 0 36594
23877 12 0 36594
23878 12 0 36595
23879 12 0 36596
23880 12 0 36597
23881 12 0 36598
23882 9 3 6270
23883 9 3 6270
23884 9 3 6270
23885 9 3 6270
23886 12 0 12625
23887 9 3 6270
23888 9 3 1102
23889 2 2 36600
23890 12 0 1096
23891 12 0 1096
23892 12 0 1096
23893 12 0 1096
23894 12 0 15711
23895 15 0 36601
23896 12 0 8122
23897 12 0 8122
23898 12 0 8122
23899 12 0 34748
23900 12 0 36615
23901 12 0 36617
23902 12 0 7649
23903 12 0 12331
23904 12 0 36629
23905 2 15 26494
23906 2 4 36631
23907 4 6 36637
23908 2 15 36638
23909 4 0 42479
23910 15 0 16161
23911 2 15 26494
23912 2 15 26494
23913 2 7 26494
23914 2 7 26494
23915 2 15 26494
23916 2 15 26494
23917 2 15 26494
23918 2 7 26494
23919 12 0 3030
23920 15 0 18170
23921 15 0 1168
23922 15 0 3233
23923 2 15 36650
23924 4 1 27472
23925 12 0 36652
23926 12 0 13005
23927 12 0 7130
23928 12 0 25271
23929 12 0 35448
23930 12 0 35448
23931 4 1 36676
23932 12 0 36675
23933 12 0 1246
23934 12 0 1246
23935 12 0 1246
23936 12 0 1246
23937 12 0 32846
23938 15 0 36682
23939 15 0 35014
23940 15 0 6002
23941 15 0 36682
23942 15 0 6002
23943 15 0 35014
23944 15 0 36682
23945 15 0 6002
23946 15 0 35014
23947 15 0 36682
23948 15 0 6002
23949 15 0 35014
23950 15 0 36682
23951 15 0 6002
23952 15 0 35014
23953 15 0 36682
23954 15 0 6002
23955 15 0 35014
23956 13 0 36683
23957 15 0 36682
23958 15 0 6002
23959 15 0 35014
23960 15 0 36682
23961 15 0 6002
23962 15 0 35014
23963 15 0 36682
23964 15 0 6002
23965 15 0 35014
23966 15 0 36682
23967 15 0 6002
23968 15 0 35014
23969 15 0 36682
23970 15 0 6002
23971 15 0 35014
23972 15 0 36682
23973 15 0 6002
23974 15 0 35014
23975 15 0 6002
23976 15 0 36682
23977 15 0 6002
23978 15 0 35014
23979 15 0 36682
23980 15 0 6002
23981 12 0 36687
23982 0 0 36688
23983 12 0 15741
23984 12 0 35930
23985 0 0 36675
23986 0 0 36540
23987 15 0 30601
23988 15 0 30600
23989 0 0 36693
23990 12 0 3331
23991 15 0 6666
23992 15 0 7086
23993 15 0 7048
23994 12 0 19497
23995 12 0 36696
23996 2 0 40065
23997 12 0 7164
23998 2 10 36698
23999 4 0 36701
24000 9 8 7798
24001 9 6 1102
24002 9 4 1102
24003 9 8 7798
24004 4 0 35933
24005 12 0 8628
24006 0 0 36702
24007 0 0 36702
24008 0 5 36703
24009 0 5 36704
24010 13 0 22477
24011 2 5 36706
24012 2 5 36707
24013 2 5 36708
24014 2 5 36709
24015 2 5 36710
24016 2 5 36711
24017 2 5 36712
24018 2 5 36713
24019 2 5 36714
24020 2 7 39374
24021 4 4 43142
24022 4 3 43149
24023 4 2 43166
24024 4 1 43187
24025 12 0 1769
24026 12 0 25475
24027 3 0 39926
24028 3 0 39926
24029 3 0 39926
24030 3 0 39926
24031 3 0 39926
24032 3 0 39926
24033 3 1 39927
24034 2 7 36725
24035 3 1 39927
24036 3 0 39926
24037 3 1 39927
24038 4 6 36726
24039 3 1 39927
24040 12 0 36727
24041 12 0 15857
24042 12 0 15854
24043 12 0 36728
24044 2 6 36729
24045 4 0 26537
24046 4 3 43160
24047 3 2 39925
24048 3 2 39925
24049 12 0 19566
24050 3 2 39925
24051 3 2 39925
24052 3 2 39925
24053 3 2 39925
24054 3 3 39929
24055 3 3 39929
24056 3 3 39929
24057 3 3 39929
24058 3 5 39931
24059 3 5 39931
24060 3 5 39931
24061 3 5 39931
24062 3 4 39930
24063 4 2 43167
24064 4 4 43135
24065 3 4 39930
24066 3 4 39930
24067 3 4 39930
24068 15 0 20614
24069 2 10 39050
24070 2 15 34891
24071 2 15 36741
24072 0 5 6342
24073 4 0 34034
24074 4 0 31657
24075 4 0 39129
24076 4 0 35313
24077 4 0 35358
24078 4 0 39128
24079 4 0 39121
24080 4 0 39123
24081 12 0 7290
24082 4 0 39120
24083 4 1 43182
24084 15 0 36754
24085 4 0 39122
24086 4 0 39124
24087 4 0 39125
24088 4 0 39127
24089 4 0 39126
24090 4 3 43151
24091 4 4 43136
24092 4 0 39162
24093 4 0 39210
24094 2 5 38823
24095 4 0 39211
24096 4 0 38544
24097 4 0 39209
24098 4 0 39212
24099 13 0 36756
24100 2 15 33302
24101 9 0 12547
24102 9 0 36765
24103 4 2 36767
24104 4 1 23050
24105 0 5 25481
24106 4 0 31899
24107 4 3 36997
24108 4 2 14346
24109 4 1 17119
24110 4 0 31604
24111 4 2 36771
24112 4 1 16855
24113 4 1 28013
24114 4 0 9859
24115 7 11 4689
24116 4 0 36755
24117 4 0 35358
24118 4 0 9847
24119 4 0 9832
24120 4 0 9847
24121 4 0 34274
24122 4 1 27606
24123 4 1 36772
24124 4 0 39917
24125 4 0 39916
24126 4 0 39918
24127 4 0 39914
24128 4 0 39915
24129 4 2 14443
24130 4 1 16587
24131 4 3 6904
24132 12 0 24153
24133 4 3 36775
24134 4 2 36776
24135 4 1 40713
24136 2 2 18350
24137 4 4 36780
24138 2 18 11247
24139 12 0 20608
24140 0 0 31577
24141 4 3 36786
24142 4 2 36787
24143 4 0 36789
24144 4 1 36788
24145 4 1 36790
24146 4 1 36793
24147 12 0 3331
24148 12 0 3331
24149 12 0 3331
24150 4 1 38813
24151 4 0 23629
24152 12 0 36860
24153 12 0 36861
24154 4 0 28733
24155 2 10 40357
24156 12 0 36862
24157 12 0 16023
24158 9 10 6270
24159 9 10 6270
24160 9 10 6270
24161 9 10 6270
24162 9 10 6270
24163 9 10 6270
24164 9 10 6270
24165 9 10 6270
24166 9 10 6270
24167 9 10 6270
24168 9 10 6270
24169 9 10 6270
24170 9 10 6270
24171 9 10 6270
24172 9 10 6270
24173 9 10 6270
24174 9 10 6270
24175 9 10 6270
24176 9 10 6270
24177 9 10 6270
24178 9 10 6270
24179 9 10 6270
24180 9 10 6270
24181 9 10 6270
24182 9 10 6270
24183 9 10 6270
24184 12 0 36862
24185 12 0 18072
24186 15 0 38471
24187 15 0 36866
24188 15 0 38474
24189 15 0 20977
24190 15 0 38475
24191 15 0 7162
24192 9 10 6270
24193 9 10 6270
24194 9 10 6270
24195 9 10 6270
24196 9 10 6270
24197 9 10 6270
24198 9 10 6270
24199 9 10 6270
24200 9 10 6270
24201 9 10 6270
24202 9 10 6270
24203 9 10 6270
24204 9 10 6270
24205 9 10 6270
24206 9 10 6270
24207 9 10 6270
24208 9 10 6270
24209 9 10 6270
24210 9 10 6270
24211 9 10 6270
24212 9 10 6270
24213 9 10 6270
24214 9 10 6270
24215 9 10 6270
24216 9 10 6270
24217 9 10 6270
24218 9 10 6270
24219 9 10 6270
24220 9 10 6270
24221 12 0 13806
24222 2 15 30724
24223 15 0 16065
24224 12 0 36901
24225 12 0 26858
24226 12 0 36902
24227 4 2 36906
24228 15 0 634
24229 15 0 634
24230 12 0 30953
24231 15 0 6371
24232 15 0 10301
24233 12 0 15854
24234 15 0 38476
24235 15 0 38477
24236 12 0 26381
24237 12 0 1317
24238 12 0 19488
24239 12 0 7913
24240 12 0 9288
24241 4 3 37154
24242 15 0 38478
24243 7 4 38479
24244 2 3 36925
24245 12 0 36934
24246 12 0 19495
24247 12 0 34863
24248 12 0 37035
24249 4 1 38923
24250 4 1 38922
24251 4 1 38921
24252 4 1 26202
24253 4 1 38973
24254 4 1 36937
24255 4 1 36938
24256 4 1 38974
24257 4 1 38975
24258 4 1 29719
24259 4 1 38976
24260 4 1 38977
24261 4 1 43304
24262 4 1 38958
24263 4 1 43421
24264 4 1 43883
24265 4 1 36945
24266 4 1 38956
24267 4 1 43884
24268 0 8 1007
24269 0 8 1007
24270 1 5 24496
24271 7 5 39460
24272 7 5 42161
24273 0 6 42716
24274 0 6 42717
24275 0 6 42718
24276 0 6 42715
24277 15 0 18010
24278 15 0 16299
24279 12 0 6700
24280 12 0 3146
24281 15 0 18072
24282 15 0 1588
24283 15 0 7397
24284 12 0 15770
24285 12 0 37130
24286 12 0 35023
24287 15 0 16321
24288 7 11 25048
24289 0 0 35649
24290 12 0 4045
24291 12 0 36984
24292 9 2 1301
24293 9 2 1301
24294 9 2 1301
24295 9 2 1301
24296 9 2 6270
24297 9 2 6270
24298 9 2 6270
24299 9 2 6270
24300 9 2 6270
24301 9 2 6270
24302 9 2 6270
24303 9 2 6270
24304 9 2 6270
24305 9 2 6270
24306 9 2 6270
24307 9 2 6270
24308 9 2 6270
24309 9 2 6270
24310 9 2 6270
24311 9 2 6270
24312 9 2 6270
24313 9 2 6270
24314 9 2 1301
24315 9 2 1301
24316 9 2 1301
24317 12 0 15791
24318 12 0 34493
24319 2 2 37000
24320 2 0 37101
24321 2 10 37003
24322 4 6 33307
24323 12 0 634
24324 2 15 37017
24325 2 8 37018
24326 2 2 37019
24327 2 0 37020
24328 4 6 33309
24329 4 0 47456
24330 0 0 4110
24331 4 6 37030
24332 2 4 37031
24333 2 4 37034
24334 4 6 18456
24335 15 0 27454
24336 15 0 30271
24337 12 0 35843
24338 0 5 37044
24339 2 7 31400
24340 4 1 14498
24341 4 3 7000
24342 2 19 28633
24343 2 4 8572
24344 4 0 37080
24345 9 0 1317
24346 4 1 37046
24347 4 2 37047
24348 4 3 37048
24349 4 0 23608
24350 4 0 26001
24351 2 4 37049
24352 2 8 37050
24353 2 18 37057
24354 2 10 37054
24355 0 0 37062
24356 2 15 43194
24357 4 3 43161
24358 4 0 31664
24359 4 1 42315
24360 4 3 43153
24361 2 7 43733
24362 4 1 43197
24363 4 4 43140
24364 4 4 43144
24365 4 2 43170
24366 4 3 43156
24367 12 0 24153
24368 12 0 23315
24369 12 0 1246
24370 12 0 23315
24371 12 0 1246
24372 12 0 37083
24373 12 0 24153
24374 12 0 22193
24375 12 0 37094
24376 4 0 39055
24377 2 15 23248
24378 2 4 43195
24379 4 1 38548
24380 2 19 39057
24381 2 18 39059
24382 12 0 7649
24383 12 0 19566
24384 2 4 38827
24385 4 0 31899
24386 4 7 36578
24387 4 4 43134
24388 4 3 43159
24389 2 3 41427
24390 4 0 38837
24391 4 2 43175
24392 4 1 43188
24393 4 1 40042
24394 2 1 40900
24395 4 1 43189
24396 4 2 43168
24397 4 1 43183
24398 4 2 43169
24399 15 0 634
24400 12 0 2480
24401 12 0 7328
24402 15 0 3565
24403 12 0 18089
24404 15 0 1442
24405 12 0 7273
24406 12 0 2788
24407 0 0 6387
24408 0 0 24690
24409 2 0 37135
24410 15 0 37149
24411 12 0 15692
24412 6 2 40522
24413 4 9 43198
24414 12 0 35402
24415 12 0 32847
24416 12 0 19495
24417 6 2 40521
24418 2 15 36036
24419 12 0 37181
24420 4 0 6511
24421 0 0 37181
24422 12 0 37182
24423 4 3 37184
24424 4 2 37185
24425 4 1 37186
24426 12 0 1504
24427 12 0 18537
24428 12 0 15790
24429 0 0 39448
24430 2 8 37191
24431 2 4 37192
24432 2 5 37193
24433 2 18 37057
24434 2 10 37195
24435 4 3 37196
24436 4 2 37197
24437 4 1 37198
24438 4 1 37199
24439 4 2 37185
24440 4 3 37200
24441 2 18 37201
24442 4 3 37202
24443 4 2 37203
24444 4 1 37204
24445 4 3 37205
24446 4 2 37206
24447 4 3 37207
24448 2 7 37209
24449 12 0 37214
24450 4 1 43190
24451 4 3 43152
24452 4 2 43176
24453 2 15 39074
24454 4 1 39075
24455 4 2 43177
24456 4 4 43138
24457 4 4 43199
24458 4 4 43143
24459 4 1 39078
24460 4 0 38555
24461 2 5 43200
24462 4 0 9858
24463 4 4 43139
24464 2 15 39081
24465 4 3 43154
24466 4 2 43171
24467 15 0 15788
24468 12 0 37210
24469 12 0 37215
24470 12 0 22271
24471 12 0 31238
24472 12 0 9666
24473 12 0 37218
24474 0 0 37219
24475 15 0 18519
24476 7 11 16211
24477 7 8 22193
24478 3 7 12310
24479 3 7 16209
24480 12 0 37222
24481 4 1 43191
24482 12 0 7726
24483 12 0 21975
24484 12 0 21975
24485 12 0 1288
24486 12 0 37223
24487 12 0 8737
24488 12 0 8042
24489 12 0 8042
24490 13 0 9154
24491 0 8 24591
24492 12 0 1246
24493 12 0 37226
24494 0 0 37234
24495 2 8 43311
24496 12 0 37236
24497 12 0 37237
24498 12 0 37237
24499 12 0 1155
24500 12 0 1288
24501 15 0 18107
24502 15 0 37238
24503 12 0 37241
24504 15 0 37240
24505 12 0 4826
24506 15 0 36540
24507 15 0 36597
24508 15 0 36675
24509 15 0 36693
24510 15 0 37250
24511 15 0 37249
24512 2 1 37257
24513 12 0 38287
24514 12 0 3118
24515 15 0 18092
24516 15 0 959
24517 15 0 18096
24518 15 0 18095
24519 15 0 959
24520 0 0 35013
24521 15 0 36682
24522 0 0 37271
24523 12 0 12625
24524 2 1 39902
24525 2 1 31721
24526 4 4 29859
24527 4 4 29858
24528 4 1 27088
24529 4 4 29860
24530 2 3 31210
24531 4 4 29865
24532 4 4 25226
24533 4 0 4841
24534 4 4 29867
24535 4 0 26537
24536 4 4 29863
24537 4 4 29864
24538 0 8 37282
24539 0 5 26534
24540 0 0 34863
24541 0 8 3427
24542 12 0 37293
24543 12 0 7164
24544 4 4 39539
24545 4 4 44561
24546 4 4 39543
24547 4 4 45932
24548 4 4 37303
24549 4 4 39540
24550 2 8 41561
24551 4 0 23713
24552 4 1 41717
24553 4 1 45148
24554 4 1 41716
24555 4 1 41715
24556 4 1 41714
24557 2 10 41557
24558 15 0 23229
24559 15 0 23229
24560 12 0 12734
24561 4 1 29793
24562 4 1 29798
24563 4 1 31263
24564 4 1 29792
24565 4 1 29799
24566 4 1 29800
24567 4 1 26681
24568 4 0 24022
24569 2 19 28828
24570 2 10 30870
24571 4 0 23717
24572 4 1 29795
24573 12 0 7630
24575 4 1 37970
24576 4 1 37327
24577 4 1 37328
24578 4 1 37329
24579 0 0 40185
24580 4 1 42766
24581 0 0 40184
24582 4 1 39623
24583 4 1 40693
24584 4 1 12865
24585 4 1 41844
24586 4 1 40692
24587 4 1 1058
24588 4 1 16566
24589 4 1 7881
24590 4 1 40700
24591 4 1 40698
24592 4 1 40702
24593 4 1 40703
24594 4 1 40312
24595 4 1 16786
24596 4 1 40701
24597 4 1 38064
24598 4 1 40706
24599 4 1 40708
24600 4 1 40704
24601 4 1 19990
24602 4 1 40707
24603 4 1 13672
24604 4 1 40709
24605 4 1 16807
24606 4 1 38437
24607 4 1 38444
24608 4 1 38441
24609 4 1 42766
24610 4 1 38442
24611 4 1 9999
24612 4 1 16790
24613 4 1 38736
24614 4 1 38737
24615 4 1 38740
24616 4 1 9555
24617 4 1 44718
24618 4 1 38739
24619 4 1 38741
24620 4 1 16555
24621 4 1 7881
24622 4 1 39008
24623 4 1 39009
24624 4 1 16797
24625 4 1 42386
24626 4 1 39010
24627 4 1 39011
24628 4 1 16804
24629 4 1 39093
24630 4 1 39089
24631 4 1 39092
24632 4 1 39090
24633 4 1 39091
24634 4 1 14529
24635 4 1 39094
24636 4 1 39088
24637 4 1 29929
24638 4 1 39334
24639 4 1 39337
24640 4 1 39335
24641 4 1 16638
24642 4 1 39336
24643 4 1 39338
24644 4 1 16905
24645 4 1 39395
24646 4 1 39396
24647 4 1 39976
24648 4 1 39398
24649 4 1 39405
24650 4 1 39399
24651 4 1 39403
24652 4 1 39397
24653 4 1 16819
24654 4 1 14403
24655 4 1 39509
24656 4 1 14404
24657 4 1 39511
24658 4 1 39507
24659 4 1 39510
24660 4 1 39506
24661 4 1 39778
24662 4 1 39777
24663 4 1 39781
24664 4 1 39779
24665 4 1 39783
24666 4 1 39780
24667 4 1 39782
24668 4 1 16892
24669 4 1 39882
24670 4 1 39883
24671 4 1 39885
24672 4 1 39884
24673 4 1 39887
24674 4 1 39886
24675 4 1 16637
24676 4 1 16636
24677 4 1 16704
24678 4 1 16703
24679 4 1 39977
24680 4 1 16702
24681 4 1 44265
24682 4 1 16701
24683 4 1 16706
24684 4 1 9894
24685 4 1 16704
24686 4 1 16703
24687 4 1 16700
24688 4 1 16702
24689 4 1 42386
24690 4 1 16701
24691 4 1 16706
24692 4 1 9894
24693 4 2 40154
24694 4 2 40720
24695 4 2 40718
24696 4 2 40722
24697 4 2 41852
24698 4 2 40719
24699 4 2 38830
24700 4 2 40717
24701 4 2 40724
24702 4 2 40723
24703 4 2 40727
24704 4 2 40726
24705 4 2 42209
24706 4 2 40728
24707 4 2 40729
24708 4 2 17010
24709 4 2 17124
24710 4 2 38351
24711 4 2 38352
24712 4 2 38354
24713 4 2 39671
24714 4 2 38356
24715 4 2 38355
24716 4 2 38350
24717 4 2 38415
24718 4 2 38416
24719 4 2 9511
24720 4 2 14383
24721 4 2 44882
24722 4 2 2628
24723 4 2 14205
24724 4 2 38414
24725 4 2 38658
24726 4 2 38657
24727 4 2 38663
24728 4 2 38661
24729 4 2 44657
24730 4 2 17031
24731 4 2 38664
24732 4 2 38654
24733 4 2 38862
24734 4 2 38857
24735 4 2 38856
24736 4 2 38858
24737 4 2 41853
24738 4 2 38860
24739 4 2 38861
24740 4 2 14803
24741 4 2 39096
24742 4 2 39097
24743 4 2 8701
24744 4 2 14400
24745 4 2 39098
24746 4 2 43404
24747 4 2 27667
24748 4 2 39095
24749 4 2 39319
24750 4 2 13864
24751 4 2 39670
24752 4 2 39320
24753 4 2 16137
24754 4 2 39321
24755 4 2 39322
24756 4 2 17172
24757 4 2 39469
24758 4 2 39466
24759 4 2 39468
24760 4 2 14583
24761 4 2 39471
24762 4 2 39467
24763 4 2 39470
24764 4 2 9546
24765 4 2 16947
24766 4 2 39496
24767 4 2 39494
24768 4 2 39493
24769 4 2 45166
24770 4 2 39492
24771 4 2 39498
24772 4 2 17024
24773 4 2 39736
24774 4 2 39737
24775 4 2 39746
24776 4 2 39744
24777 4 2 35629
24778 4 2 39738
24779 4 2 26035
24780 4 2 3652
24781 4 2 39895
24782 4 1 37332
24783 4 2 39896
24784 4 2 9548
24785 4 2 39897
24786 4 2 40149
24787 4 2 39898
24788 4 2 39900
24789 4 2 27706
24790 4 2 16704
24791 4 2 16703
24792 4 2 16700
24793 4 2 16702
24794 4 2 18422
24795 4 2 16701
24796 4 2 16706
24797 4 2 9894
24798 4 2 16704
24799 4 2 16703
24800 4 2 16700
24801 4 2 16702
24802 4 2 42460
24803 4 2 16701
24804 4 2 16706
24805 4 2 9894
24806 4 3 40737
24807 4 3 40734
24808 4 3 40731
24809 4 3 40732
24810 4 3 40733
24811 4 3 40735
24812 4 3 40736
24813 4 3 40730
24814 4 3 40745
24815 4 3 40741
24816 4 3 40739
24817 4 3 40740
24818 4 3 40742
24819 4 3 40129
24820 4 3 40744
24821 4 3 40738
24822 4 3 42104
24823 4 3 42107
24824 4 3 42105
24825 4 3 42106
24826 4 3 42103
24827 4 3 42108
24828 4 3 42109
24829 4 3 39787
24830 4 3 49703
24831 4 3 38627
24832 4 3 38608
24833 4 3 38626
24834 4 3 38628
24835 4 3 38629
24836 4 3 38630
24837 4 3 38625
24838 4 3 38851
24839 4 3 38845
24840 4 3 16725
24841 4 3 38844
24842 4 3 42201
24843 4 3 32337
24844 4 3 38848
24845 4 3 38843
24846 4 3 38873
24847 4 3 38868
24848 4 3 38865
24849 4 3 38867
24850 4 3 41377
24851 4 3 38871
24852 4 3 38872
24853 4 3 38866
24854 4 3 25775
24855 4 3 40252
24856 4 3 13011
24857 4 3 40254
24858 4 3 40255
24859 4 3 40256
24860 4 3 40257
24861 4 3 40258
24862 4 3 39302
24863 4 3 39305
24864 4 3 39304
24865 4 3 39306
24866 4 3 44677
24867 4 3 39307
24868 4 3 39308
24869 4 3 39303
24870 4 3 39436
24871 4 3 39442
24872 4 3 11497
24873 4 3 39441
24874 4 3 25791
24875 4 3 39443
24876 4 3 39445
24877 4 3 28596
24878 4 3 39513
24879 4 3 41953
24880 4 3 39514
24881 4 3 39515
24882 4 3 42439
24883 4 3 39518
24884 4 3 39520
24885 4 3 13508
24886 4 3 39786
24887 4 3 39789
24888 4 3 39788
24889 4 3 39790
24890 4 3 39793
24891 4 3 39792
24892 4 3 39794
24893 4 3 39787
24894 4 3 39983
24895 4 3 39980
24896 4 3 39979
24897 4 3 39981
24898 4 3 39986
24899 4 3 39982
24900 4 3 39985
24901 4 3 39988
24902 4 3 39809
24903 4 3 39812
24904 4 3 39810
24905 4 3 39814
24906 4 3 42461
24907 4 3 39704
24908 4 3 39815
24909 4 3 39813
24910 4 3 16704
24911 4 3 40183
24912 4 3 16700
24913 4 3 16702
24914 4 3 42462
24915 4 3 39171
24916 4 3 16706
24917 4 3 9894
24918 4 4 40748
24919 4 4 40758
24920 4 4 40746
24921 4 4 40747
24922 4 4 42214
24923 4 4 40756
24924 4 4 40757
24925 4 4 40759
24926 4 4 40761
24927 4 4 40765
24928 4 4 40762
24929 4 4 40763
24930 4 4 44883
24931 4 4 40764
24932 4 4 28403
24933 4 4 40766
24934 4 4 40767
24935 4 4 40774
24936 4 4 40769
24937 4 4 40770
24938 4 4 40771
24939 4 4 40772
24940 4 4 40773
24941 4 4 40768
24942 4 4 38357
24943 4 4 40352
24944 4 4 38359
24945 4 4 38360
24946 4 4 45182
24947 4 4 38362
24948 4 4 40303
24949 4 4 38358
24950 4 4 39174
24951 4 4 49767
24952 4 4 49764
24953 4 4 49765
24954 4 4 44684
24955 4 4 49766
24956 4 4 16106
24957 4 4 44766
24958 4 4 44274
24959 4 4 44277
24960 4 4 44273
24961 4 4 44275
24962 4 4 44278
24963 4 4 44279
24964 4 4 40303
24965 4 4 44272
24966 4 4 39803
24967 4 4 39805
24968 4 4 39800
24969 4 4 39804
24970 4 4 42215
24971 4 4 39807
24972 4 4 39802
24973 4 4 39801
24974 4 4 44280
24975 4 4 39384
24976 4 4 39377
24977 4 4 39382
24978 4 4 39386
24979 4 4 39385
24980 4 4 39379
24981 4 4 39378
24982 4 4 39410
24983 4 4 39414
24984 4 4 39409
24985 4 4 39412
24986 4 4 45181
24987 4 4 40772
24988 4 4 39416
24989 4 4 39411
24990 4 4 39612
24991 4 4 39615
24992 4 4 39613
24993 4 4 39614
24994 4 4 44686
24995 4 4 39617
24996 4 4 39620
24997 4 4 39618
24998 4 4 39643
24999 4 4 39646
25000 4 4 39641
25001 4 4 39644
25002 4 4 45183
25003 4 4 39647
25004 4 4 39651
25005 4 4 39648
25006 4 4 39868
25007 4 4 39869
25008 4 4 39865
25009 4 4 39866
25010 4 4 39873
25011 4 4 39870
25012 4 4 39867
25013 4 4 39871
25014 4 4 44334
25015 4 4 44340
25016 4 4 40688
25017 4 4 44336
25018 4 4 48246
25019 4 4 44279
25020 4 4 44335
25021 4 4 39170
25022 4 4 44346
25023 4 4 44349
25024 4 4 44341
25025 4 4 44345
25026 4 4 42390
25027 4 4 44347
25028 4 4 39651
25029 4 4 44348
25030 4 1 40775
25031 4 1 40776
25032 4 1 40777
25033 4 1 38589
25034 4 1 38665
25035 4 1 26027
25036 4 1 27974
25037 4 1 39391
25038 4 1 30689
25039 4 1 29630
25040 4 1 25958
25041 4 1 15236
25042 4 1 16707
25043 4 1 16707
25044 4 0 31655
25045 4 0 24569
25046 4 0 31616
25047 4 0 9839
25048 4 0 23629
25049 4 0 24569
25050 4 0 23608
25051 4 0 28831
25052 4 0 31616
25053 4 0 23728
25054 4 0 9832
25055 4 0 24569
25056 4 0 9834
25057 4 0 9834
25058 4 0 31889
25059 4 0 31604
25060 4 0 38348
25061 4 0 9657
25062 4 0 38809
25063 4 0 39000
25064 4 0 39023
25065 4 0 39390
25066 4 0 39023
25067 4 0 6539
25068 4 0 9857
25069 4 0 39877
25070 4 0 4841
25071 4 0 4841
25072 4 6 26046
25073 4 6 40781
25074 4 6 40782
25075 4 6 27222
25076 4 6 38728
25077 4 6 4743
25078 4 6 39044
25079 4 6 33305
25080 4 6 38728
25081 4 6 38728
25082 4 6 20974
25083 4 6 3931
25084 4 6 20900
25085 4 6 23835
25086 4 0 41455
25087 4 0 40785
25088 4 0 40786
25089 4 0 41458
25090 4 0 38729
25091 4 0 38999
25092 4 0 39037
25093 4 0 39339
25094 4 0 41457
25095 4 0 39472
25096 4 0 38729
25097 4 0 39863
25098 4 0 22923
25099 4 0 22923
25100 2 15 40787
25101 2 15 40788
25102 2 15 40789
25103 2 15 38457
25104 2 15 38633
25105 2 15 38853
25106 2 15 39029
25107 2 15 20273
25108 2 15 39423
25109 2 15 39604
25110 2 15 40711
25111 2 15 39892
25112 2 15 40182
25113 2 15 41469
25114 2 4 39004
25115 2 4 5205
25116 2 4 40791
25117 2 4 38418
25118 2 4 5199
25119 2 4 38854
25120 2 4 39045
25121 2 4 5205
25122 2 4 39427
25123 2 4 39488
25124 2 4 39750
25125 2 4 39610
25126 2 4 22118
25127 2 4 40823
25128 2 5 40792
25129 2 5 19622
25130 2 5 44768
25131 2 5 38423
25132 2 5 38726
25133 2 5 39001
25134 2 5 39255
25135 2 5 39311
25136 2 5 39408
25137 2 5 39527
25138 2 5 39633
25139 2 5 39861
25140 2 5 40824
25141 2 5 41952
25142 2 7 40794
25143 2 7 7526
25144 2 7 40795
25145 2 7 4802
25146 2 7 38635
25147 2 7 38863
25148 2 7 39025
25149 2 7 39310
25150 2 7 7485
25151 2 7 39474
25152 2 7 39752
25153 2 7 39890
25154 2 7 41950
25155 2 7 40686
25156 2 8 40796
25157 2 8 44329
25158 2 8 40798
25159 2 8 38606
25160 2 8 38735
25161 2 8 38864
25162 2 8 39039
25163 2 8 39329
25164 2 8 39428
25165 2 8 39491
25166 2 8 39758
25167 2 8 39906
25168 2 8 40691
25169 2 8 44330
25170 2 10 40799
25171 2 10 39172
25172 2 10 38347
25173 2 10 5074
25174 2 10 38713
25175 2 10 38995
25176 2 10 39105
25177 2 10 5120
25178 2 10 4995
25179 2 10 5111
25180 2 10 39748
25181 2 10 39987
25182 2 10 38347
25183 2 10 21514
25184 2 13 40801
25185 2 13 40802
25186 2 13 40803
25187 2 13 40431
25188 2 13 8379
25189 2 13 30572
25190 2 13 40432
25191 2 13 40434
25192 2 13 40177
25193 2 13 40178
25194 2 13 40179
25195 2 13 40180
25196 2 13 40426
25197 2 13 40427
25198 2 0 40804
25199 2 0 40805
25200 2 0 40806
25201 2 0 14029
25202 2 0 38723
25203 2 0 38997
25204 2 0 39739
25205 2 0 39387
25206 2 0 39406
25207 2 0 39608
25208 2 0 39632
25209 2 0 39862
25210 2 0 40313
25211 2 0 44332
25212 2 1 40295
25213 2 1 40294
25214 2 1 40296
25215 2 1 40299
25216 2 1 40297
25217 2 1 40300
25218 2 1 40298
25219 2 1 40939
25220 2 1 39421
25221 2 1 39603
25222 2 1 39749
25223 2 1 40302
25224 2 1 40938
25225 2 1 40940
25226 2 6 40807
25227 2 6 40808
25228 2 6 40809
25229 2 6 38461
25230 2 6 38742
25231 2 6 39003
25232 2 6 39258
25233 2 6 39287
25234 2 6 39425
25235 2 6 39531
25236 2 6 39751
25237 2 6 39894
25238 2 6 40401
25239 2 6 40825
25240 2 2 44659
25241 2 2 2786
25242 2 2 44682
25243 2 2 38632
25244 2 2 6233
25245 2 2 39007
25246 2 2 39040
25247 2 2 39331
25248 2 2 39431
25249 2 2 39607
25250 2 2 39775
25251 2 2 39975
25252 2 2 2786
25253 2 2 2786
25254 2 18 11247
25255 2 18 42482
25256 2 18 10671
25257 2 18 38419
25258 2 18 38651
25259 2 18 39002
25260 2 18 38651
25261 2 18 39333
25262 2 18 39434
25263 2 18 39434
25264 2 18 39773
25265 2 18 39864
25266 2 18 10671
25267 2 18 10671
25268 2 3 44662
25269 2 3 44660
25270 2 3 41603
25271 2 3 44564
25272 2 3 44663
25273 2 3 39005
25274 2 3 48592
25275 2 3 44661
25276 2 3 44665
25277 2 3 44664
25278 2 3 2792
25279 2 3 13060
25280 2 3 39087
25281 2 3 36494
25282 2 19 40815
25283 2 19 40816
25284 2 19 40144
25285 2 19 40131
25286 2 19 40146
25287 2 19 40139
25288 2 19 40133
25289 2 19 40155
25290 2 19 40145
25291 2 19 40143
25292 2 19 40142
25293 2 19 40136
25294 2 19 40156
25295 2 19 44333
25296 2 15 40214
25297 2 15 40817
25298 2 15 40818
25299 2 15 38601
25300 2 15 38724
25301 2 15 39006
25302 2 15 39101
25303 2 15 39282
25304 2 15 39419
25305 2 15 39530
25306 2 15 39769
25307 2 15 39978
25308 2 15 41471
25309 2 15 40158
25310 2 4 6207
25311 2 4 39427
25312 2 4 38346
25313 2 4 24033
25314 2 4 16498
25315 2 4 39004
25316 2 4 39102
25317 2 4 39389
25318 2 4 39394
25319 2 4 39611
25320 2 4 39774
25321 2 4 39875
25322 2 4 40159
25323 2 4 41637
25324 2 10 35363
25325 2 10 20373
25326 2 10 38345
25327 2 10 35363
25328 2 10 38666
25329 2 10 34939
25330 2 10 39104
25331 2 10 39392
25332 2 10 39429
25333 2 10 22145
25334 2 10 39753
25335 2 10 39878
25336 2 10 21968
25337 2 10 44331
25338 4 1 37333
25339 4 1 37334
25340 4 1 37335
25341 4 1 37327
25342 4 1 37328
25343 4 1 37329
25344 4 1 37332
25345 4 1 42766
25346 4 1 43405
25347 4 1 37334
25348 4 1 37335
25349 4 2 14935
25350 4 2 37336
25351 4 2 37337
25352 4 2 37338
25353 4 2 27946
25354 4 2 37339
25355 4 2 27947
25356 4 2 37340
25357 4 2 14935
25358 4 2 37336
25359 4 2 37337
25360 4 2 37338
25361 4 2 27946
25362 4 2 37339
25363 4 2 27947
25364 4 2 37340
25365 4 3 37341
25366 4 3 37342
25367 4 3 6876
25368 4 3 6915
25369 4 3 28391
25370 4 3 37343
25371 4 3 3043
25372 4 3 37344
25373 4 3 37341
25374 4 3 37342
25375 4 3 6876
25376 4 3 6915
25377 4 3 28391
25378 4 3 37343
25379 4 3 3043
25380 4 3 37344
25381 4 4 37348
25382 4 4 37349
25383 4 4 37350
25384 4 4 25846
25385 4 4 37351
25386 4 4 42216
25387 4 4 37353
25388 4 4 37355
25389 4 4 37348
25390 4 4 37349
25391 4 4 37350
25392 4 4 25846
25393 4 4 37351
25394 4 4 42216
25395 4 4 37353
25396 4 4 37355
25397 2 0 8478
25398 2 1 19374
25399 2 7 20225
25400 2 8 20195
25401 2 4 19716
25402 2 5 28691
25403 2 15 4119
25404 2 10 20309
25405 2 3 20721
25406 2 2 20550
25407 4 6 18472
25408 15 0 18095
25409 15 0 18095
25410 15 0 37654
25411 15 0 37654
25412 15 0 18092
25413 15 0 18092
25414 15 0 7134
25415 15 0 7134
25416 12 0 30634
25417 15 0 959
25418 15 0 959
25419 15 0 2588
25420 15 0 3307
25421 15 0 3307
25422 15 0 2593
25423 15 0 21202
25424 15 0 3023
25425 15 0 37653
25426 15 0 37653
25427 15 0 7202
25428 15 0 7202
25429 15 0 37656
25430 15 0 37656
25431 15 0 2874
25432 15 0 2874
25433 12 0 32326
25434 15 0 23332
25435 15 0 23332
25436 15 0 35014
25437 15 0 35014
25438 4 0 6539
25439 4 0 29697
25440 15 0 3429
25441 15 0 3429
25442 15 0 38305
25443 15 0 37651
25444 15 0 13715
25445 15 0 13715
25446 15 0 7103
25447 15 0 7103
25448 12 0 37378
25449 12 0 2593
25450 15 0 37657
25451 15 0 37657
25452 15 0 19566
25453 15 0 19566
25454 15 0 37659
25455 15 0 37659
25456 15 0 37658
25457 15 0 37658
25458 15 0 19562
25459 12 0 37392
25460 12 0 9151
25461 12 0 1246
25462 12 0 1246
25463 12 0 7999
25464 2 6 37410
25465 0 0 37443
25466 15 0 18096
25467 15 0 37424
25468 15 0 24153
25469 9 0 1246
25470 15 5 59338
25471 15 5 59494
25472 15 5 59493
25473 15 5 39239
25474 15 5 59472
25475 15 5 59475
25476 15 5 59473
25477 15 5 59470
25478 4 4 37441
25479 4 3 37440
25480 4 1 37437
25481 4 4 37444
25482 4 3 37438
25483 4 1 37436
25484 4 0 39682
25485 4 0 39681
25486 4 2 37433
25487 4 0 32297
25488 4 0 37430
25489 4 1 37429
25490 12 0 37442
25491 12 0 4045
25492 2 4 23267
25493 2 1 19311
25494 2 10 28580
25495 2 15 20299
25496 2 2 28309
25497 15 0 32693
25498 0 0 38749
25499 4 0 9834
25500 4 0 9858
25501 4 1 27721
25502 4 4 37445
25503 4 1 37446
25504 4 2 37447
25505 4 0 31906
25506 4 3 37448
25507 4 2 37449
25508 4 2 37450
25509 12 0 37442
25510 4 1 37451
25511 4 4 27938
25512 4 3 37454
25513 4 2 41854
25514 4 3 27160
25515 4 2 37457
25516 4 1 37459
25517 4 0 9859
25518 4 2 37460
25519 2 4 28262
25520 2 6 37469
25521 0 8 38758
25522 4 4 27940
25523 4 3 37472
25524 4 2 37473
25525 4 1 37474
25526 9 4 1102
25527 15 5 39239
25528 15 5 39239
25529 15 5 39239
25530 4 4 44327
25531 15 5 59469
25532 15 5 59471
25533 15 5 59468
25534 4 3 37476
25535 15 2 45013
25536 2 4 19735
25537 2 1 28207
25538 2 13 40181
25539 0 2 3665
25540 4 1 40130
25541 4 0 28733
25542 4 0 9837
25543 2 15 16130
25544 2 3 28557
25545 2 15 6448
25546 4 4 37481
25547 4 2 37482
25548 0 8 19488
25549 4 0 37484
25550 0 8 36727
25551 4 3 37483
25552 15 0 6748
25553 2 10 20446
25554 12 0 11449
25555 15 0 6748
25556 4 3 37490
25557 4 4 37491
25558 4 1 37492
25559 4 2 37493
25560 4 3 37494
25561 4 4 45985
25562 4 0 15420
25563 4 0 32395
25564 4 0 9657
25565 4 2 37496
25566 4 4 37498
25567 4 3 37500
25568 4 3 37501
25569 4 4 27427
25570 4 2 39364
25571 4 2 17269
25572 4 3 37501
25573 4 4 27427
25574 4 1 23711
25575 4 3 37504
25576 4 2 37505
25577 4 1 23711
25578 4 2 37505
25579 4 3 41069
25580 4 4 37508
25581 4 3 37509
25582 4 2 37511
25583 4 2 39363
25584 4 3 37509
25585 4 4 37508
25586 12 0 12331
25587 2 14 37524
25588 2 5 37525
25589 4 4 37533
25590 12 0 9666
25591 4 2 37534
25592 4 3 37535
25593 4 4 37561
25594 4 3 26326
25595 4 1 37537
25596 15 0 37541
25597 4 4 37542
25598 4 3 37543
25599 4 2 37544
25600 4 2 37544
25601 4 3 37543
25602 4 4 37542
25603 2 6 22792
25604 15 0 22477
25605 4 2 37547
25606 4 0 28682
25607 4 0 28682
25608 2 6 22792
25609 4 2 37547
25610 4 4 37548
25611 4 1 15008
25612 4 3 25882
25613 4 1 15008
25614 4 3 25882
25615 4 4 37548
25616 4 2 21304
25617 4 2 21304
25618 4 1 26323
25619 4 0 37549
25620 4 0 37549
25621 4 1 26323
25622 2 10 39281
25623 4 4 30704
25624 4 6 39283
25625 2 10 37550
25626 4 4 30704
25627 4 6 37551
25628 4 0 37552
25629 2 19 30660
25630 4 1 37553
25631 4 1 37553
25632 2 19 30660
25633 4 0 37552
25634 4 0 3026
25635 12 0 37555
25636 4 1 37556
25637 4 1 30697
25638 12 0 29922
25639 2 3 37557
25640 2 19 44594
25641 15 0 23723
25642 12 0 37558
25643 4 8 34954
25644 4 7 34960
25645 4 9 34956
25646 2 4 7468
25647 12 0 16028
25648 12 0 37442
25649 7 6 38743
25650 0 6 38763
25651 0 6 38765
25652 0 6 38764
25653 4 0 39186
25654 4 3 38982
25655 4 3 38983
25656 4 3 38980
25657 4 3 38981
25658 15 0 37579
25659 4 3 40164
25660 4 3 38984
25661 4 3 38988
25662 4 3 38985
25663 2 4 37589
25664 15 0 37590
25665 15 0 23723
25666 12 0 9666
25667 4 8 40160
25668 4 2 41553
25669 4 2 15684
25670 4 2 41551
25671 4 2 8664
25672 12 0 37559
25673 4 2 37607
25674 4 2 37606
25675 4 2 37605
25676 4 2 37604
25677 12 0 37181
25678 12 0 31843
25679 0 8 7450
25680 4 2 37616
25681 4 3 37619
25682 4 2 37617
25683 4 3 37618
25684 12 0 37615
25685 4 2 38992
25686 4 2 38993
25687 4 2 38991
25688 2 8 37628
25689 4 2 37633
25690 4 2 37631
25691 4 2 37634
25692 4 3 44833
25693 4 3 45372
25694 4 3 45371
25695 4 3 37648
25696 4 3 37775
25697 4 3 37647
25698 2 10 37660
25699 7 6 38746
25700 7 6 28257
25701 4 4 24102
25702 4 3 25111
25703 15 0 26378
25704 15 0 37672
25705 12 0 1102
25706 12 0 1102
25707 7 6 38748
25708 7 6 38747
25709 7 0 16474
25710 4 2 23544
25711 4 1 16632
25712 4 1 30851
25713 4 0 31616
25714 4 0 9854
25715 4 4 27422
25716 4 3 30862
25717 4 2 32732
25718 4 1 26229
25719 12 0 37681
25720 9 1 1102
25721 9 1 1102
25722 9 1 1102
25723 15 0 18096
25724 15 0 37424
25725 9 1 1102
25726 9 1 1102
25727 12 0 16028
25728 9 1 6270
25729 9 1 6270
25730 9 1 6270
25731 9 1 6270
25732 9 1 6270
25733 9 1 6270
25734 9 1 6270
25735 9 1 6270
25736 9 1 6270
25737 9 1 6270
25738 9 1 6270
25739 9 1 6270
25740 9 1 6270
25741 9 1 6270
25742 9 1 6270
25743 9 1 6270
25744 12 0 9292
25745 12 0 21149
25746 12 0 7918
25747 12 0 8927
25748 12 0 9155
25749 12 0 7695
25750 12 0 7629
25751 12 0 8927
25752 12 0 7744
25753 12 0 7744
25754 12 0 8927
25755 12 0 9155
25756 12 0 7695
25757 12 0 7629
25758 2 6 37774
25759 2 4 44606
25760 2 10 34891
25761 2 10 39296
25762 2 1 41636
25763 2 15 48502
25764 2 13 40169
25765 12 0 634
25766 15 0 24154
25767 12 0 37780
25768 12 0 37780
25769 12 0 37780
25770 12 0 37442
25771 12 0 37442
25772 2 7 39359
25773 2 4 43642
25774 2 15 39357
25775 4 0 4284
25776 4 0 9853
25777 4 1 29719
25778 4 1 16892
25779 4 0 41951
25780 4 1 52783
25781 4 4 27372
25782 4 3 34031
25783 4 1 39103
25784 4 0 15420
25785 4 0 9839
25786 4 0 26551
25787 4 0 6502
25788 4 4 29000
25789 4 3 27323
25790 4 2 19020
25791 4 2 17263
25792 4 1 26261
25793 4 1 37798
25794 4 3 37799
25795 4 2 14698
25796 4 2 37800
25797 4 4 37801
25798 4 0 35442
25799 2 0 36257
25800 4 1 29797
25801 4 0 35445
25802 12 0 5287
25803 4 0 33135
25804 4 0 24022
25805 4 1 34812
25806 2 19 44596
25807 12 0 18093
25808 2 19 37803
25809 4 0 31899
25810 4 1 37805
25811 4 0 31905
25812 12 0 39446
25813 15 0 15851
25814 12 0 11947
25815 12 0 16452
25816 2 7 37828
25817 12 0 4134
25818 4 6 37829
25819 4 4 39288
25820 4 3 25826
25821 4 2 17137
25822 4 1 39286
25823 2 0 30699
25824 4 0 23629
25825 2 7 28561
25826 4 0 9842
25827 4 1 35077
25828 4 6 22805
25829 4 0 23714
25830 4 2 44876
25831 4 2 41143
25832 4 2 41142
25833 4 2 41140
25834 4 2 41138
25835 2 10 20269
25836 2 4 28194
25837 12 0 3164
25838 4 2 31934
25839 2 10 1768
25840 12 0 1288
25841 12 0 37870
25842 12 0 3233
25843 7 12 39727
25844 7 12 39729
25845 7 12 39731
25846 9 4 1102
25847 9 4 1102
25848 9 8 7798
25849 9 8 7798
25850 12 0 37879
25851 12 0 37880
25852 12 0 37888
25853 15 0 37891
25854 4 1 40622
25855 4 1 41234
25856 4 1 40056
25857 4 1 40059
25858 4 1 39952
25859 2 0 7040
25860 2 7 37078
25861 2 16 20777
25862 12 0 21369
25863 12 0 6380
25864 12 0 37911
25865 12 0 30600
25866 15 0 18010
25867 3 6 39202
25868 3 6 39204
25869 9 6 1102
25870 9 6 1102
25871 2 16 37935
25872 2 16 16752
25873 2 16 20779
25874 2 16 39740
25875 2 16 20783
25876 2 16 26358
25877 2 16 26361
25878 2 16 20773
25879 2 7 37989
25880 0 0 38750
25881 0 0 38751
25882 0 0 38752
25883 0 0 38753
25884 0 0 38754
25885 2 10 20378
25886 0 8 34282
25887 9 3 15274
25888 9 10 1102
25889 12 0 4136
25890 3 6 39205
25891 12 0 4810
25892 12 0 7987
25893 3 6 39205
25894 3 6 39205
25895 3 6 39205
25896 3 6 39203
25897 3 6 39203
25898 3 6 39203
25899 3 6 39203
25900 9 0 1246
25901 3 6 39203
25902 9 10 1102
25903 9 10 1102
25904 9 10 1102
25905 9 10 6270
25906 9 10 6270
25907 9 10 6270
25908 9 10 1102
25909 9 10 6270
25910 9 10 1102
25911 12 0 29616
25912 12 0 35301
25913 4 0 31616
25914 4 0 32395
25915 2 7 32077
25916 2 0 42669
25917 2 10 28345
25918 2 15 20601
25919 4 0 38098
25920 2 7 38099
25921 4 0 28831
25922 4 4 28364
25923 4 3 27106
25924 4 2 44456
25925 4 1 44462
25926 4 0 9834
25927 4 1 38101
25928 4 0 9857
25929 4 4 26651
25930 4 3 30889
25931 4 1 19000
25932 4 2 14278
25933 2 7 26572
25934 2 5 6808
25935 2 10 20257
25936 4 0 31287
25937 4 0 31287
25938 12 0 36578
25939 2 19 39208
25940 4 8 34955
25941 4 3 43158
25942 4 4 43146
25943 2 13 39218
25944 2 8 47478
25945 4 1 43201
25946 4 2 43173
25947 4 3 43162
25948 4 4 26437
25949 4 2 18929
25950 2 10 39226
25951 4 3 22680
25952 2 7 39228
25953 2 2 43202
25954 4 0 38560
25955 4 3 45175
25956 4 4 43141
25957 4 1 43192
25958 4 4 27420
25959 4 3 39485
25960 4 2 19806
25961 4 1 26205
25962 4 0 33534
25963 4 0 35423
25964 2 7 41428
25965 4 1 44372
25966 4 1 33732
25967 4 4 27336
25968 4 3 26965
25969 4 2 27766
25970 4 1 16881
25971 2 2 25606
25972 2 3 28331
25973 2 19 20851
25974 4 1 45177
25975 4 2 45176
25976 4 3 45178
25977 4 4 45179
25978 2 20 20619
25979 4 4 21961
25980 4 3 28069
25981 4 2 28590
25982 4 1 28421
25983 4 3 27206
25984 4 2 33139
25985 2 10 42613
25986 2 5 35968
25987 2 8 26589
25988 4 0 24646
25989 4 0 9657
25990 4 0 23728
25991 4 0 28830
25992 4 0 9657
25993 4 0 9657
25994 4 0 38129
25995 4 0 38127
25996 4 0 38130
25997 4 3 41144
25998 4 3 44009
25999 4 3 41149
26000 4 3 41145
26001 4 3 41148
26002 12 0 35178
26003 2 8 38142
26004 4 1 16551
26005 4 1 38266
26006 4 1 7533
26007 4 1 14450
26008 4 1 25867
26009 4 1 12865
26010 4 1 16821
26011 4 1 16563
26012 4 1 16554
26013 4 1 28051
26014 4 1 16927
26015 4 1 28168
26016 4 1 23050
26017 4 1 15248
26018 4 2 19029
26019 4 2 38267
26020 4 2 19030
26021 4 2 7834
26022 4 2 41379
26023 4 2 19032
26024 4 2 19033
26025 4 2 16991
26026 4 2 19034
26027 4 2 14533
26028 4 2 25864
26029 4 2 16566
26030 4 3 38268
26031 4 3 26936
26032 4 3 26932
26033 4 3 4339
26034 4 3 27175
26035 4 3 28998
26036 4 3 26927
26037 4 3 26939
26038 4 3 26930
26039 4 3 6864
26040 4 3 26928
26041 4 3 26938
26042 15 0 38158
26043 15 0 38158
26044 15 0 38160
26045 15 0 28862
26046 0 0 19764
26047 0 0 37331
26048 12 0 24593
26049 2 4 12992
26050 2 4 37192
26051 2 5 5226
26052 2 5 38269
26053 2 7 1547
26054 2 7 38265
26055 4 0 32335
26056 4 1 16704
26057 4 1 16703
26058 4 1 16700
26059 4 1 16702
26060 4 1 18422
26061 4 1 16701
26062 4 1 16706
26063 4 1 9894
26064 4 1 16704
26065 4 1 16703
26066 4 1 16700
26067 4 1 16702
26068 4 1 18422
26069 4 1 16701
26070 4 1 16706
26071 4 1 9894
26072 4 1 16704
26073 4 1 16703
26074 4 1 16700
26075 4 1 16702
26076 4 1 18422
26077 4 1 16701
26078 4 1 16706
26079 4 1 9894
26080 4 1 16704
26081 4 1 16703
26082 4 1 16700
26083 4 1 16702
26084 4 1 18422
26085 4 1 16701
26086 4 1 16706
26087 4 1 9894
26088 4 1 16704
26089 4 1 16703
26090 4 1 16700
26091 4 1 16702
26092 4 1 18422
26093 4 1 16701
26094 4 1 16706
26095 4 1 9894
26096 4 1 16704
26097 4 1 16703
26098 4 1 16700
26099 4 1 16702
26100 4 1 18422
26101 4 1 16701
26102 4 1 16706
26103 4 1 9894
26104 4 1 16704
26105 4 1 16703
26106 4 1 16700
26107 4 1 16702
26108 4 1 18422
26109 4 1 16701
26110 4 1 16706
26111 4 1 9894
26112 4 1 16704
26113 4 1 16703
26114 4 1 16700
26115 4 1 16702
26116 4 1 18422
26117 4 1 16701
26118 4 1 16706
26119 4 1 9894
26120 4 1 16704
26121 4 1 16703
26122 4 1 16700
26123 4 1 16702
26124 4 1 18422
26125 4 1 16701
26126 4 1 16706
26127 4 1 9894
26128 4 1 16704
26129 4 1 16703
26130 4 1 16700
26131 4 1 16702
26132 4 1 18422
26133 4 1 16701
26134 4 1 16706
26135 4 1 9894
26136 4 1 16704
26137 4 1 16703
26138 4 1 16700
26139 4 1 16702
26140 4 1 18422
26141 4 1 16701
26142 4 1 16706
26143 4 1 9894
26144 4 1 16704
26145 4 1 16703
26146 4 1 16700
26147 4 1 16702
26148 4 1 18422
26149 4 1 16701
26150 4 1 16706
26151 4 1 9894
26152 4 1 16704
26153 4 1 16703
26154 4 1 16700
26155 4 1 16702
26156 4 1 18422
26157 4 1 16701
26158 4 1 16706
26159 4 1 9894
26160 4 1 16704
26161 4 1 16703
26162 4 1 16700
26163 4 1 16702
26164 4 1 18422
26165 4 1 16701
26166 4 1 16706
26167 4 1 9894
26168 4 2 16704
26169 4 2 16703
26170 4 2 16700
26171 4 2 16702
26172 4 2 18422
26173 4 2 16701
26174 4 2 16706
26175 4 2 9894
26176 4 2 16704
26177 4 2 16703
26178 4 2 16700
26179 4 2 16702
26180 4 2 18422
26181 4 2 16701
26182 4 2 16706
26183 4 2 9894
26184 4 2 16704
26185 4 2 16703
26186 4 2 16700
26187 4 2 16702
26188 4 2 18422
26189 4 2 16701
26190 4 2 16706
26191 4 2 9894
26192 4 2 16704
26193 4 2 16703
26194 4 2 16700
26195 4 2 16702
26196 4 2 18422
26197 4 2 16701
26198 4 2 16706
26199 4 2 9894
26200 4 2 16704
26201 4 2 16703
26202 4 2 16700
26203 4 2 16702
26204 4 2 18422
26205 4 2 16701
26206 4 2 16706
26207 4 2 9894
26208 4 2 16704
26209 4 2 16703
26210 4 2 16700
26211 4 2 16702
26212 4 2 18422
26213 4 2 16701
26214 4 2 16706
26215 4 2 9894
26216 4 2 16704
26217 4 2 16703
26218 4 2 16700
26219 4 2 16702
26220 4 2 18422
26221 4 2 16701
26222 4 2 16706
26223 4 2 9894
26224 4 2 16704
26225 4 2 16703
26226 4 2 16700
26227 4 2 16702
26228 4 2 18422
26229 4 2 16701
26230 4 2 16706
26231 4 2 9894
26232 4 2 16704
26233 4 2 16703
26234 4 2 16700
26235 4 2 16702
26236 4 2 18422
26237 4 2 16701
26238 4 2 16706
26239 4 2 9894
26240 4 2 16704
26241 4 2 16703
26242 4 2 16700
26243 4 2 16702
26244 4 2 18422
26245 4 2 16701
26246 4 2 16706
26247 4 2 9894
26248 4 2 16704
26249 4 2 16703
26250 4 2 16700
26251 4 2 16702
26252 4 2 18422
26253 4 2 16701
26254 4 2 16706
26255 4 2 9894
26256 4 2 43783
26257 4 2 43782
26258 4 2 43778
26259 4 2 43781
26260 4 2 43777
26261 4 2 43779
26262 4 2 43784
26263 4 2 43780
26264 4 2 16704
26265 4 2 16703
26266 4 2 16700
26267 4 2 16702
26268 4 2 18422
26269 4 2 16701
26270 4 2 16706
26271 4 2 9894
26272 4 2 16704
26273 4 2 16703
26274 4 2 16700
26275 4 2 16702
26276 4 2 18422
26277 4 2 16701
26278 4 2 16706
26279 4 2 9894
26280 4 3 16704
26281 4 3 16703
26282 4 3 16700
26283 4 3 16702
26284 4 3 18422
26285 4 3 16701
26286 4 3 16706
26287 4 3 9894
26288 4 3 16704
26289 4 3 16703
26290 4 3 16700
26291 4 3 16702
26292 4 3 18422
26293 4 3 16701
26294 4 2 16706
26295 4 3 9894
26296 4 3 16704
26297 4 3 16703
26298 4 3 16700
26299 4 3 16702
26300 4 3 18422
26301 4 3 16701
26302 4 3 16706
26303 4 3 9894
26304 4 3 16704
26305 4 3 16703
26306 4 3 16700
26307 4 3 16702
26308 4 3 18422
26309 4 3 16701
26310 4 3 16706
26311 4 3 9894
26312 4 3 16704
26313 4 3 16703
26314 4 3 16700
26315 4 3 16702
26316 4 3 18422
26317 4 3 16701
26318 4 3 16706
26319 4 3 9894
26320 4 3 16704
26321 4 3 16703
26322 4 3 16700
26323 4 3 16702
26324 4 3 18422
26325 4 3 16701
26326 4 3 16706
26327 4 3 9894
26328 4 3 16704
26329 4 3 16703
26330 4 3 16700
26331 4 3 16702
26332 4 3 18422
26333 4 3 16701
26334 4 3 16706
26335 4 3 9894
26336 4 3 16704
26337 4 3 16703
26338 4 3 16700
26339 4 3 16702
26340 4 3 18422
26341 4 3 16701
26342 4 3 16706
26343 4 3 9894
26344 4 3 16704
26345 4 3 16703
26346 4 3 16700
26347 4 3 16702
26348 4 3 18422
26349 4 3 16701
26350 4 3 16706
26351 4 3 9894
26352 4 3 16704
26353 4 3 16703
26354 4 3 16700
26355 4 3 16702
26356 4 3 18422
26357 4 3 16701
26358 4 3 16706
26359 4 3 9894
26360 4 3 16704
26361 4 3 16703
26362 4 3 16700
26363 4 3 16702
26364 4 3 18422
26365 4 3 16701
26366 4 3 16706
26367 4 3 9894
26368 4 3 16704
26369 4 3 16703
26370 4 3 16700
26371 4 3 16702
26372 4 3 18422
26373 4 3 16701
26374 4 3 16706
26375 4 3 9894
26376 4 3 16704
26377 4 3 16703
26378 4 3 16700
26379 4 3 16702
26380 4 3 18422
26381 4 3 16701
26382 4 3 16706
26383 4 3 9894
26384 4 3 16704
26385 4 3 16703
26386 4 3 16700
26387 4 3 16702
26388 4 3 18422
26389 4 3 16701
26390 4 3 16706
26391 4 3 9894
26392 4 4 16704
26393 4 4 16703
26394 4 4 16700
26395 4 4 16702
26396 4 4 18422
26397 4 4 16701
26398 4 4 16706
26399 4 4 9894
26400 4 4 16704
26401 4 4 16703
26402 4 4 16700
26403 4 4 16702
26404 4 4 18422
26405 4 4 16701
26406 4 4 16706
26407 4 4 9894
26408 4 4 16704
26409 4 4 16703
26410 4 4 16700
26411 4 4 16702
26412 4 4 18422
26413 4 4 16701
26414 4 4 16706
26415 4 4 9894
26416 4 4 16704
26417 4 4 16703
26418 4 4 16700
26419 4 4 16702
26420 4 4 18422
26421 4 4 16701
26422 4 4 16706
26423 4 4 9894
26424 4 4 16704
26425 4 4 16703
26426 4 4 16700
26427 4 4 16702
26428 4 4 18422
26429 4 4 16701
26430 4 4 16706
26431 4 4 9894
26432 4 4 16704
26433 4 4 16703
26434 4 4 16700
26435 4 4 16702
26436 4 4 18422
26437 4 4 16701
26438 4 4 16706
26439 4 4 9894
26440 4 4 16704
26441 4 4 16703
26442 4 4 16700
26443 4 4 16702
26444 4 4 18422
26445 4 4 16701
26446 4 4 16706
26447 4 4 9894
26448 4 4 16704
26449 4 4 16703
26450 4 4 16700
26451 4 4 16702
26452 4 4 18422
26453 4 4 16701
26454 4 4 16706
26455 4 4 9894
26456 4 4 16704
26457 4 4 16703
26458 4 4 16700
26459 4 4 16702
26460 4 4 18422
26461 4 4 16701
26462 4 4 16706
26463 4 4 9894
26464 4 4 16704
26465 4 4 16703
26466 4 4 16700
26467 4 4 16702
26468 4 4 18422
26469 4 4 16701
26470 4 4 16706
26471 4 4 9894
26472 4 4 16704
26473 4 4 16703
26474 4 4 16700
26475 4 4 16702
26476 4 4 18422
26477 4 4 16701
26478 4 4 16706
26479 4 4 9894
26480 4 4 16704
26481 4 4 16703
26482 4 4 16700
26483 4 4 16702
26484 4 4 18422
26485 4 4 16701
26486 4 4 16706
26487 4 4 9894
26488 4 4 16704
26489 4 4 16703
26490 4 4 16700
26491 4 4 16702
26492 4 4 18422
26493 4 4 16701
26494 4 4 16706
26495 4 4 9894
26496 4 4 16704
26497 4 4 16703
26498 4 4 16700
26499 4 4 16702
26500 4 4 18422
26501 4 4 16701
26502 4 4 16706
26503 4 4 9894
26504 4 1 16707
26505 4 1 16707
26506 4 1 16707
26507 4 1 16707
26508 4 1 16707
26509 4 1 16707
26510 4 1 16707
26511 4 1 16707
26512 4 1 16707
26513 4 1 16707
26514 4 1 16707
26515 4 1 16707
26516 4 1 16707
26517 4 1 16707
26518 4 0 9834
26519 4 0 9834
26520 4 0 9834
26521 4 0 9834
26522 4 0 9834
26523 4 0 9834
26524 4 0 9834
26525 4 0 9834
26526 4 0 9834
26527 4 0 9834
26528 4 0 9834
26529 4 0 9834
26530 4 0 9834
26531 4 0 9834
26532 4 0 4841
26533 4 0 4841
26534 4 0 4841
26535 4 0 4841
26536 4 0 4841
26537 4 0 4841
26538 4 0 4841
26539 4 0 4841
26540 4 0 4841
26541 4 0 4841
26542 4 0 4841
26543 4 0 4841
26544 4 0 4841
26545 4 0 4841
26546 4 6 28449
26547 4 6 28449
26548 4 6 28449
26549 4 6 28449
26550 4 6 28449
26551 4 6 28449
26552 4 6 28449
26553 4 6 28449
26554 4 6 28449
26555 4 6 28449
26556 4 6 28449
26557 4 6 28449
26558 4 6 28449
26559 4 6 28449
26560 4 0 22923
26561 4 0 22923
26562 4 0 22923
26563 4 0 22923
26564 4 0 22923
26565 4 0 22923
26566 4 0 22923
26567 4 0 22923
26568 4 0 22923
26569 4 0 22923
26570 4 0 22923
26571 4 0 22923
26572 4 0 22923
26573 4 0 22923
26574 2 15 22118
26575 2 15 22118
26576 2 15 22118
26577 2 15 22118
26578 2 15 22118
26579 2 15 22118
26580 2 15 22118
26581 2 15 22118
26582 2 15 22118
26583 2 15 22118
26584 2 15 22118
26585 2 15 43775
26586 2 15 22118
26587 2 15 22118
26588 2 4 22118
26589 2 4 5203
26590 2 4 22118
26591 2 4 22118
26592 2 4 22118
26593 2 4 22118
26594 2 4 22118
26595 2 4 22118
26596 2 4 22118
26597 2 4 22118
26598 2 4 22118
26599 2 4 22118
26600 2 4 22118
26601 2 4 22118
26602 2 5 33299
26603 2 5 33299
26604 2 5 33299
26605 2 5 33299
26606 2 5 33299
26607 2 5 33299
26608 2 5 33299
26609 2 5 33299
26610 2 5 33299
26611 2 5 33299
26612 2 5 33299
26613 2 5 33299
26614 2 5 33299
26615 2 5 33299
26616 2 7 22118
26617 2 7 22118
26618 2 7 22118
26619 2 7 22118
26620 2 7 22118
26621 2 7 22118
26622 2 7 22118
26623 2 7 22118
26624 2 7 22118
26625 2 7 22118
26626 2 7 22118
26627 2 7 43773
26628 2 7 22118
26629 2 7 22118
26630 2 8 33299
26631 2 8 33299
26632 2 8 33299
26633 2 8 33299
26634 2 8 33299
26635 2 8 33299
26636 2 8 33299
26637 2 8 33299
26638 2 8 33299
26639 2 8 33299
26640 2 8 33299
26641 2 8 33299
26642 2 8 33299
26643 2 8 50656
26644 2 10 33299
26645 2 10 33299
26646 2 10 33299
26647 2 10 33299
26648 2 10 33299
26649 2 10 33299
26650 2 10 33299
26651 2 10 33299
26652 2 10 33299
26653 2 10 33299
26654 2 10 33299
26655 2 10 33299
26656 2 10 33299
26657 2 10 33299
26658 2 13 22118
26659 2 13 22118
26660 2 13 22118
26661 2 13 22118
26662 2 13 22118
26663 2 13 22118
26664 2 13 22118
26665 2 13 22118
26666 2 13 22118
26667 2 13 22118
26668 2 13 22118
26669 2 13 22118
26670 2 13 22118
26671 2 13 22118
26672 2 0 22118
26673 2 0 22118
26674 2 0 22118
26675 2 0 22118
26676 2 0 22118
26677 2 0 22118
26678 2 0 22118
26679 2 0 22118
26680 2 0 22118
26681 2 0 22118
26682 2 0 22118
26683 2 0 22118
26684 2 0 22118
26685 2 0 22118
26686 2 1 33299
26687 2 1 33299
26688 2 1 33299
26689 2 1 33299
26690 2 1 33299
26691 2 1 33299
26692 2 1 33299
26693 2 1 33299
26694 2 1 33299
26695 2 1 33299
26696 2 1 33299
26697 2 1 33299
26698 2 1 33299
26699 2 1 33299
26700 2 6 33299
26701 2 6 33299
26702 2 6 33299
26703 2 6 33299
26704 2 6 33299
26705 2 6 33299
26706 2 6 33299
26707 2 6 33299
26708 2 6 33299
26709 2 6 33299
26710 2 6 33299
26711 2 6 33299
26712 2 6 33299
26713 2 6 33299
26714 2 2 2786
26715 2 2 2786
26716 2 2 2786
26717 2 2 2786
26718 2 2 2786
26719 2 2 2786
26720 2 2 2786
26721 2 2 2786
26722 2 2 2786
26723 2 2 2786
26724 2 2 2786
26725 2 2 2786
26726 2 2 2786
26727 2 2 2786
26728 2 18 10671
26729 2 18 10671
26730 2 18 10671
26731 2 18 10671
26732 2 18 10671
26733 2 18 10671
26734 2 18 10671
26735 2 18 10671
26736 2 18 10671
26737 2 18 10671
26738 2 18 10671
26739 2 18 10671
26740 2 18 10671
26741 2 18 10671
26742 2 3 10671
26743 2 3 10671
26744 2 3 10671
26745 2 3 10671
26746 2 3 10671
26747 2 3 10671
26748 2 3 10671
26749 2 3 10671
26750 2 3 10671
26751 2 3 10671
26752 2 3 10671
26753 2 3 10671
26754 2 3 10671
26755 2 3 10671
26756 2 19 10671
26757 2 19 10671
26758 2 19 10671
26759 2 19 10671
26760 2 19 10671
26761 2 19 10671
26762 2 19 10671
26763 2 19 10671
26764 2 19 10671
26765 2 19 10671
26766 2 19 10671
26767 2 19 10671
26768 2 19 10671
26769 2 19 10671
26770 2 15 22118
26771 2 15 22118
26772 2 15 22118
26773 2 15 22118
26774 2 15 22118
26775 2 15 22118
26776 2 15 22118
26777 2 15 22118
26778 2 15 22118
26779 2 15 22118
26780 2 15 22118
26781 2 15 22118
26782 2 15 22118
26783 2 15 22118
26784 2 4 22118
26785 2 4 22118
26786 2 4 22118
26787 2 4 22118
26788 2 4 22118
26789 2 4 22118
26790 2 4 22118
26791 2 4 22118
26792 2 4 22118
26793 2 4 22118
26794 2 4 22118
26795 2 4 22118
26796 2 4 22118
26797 2 4 22118
26798 2 10 33299
26799 2 10 33299
26800 2 10 33299
26801 2 10 33299
26802 2 10 33299
26803 2 10 33299
26804 2 10 33299
26805 2 10 33299
26806 2 10 33299
26807 2 10 33299
26808 2 10 33299
26809 2 10 33299
26810 2 10 33299
26811 2 10 33299
26812 4 2 16704
26813 4 2 16703
26814 4 2 16700
26815 4 2 16702
26816 4 2 18422
26817 4 2 16701
26818 4 2 16706
26819 4 2 9894
26820 4 2 16704
26821 4 2 16703
26822 4 2 16700
26823 4 2 16702
26824 4 2 18422
26825 4 2 16701
26826 4 2 16706
26827 4 2 9894
26828 4 2 16704
26829 4 2 16703
26830 4 2 16700
26831 4 2 16702
26832 4 2 18422
26833 4 2 16701
26834 4 2 16706
26835 4 2 9894
26836 4 2 16704
26837 4 2 16703
26838 4 2 16700
26839 4 2 16702
26840 4 2 18422
26841 4 2 16701
26842 4 2 16706
26843 4 2 9894
26844 4 2 16704
26845 4 2 16703
26846 4 2 16700
26847 4 2 16702
26848 4 2 18422
26849 4 2 16701
26850 4 2 16706
26851 4 2 9894
26852 4 2 16704
26853 4 2 16703
26854 4 2 16700
26855 4 2 16702
26856 4 2 18422
26857 4 2 16701
26858 4 2 16706
26859 4 2 9894
26860 4 2 16704
26861 4 2 16703
26862 4 2 16700
26863 4 2 16702
26864 4 2 18422
26865 4 2 16701
26866 4 2 16706
26867 4 2 9894
26868 4 2 16704
26869 4 2 16703
26870 4 2 16700
26871 4 2 16702
26872 4 2 18422
26873 4 2 16701
26874 4 2 16706
26875 4 2 9894
26876 4 2 16704
26877 4 2 16703
26878 4 2 16700
26879 4 2 16702
26880 4 2 18422
26881 4 2 16701
26882 4 2 16706
26883 4 2 9894
26884 4 2 16704
26885 4 2 16703
26886 4 2 16700
26887 4 2 16702
26888 4 2 18422
26889 4 2 16701
26890 4 2 16706
26891 4 2 9894
26892 4 2 16704
26893 4 2 16703
26894 4 2 16700
26895 4 2 16702
26896 4 2 18422
26897 4 2 16701
26898 4 2 16706
26899 4 2 9894
26900 4 2 16704
26901 4 2 16703
26902 4 2 16700
26903 4 2 16702
26904 4 2 18422
26905 4 2 16701
26906 4 2 16706
26907 4 2 9894
26908 4 2 16704
26909 4 2 16703
26910 4 2 16700
26911 4 2 16702
26912 4 2 18422
26913 4 2 16701
26914 4 2 16706
26915 4 2 9894
26916 4 2 16704
26917 4 2 16703
26918 4 2 16700
26919 4 2 16702
26920 4 2 18422
26921 4 2 16701
26922 4 2 16706
26923 4 2 9894
26924 4 3 16704
26925 4 3 16703
26926 4 3 16700
26927 4 3 16702
26928 4 3 18422
26929 4 3 16701
26930 4 3 16706
26931 4 3 9894
26932 4 3 16704
26933 4 3 16703
26934 4 3 16700
26935 4 3 16702
26936 4 3 18422
26937 4 3 16701
26938 4 3 16706
26939 4 3 9894
26940 4 3 16704
26941 4 3 16703
26942 4 3 16700
26943 4 3 16702
26944 4 3 18422
26945 4 3 16701
26946 4 3 16706
26947 4 3 9894
26948 4 3 16704
26949 4 3 16703
26950 4 3 16700
26951 4 3 16702
26952 4 3 18422
26953 4 3 16701
26954 4 3 16706
26955 4 3 9894
26956 4 3 16704
26957 4 3 16703
26958 4 3 16700
26959 4 3 16702
26960 4 3 18422
26961 4 3 16701
26962 4 3 16706
26963 4 3 9894
26964 4 3 16704
26965 4 3 16703
26966 4 3 16700
26967 4 3 16702
26968 4 3 18422
26969 4 3 16701
26970 4 3 16706
26971 4 3 9894
26972 4 3 16704
26973 4 3 16703
26974 4 3 16700
26975 4 3 16702
26976 4 3 18422
26977 4 3 16701
26978 4 3 16706
26979 4 3 9894
26980 4 3 16704
26981 4 3 16703
26982 4 3 16700
26983 4 3 16702
26984 4 3 18422
26985 4 3 16701
26986 4 3 16706
26987 4 3 9894
26988 4 3 16704
26989 4 3 16703
26990 4 3 16700
26991 4 3 16702
26992 4 3 18422
26993 4 3 16701
26994 4 3 16706
26995 4 3 9894
26996 4 3 16704
26997 4 3 16703
26998 4 3 16700
26999 4 3 16702
27000 4 3 18422
27001 4 3 16701
27002 4 3 16706
27003 4 3 9894
27004 4 3 16704
27005 4 3 16703
27006 4 3 16700
27007 4 3 16702
27008 4 3 18422
27009 4 3 16701
27010 4 3 16706
27011 4 3 9894
27012 4 3 16704
27013 4 3 16703
27014 4 3 16700
27015 4 3 16702
27016 4 3 18422
27017 4 3 16701
27018 4 3 16706
27019 4 3 9894
27020 4 3 16704
27021 4 3 16703
27022 4 3 16700
27023 4 3 16702
27024 4 3 18422
27025 4 3 16701
27026 4 3 16706
27027 4 3 9894
27028 4 3 16704
27029 4 3 16703
27030 4 3 16700
27031 4 3 16702
27032 4 3 18422
27033 4 3 16701
27034 4 3 16706
27035 4 3 9894
27036 4 4 16704
27037 4 4 16703
27038 4 4 16700
27039 4 4 16702
27040 4 4 18422
27041 4 4 16701
27042 4 4 16706
27043 4 4 9894
27044 4 4 16704
27045 4 4 16703
27046 4 4 16700
27047 4 4 16702
27048 4 4 18422
27049 4 4 16701
27050 4 4 16706
27051 4 4 9894
27052 4 4 16704
27053 4 4 16703
27054 4 4 16700
27055 4 4 16702
27056 4 4 18422
27057 4 4 16701
27058 4 4 16706
27059 4 4 9894
27060 4 4 16704
27061 4 4 16703
27062 4 4 16700
27063 4 4 16702
27064 4 4 18422
27065 4 4 16701
27066 4 4 16706
27067 4 4 9894
27068 4 4 16704
27069 4 4 16703
27070 4 4 16700
27071 4 4 16702
27072 4 4 18422
27073 4 4 16701
27074 4 4 16706
27075 4 4 9894
27076 4 4 16704
27077 4 4 16703
27078 4 4 16700
27079 4 4 16702
27080 4 4 18422
27081 4 4 16701
27082 4 4 16706
27083 4 4 9894
27084 4 4 16704
27085 4 4 16703
27086 4 4 16700
27087 4 4 16702
27088 4 4 18422
27089 4 4 16701
27090 4 4 16706
27091 4 4 9894
27092 4 4 16704
27093 4 4 16703
27094 4 4 16700
27095 4 4 16702
27096 4 4 18422
27097 4 4 16701
27098 4 4 16706
27099 4 4 9894
27100 4 4 16704
27101 4 4 16703
27102 4 4 16700
27103 4 4 16702
27104 4 4 18422
27105 4 4 16701
27106 4 4 16706
27107 4 4 9894
27108 4 4 16704
27109 4 4 16703
27110 4 4 16700
27111 4 4 16702
27112 4 4 18422
27113 4 4 16701
27114 4 4 16706
27115 4 4 9894
27116 4 4 16704
27117 4 4 16703
27118 4 4 16700
27119 4 4 16702
27120 4 4 18422
27121 4 4 16701
27122 4 4 16706
27123 4 4 9894
27124 4 4 16704
27125 4 4 16703
27126 4 4 16700
27127 4 4 16702
27128 4 4 18422
27129 4 4 16701
27130 4 4 16706
27131 4 4 9894
27132 4 4 16704
27133 4 4 16703
27134 4 4 16700
27135 4 4 16702
27136 4 4 18422
27137 4 4 16701
27138 4 4 16706
27139 4 4 9894
27140 4 4 16704
27141 4 4 16703
27142 4 4 16700
27143 4 4 16702
27144 4 4 18422
27145 4 4 16701
27146 4 4 16706
27147 4 4 9894
27148 4 1 16707
27149 4 1 16707
27150 4 1 16707
27151 4 1 16707
27152 4 1 16707
27153 4 1 16707
27154 4 1 16707
27155 4 1 16707
27156 4 1 16707
27157 4 1 16707
27158 4 1 16707
27159 4 1 26202
27160 4 1 16707
27161 4 1 16707
27162 4 0 9834
27163 4 0 9834
27164 4 0 9834
27165 4 0 9834
27166 4 0 9834
27167 4 0 9834
27168 4 0 9834
27169 4 0 9834
27170 4 0 9834
27171 4 0 9834
27172 4 0 9834
27173 4 0 9834
27174 4 0 9834
27175 4 0 9834
27176 4 0 4841
27177 4 0 4841
27178 4 0 4841
27179 4 0 4841
27180 4 0 4841
27181 4 0 4841
27182 4 0 4841
27183 4 0 4841
27184 4 0 4841
27185 4 0 4841
27186 4 0 4841
27187 4 0 4841
27188 4 0 4841
27189 4 0 4841
27190 4 1 16707
27191 4 1 16707
27192 4 1 16707
27193 4 1 16707
27194 4 1 16707
27195 4 1 16707
27196 4 1 16707
27197 4 1 16707
27198 4 1 16707
27199 4 1 16707
27200 4 1 16707
27201 4 1 16707
27202 4 1 16707
27203 4 1 16707
27204 4 0 9834
27205 4 0 9834
27206 4 0 9834
27207 4 0 9834
27208 4 0 9834
27209 4 0 9834
27210 4 0 9834
27211 4 0 9834
27212 4 0 9834
27213 4 0 9834
27214 4 0 9834
27215 4 0 9834
27216 4 0 9834
27217 4 0 9834
27218 4 0 4841
27219 4 0 4841
27220 4 0 4841
27221 4 0 4841
27222 4 0 4841
27223 4 0 4841
27224 4 0 4841
27225 4 0 4841
27226 4 0 4841
27227 4 0 4841
27228 4 0 4841
27229 4 0 4841
27230 4 0 4841
27231 4 0 4841
27232 4 1 16707
27233 4 1 16707
27234 4 1 16707
27235 4 1 16707
27236 4 1 16707
27237 4 1 16707
27238 4 1 16707
27239 4 1 16707
27240 4 1 16707
27241 4 1 16707
27242 4 1 16707
27243 4 1 16707
27244 4 1 16707
27245 4 1 16707
27246 4 0 9834
27247 4 0 9834
27248 4 0 9834
27249 4 0 9834
27250 4 0 9834
27251 4 0 9834
27252 4 0 9834
27253 4 0 9834
27254 4 0 9834
27255 4 0 9834
27256 4 0 9834
27257 4 0 9834
27258 4 0 9834
27259 4 0 9834
27260 4 0 4841
27261 4 0 4841
27262 4 0 4841
27263 4 0 4841
27264 4 0 4841
27265 4 0 4841
27266 4 0 4841
27267 4 0 4841
27268 4 0 4841
27269 4 0 4841
27270 4 0 4841
27271 4 0 4841
27272 4 0 4841
27273 4 0 4841
27274 4 1 16707
27275 4 1 16707
27276 4 1 16707
27277 4 1 16707
27278 4 1 16707
27279 4 1 16707
27280 4 1 16707
27281 4 1 16707
27282 4 1 16707
27283 4 1 16707
27284 4 1 16707
27285 4 1 16707
27286 4 1 16707
27287 4 1 16707
27288 4 0 9834
27289 4 0 9834
27290 4 0 9834
27291 4 0 9834
27292 4 0 9834
27293 4 0 9834
27294 4 0 9834
27295 4 0 9834
27296 4 0 9834
27297 4 0 9834
27298 4 0 9834
27299 4 0 9834
27300 4 0 9834
27301 4 0 9834
27302 4 0 4841
27303 4 0 4841
27304 4 0 4841
27305 4 0 4841
27306 4 0 4841
27307 4 0 4841
27308 4 0 4841
27309 4 0 4841
27310 4 0 4841
27311 4 0 4841
27312 4 0 4841
27313 4 0 4841
27314 4 0 4841
27315 4 0 4841
27316 15 0 9632
27317 0 0 2351
27318 15 0 9632
27319 15 0 9632
27320 15 0 9632
27321 15 0 9632
27322 15 0 9632
27323 15 0 9632
27324 15 0 9632
27325 15 0 9632
27326 15 0 9632
27327 15 0 9632
27328 15 0 9632
27329 15 0 9632
27330 15 0 9632
27331 15 0 9632
27332 15 0 9632
27333 15 0 9632
27334 15 0 9632
27335 15 0 9632
27336 15 0 9632
27337 15 0 9632
27338 15 0 9632
27339 15 0 9632
27340 15 0 9632
27341 15 0 9632
27342 15 0 9632
27343 15 0 9632
27344 15 0 9632
27345 15 0 9632
27346 15 0 9632
27347 15 0 9632
27348 15 0 9632
27349 15 0 9632
27350 15 0 9632
27351 15 0 9632
27352 15 0 9632
27353 15 0 9632
27354 15 0 9632
27355 15 0 9632
27356 15 0 9632
27357 15 0 9731
27358 15 0 9632
27359 15 0 9632
27360 15 0 9632
27361 15 0 9632
27362 15 0 9632
27363 15 0 9632
27364 15 0 9632
27365 15 0 9632
27366 15 0 9632
27367 15 0 9632
27368 15 0 9632
27369 15 0 9632
27370 15 0 9632
27371 15 0 9632
27372 15 0 9632
27373 15 0 9632
27374 15 0 9632
27375 15 0 9632
27376 15 0 9632
27377 15 0 9632
27378 15 0 9632
27379 15 0 9632
27380 15 0 9632
27381 15 0 9632
27382 15 0 9632
27383 15 0 9632
27384 15 0 9632
27385 15 0 9632
27386 15 0 9632
27387 15 0 9632
27388 0 0 24629
27389 2 8 20074
27390 2 8 38270
27391 15 0 9632
27392 15 0 9632
27393 15 0 9632
27394 15 0 9632
27395 15 0 9632
27396 15 0 9632
27397 15 0 9632
27398 4 0 28503
27399 4 6 38258
27400 4 6 18523
27401 2 18 38260
27402 2 18 22929
27403 2 19 39743
27404 2 19 28218
27405 2 7 38181
27406 4 6 38182
27407 2 4 38183
27408 4 4 44873
27409 4 2 43180
27410 4 1 43184
27411 4 1 43185
27412 2 10 43210
27413 4 0 31800
27414 4 3 44407
27415 4 2 45101
27416 4 0 39365
27417 4 2 43181
27418 4 1 43193
27419 12 0 1013
27420 4 4 43147
27421 12 0 992
27422 7 8 38896
27423 4 1 38794
27424 2 0 38797
27425 7 8 38899
27426 2 4 43204
27427 4 4 43205
27428 4 3 43164
27429 7 8 38893
27430 4 3 43206
27431 2 15 43207
27432 4 0 35431
27433 4 1 43186
27434 4 2 43209
27435 7 8 38901
27436 4 0 28830
27437 7 8 24713
27438 7 8 38897
27439 7 8 24629
27440 4 0 38809
27441 15 0 38898
27442 15 0 39145
27443 15 0 7842
27444 7 8 38902
27445 15 2 58861
27446 15 0 24053
27447 4 4 42865
27448 4 1 26431
27449 4 6 41645
27450 4 3 43008
27451 4 1 43084
27452 4 1 42996
27453 4 0 31664
27454 4 3 42910
27455 4 4 44408
27456 4 2 42953
27457 4 4 43639
27458 4 3 42927
27459 4 4 42832
27460 4 0 40034
27461 4 2 43015
27462 4 1 42896
27463 2 15 41881
27464 4 0 31899
27465 4 1 43073
27466 4 1 49090
27467 4 2 43017
27468 4 2 42452
27469 4 3 41144
27470 4 3 41145
27471 4 3 44009
27472 4 3 41148
27473 4 3 41149
27474 4 3 42581
27475 4 4 40830
27476 2 4 41769
27477 4 0 41655
27478 4 3 43045
27479 12 0 35178
27480 12 0 38195
27481 15 4 11449
27482 15 0 7913
27483 4 2 42965
27484 4 7 5563
27485 4 1 15163
27486 4 4 38197
27487 4 4 42839
27488 4 1 44409
27489 4 4 42851
27490 2 0 39964
27491 4 0 39128
27492 4 2 42966
27493 4 1 42903
27494 4 3 42885
27495 4 0 43085
27496 2 15 38198
27497 4 4 43035
27498 0 4 3331
27499 0 4 2616
27500 0 4 1093
27501 0 4 2616
27502 0 4 1093
27503 0 4 3331
27504 0 0 3331
27505 4 4 42867
27506 4 1 42997
27507 2 18 41423
27508 4 1 42371
27509 4 2 42410
27510 4 3 42568
27511 7 11 2618
27512 2 7 41418
27513 7 11 7913
27514 4 2 42945
27515 7 8 50502
27516 7 8 50501
27517 4 1 42975
27518 4 8 39645
27519 4 1 43086
27520 4 4 42829
27521 4 3 43009
27522 4 3 42908
27523 4 0 39126
27524 2 5 44954
27525 4 1 43087
27526 2 2 40908
27527 4 4 42831
27528 4 3 43052
27529 4 0 40039
27530 4 1 16704
27531 4 2 43064
27532 9 9 1246
27533 2 13 41452
27534 4 0 41654
27535 4 4 42355
27536 4 1 42576
27537 4 1 42446
27538 2 4 44612
27539 4 4 42853
27540 2 19 43088
27541 4 3 42887
27542 4 1 42999
27543 2 15 42825
27544 4 9 39639
27545 4 2 43018
27546 4 0 40035
27547 4 1 42987
27548 4 4 42862
27549 4 3 42931
27550 4 1 43089
27551 4 0 40036
27552 4 2 28249
27553 0 0 18114
27554 15 0 9632
27555 15 0 9632
27556 15 0 9632
27557 15 0 9632
27558 15 0 9632
27559 15 0 9632
27560 15 0 9632
27561 15 0 9632
27562 15 0 9632
27563 15 0 9632
27564 15 0 9632
27565 15 0 9632
27566 15 0 9632
27567 15 0 9632
27568 15 0 9632
27569 15 0 9632
27570 15 0 9632
27571 15 0 9632
27572 15 0 9632
27573 15 0 9632
27574 15 0 9632
27575 15 0 9632
27576 15 0 9632
27577 15 0 9632
27578 15 0 9632
27579 15 0 9632
27580 15 0 9632
27581 15 0 9632
27582 15 0 9632
27583 15 0 9632
27584 15 0 9632
27585 15 0 9632
27586 15 0 9632
27587 15 0 9632
27588 15 0 9632
27589 15 0 9632
27590 15 0 9632
27591 15 0 9632
27592 15 0 9632
27593 15 0 9632
27594 15 0 9632
27595 15 0 9632
27596 15 0 9632
27597 15 0 9632
27598 15 0 9632
27599 15 0 9632
27600 15 0 9632
27601 15 0 9632
27602 15 0 9632
27603 15 0 9632
27604 15 0 9632
27605 15 0 9632
27606 15 0 9632
27607 15 0 9632
27608 15 0 9632
27609 15 0 9632
27610 15 0 9632
27611 15 0 9632
27612 15 0 9632
27613 15 0 9632
27614 15 0 9632
27615 15 0 9632
27616 15 0 9632
27617 15 0 9632
27618 15 0 9632
27619 15 0 9632
27620 15 0 9632
27621 15 0 9632
27622 15 0 9632
27623 15 0 9632
27624 15 0 9632
27625 15 0 9632
27626 15 0 9632
27627 15 0 9632
27628 15 0 9632
27629 15 0 9632
27630 15 0 9632
27631 2 16 38370
27632 12 0 38249
27633 12 0 38250
27634 12 0 34961
27635 0 5 22194
27636 0 5 39721
27637 4 2 38261
27638 4 1 34244
27639 4 4 38286
27640 2 18 38263
27641 2 10 38264
27642 4 3 34241
27643 4 3 34241
27644 4 4 38286
27645 4 2 34244
27646 4 3 34241
27647 4 3 38278
27648 4 2 38280
27649 4 1 38276
27650 4 2 33041
27651 0 5 39718
27652 4 3 38279
27653 4 4 38285
27654 4 4 38285
27655 0 5 35831
27656 0 5 39717
27657 0 5 39719
27658 0 5 25481
27659 0 5 25468
27660 0 5 39720
27661 0 5 39114
27662 0 5 39116
27663 0 5 39115
27664 0 5 39118
27665 0 5 39119
27666 0 5 38273
27667 0 5 38272
27668 7 8 25466
27669 7 8 25472
27670 4 0 9657
27671 7 8 39723
27672 4 4 42833
27673 2 7 43090
27674 7 8 25475
27675 7 4 18707
27676 7 8 38282
27677 7 8 39726
27678 7 8 39725
27679 3 2 18707
27680 1 0 21202
27681 7 8 39724
27682 7 8 25466
27683 4 0 16209
27684 9 5 1301
27685 9 5 811
27686 9 5 811
27687 9 5 1102
27688 9 5 1301
27689 9 5 1301
27690 9 5 1301
27691 9 5 1301
27692 9 5 1301
27693 9 5 1301
27694 9 5 1301
27695 9 5 1301
27696 9 5 1301
27697 9 5 1301
27698 9 5 1301
27699 9 5 1301
27700 9 5 1301
27701 2 4 38288
27702 4 4 41133
27703 4 4 41134
27704 4 4 41135
27705 4 4 41136
27706 4 4 41137
27707 4 1 41154
27708 4 1 41794
27709 4 1 41155
27710 4 1 42171
27711 4 1 41157
27712 4 2 31620
27713 4 3 43044
27714 4 0 43091
27715 4 4 42217
27716 4 4 19730
27717 4 3 687
27718 4 4 24506
27719 4 2 17137
27720 4 1 19141
27721 4 4 34708
27722 4 3 27791
27723 4 2 29954
27724 4 2 27569
27725 4 4 44422
27726 4 3 27057
27727 4 2 18367
27728 4 1 13051
27729 15 0 4262
27730 4 1 28303
27731 4 1 23118
27732 4 1 24928
27733 4 0 31905
27734 4 0 963
27735 4 0 6497
27736 9 5 1134
27737 4 2 42454
27738 4 1 42372
27739 4 4 42351
27740 4 0 28733
27741 2 4 41771
27742 4 1 43026
27743 4 3 42911
27744 4 8 39640
27745 4 3 42886
27746 4 1 43025
27747 2 13 42408
27748 4 4 42859
27749 2 10 20293
27750 2 5 28629
27751 2 6 25630
27752 2 8 20072
27753 2 15 40214
27754 2 7 26572
27755 4 4 42868
27756 2 0 16126
27757 2 10 40358
27758 4 0 39210
27759 4 3 44410
27760 4 2 43065
27761 4 0 33808
27762 4 0 33534
27763 4 2 44411
27764 4 1 42985
27765 4 2 42948
27766 4 0 40038
27767 2 0 41772
27768 4 1 42977
27769 2 8 41773
27770 4 0 43092
27771 4 4 43034
27772 4 6 42409
27773 4 3 43010
27774 7 4 7122
27775 4 1 42577
27776 4 2 42414
27777 3 0 10449
27778 4 1 42447
27779 4 0 32087
27780 4 0 24646
27781 4 1 45147
27782 7 4 7122
27783 4 2 42967
27784 4 0 39121
27785 3 4 35917
27786 3 4 35842
27787 4 2 42946
27788 4 4 42841
27789 4 1 43093
27790 4 4 42860
27791 2 10 40836
27792 4 0 40040
27793 4 3 42912
27794 2 3 41431
27795 4 1 42897
27796 4 1 42443
27797 4 2 43066
27798 4 4 42869
27799 4 1 42898
27800 4 2 42955
27801 4 3 42583
27802 4 3 42573
27803 4 4 42360
27804 4 1 43094
27805 4 0 43407
27806 4 3 42932
27807 12 0 38368
27808 13 0 38369
27809 3 4 35842
27810 7 4 35843
27811 7 4 7122
27812 3 0 10449
27813 4 4 42835
27814 2 15 41884
27815 4 9 40043
27816 4 1 43027
27817 2 2 39230
27818 4 2 42969
27819 15 5 17494
27820 3 4 35917
27821 4 1 42902
27822 4 0 40044
27823 4 3 42891
27824 4 1 42978
27825 4 2 43020
27826 4 3 42933
27827 4 2 42956
27828 4 0 40045
27829 2 1 41776
27830 4 0 31655
27831 4 2 42949
27832 4 0 31655
27833 4 0 31655
27834 4 0 31655
27835 4 3 42936
27836 2 4 38387
27837 4 2 43067
27838 4 1 42369
27839 4 4 42354
27840 2 5 41777
27841 12 0 38389
27842 2 10 40359
27843 4 1 43078
27844 4 4 42872
27845 4 3 42915
27846 2 13 42172
27847 4 4 42836
27848 4 1 43024
27849 2 0 782
27850 2 0 38411
27851 4 6 38412
27852 2 5 38413
27853 15 5 17494
27854 0 5 20803
27855 0 5 40696
27856 0 5 40697
27857 0 5 40695
27858 0 5 40834
27859 0 5 40850
27860 0 5 40852
27861 12 0 38433
27862 2 5 37525
27863 7 4 35718
27864 7 4 35718
27865 4 3 43012
27866 4 1 44412
27867 4 2 42950
27868 2 15 42561
27869 4 0 31664
27870 4 4 43037
27871 4 0 40047
27872 2 0 39965
27873 4 2 42453
27874 4 3 42582
27875 4 1 42578
27876 2 4 41778
27877 2 10 40371
27878 4 1 43096
27879 4 4 41133
27880 4 4 41134
27881 4 4 41135
27882 4 4 41136
27883 4 4 41137
27884 4 4 42870
27885 2 19 41671
27886 4 8 40048
27887 4 6 43238
27888 4 3 42889
27889 4 1 42985
27890 2 19 43449
27891 4 0 40049
27892 4 1 29827
27893 4 4 42871
27894 15 0 18095
27895 4 0 35313
27896 4 0 40050
27897 4 4 42863
27898 2 3 41432
27899 2 7 41787
27900 4 0 40051
27901 2 4 41780
27902 4 1 42982
27903 2 6 40367
27904 4 0 39125
27905 2 7 41781
27906 4 4 42845
27907 4 1 43076
27908 4 2 42413
27909 4 3 42572
27910 4 6 42285
27911 4 2 43021
27912 4 3 42944
27913 2 15 43097
27914 4 2 42972
27915 4 3 42894
27916 2 16 38370
27917 4 7 34961
27918 4 4 42847
27919 4 1 43003
27920 4 0 38571
27921 4 0 38572
27922 4 0 31603
27923 2 10 24503
27924 4 0 31603
27925 4 0 24022
27926 4 0 38556
27927 4 0 38556
27928 2 16 38679
27929 2 16 38679
27930 2 2 28827
27931 2 2 28827
27932 15 0 6360
27933 15 0 959
27934 15 0 6360
27935 15 0 959
27936 4 3 43055
27937 2 4 39833
27938 4 2 44904
27939 2 19 44558
27940 4 0 32008
27941 4 0 4841
27942 2 19 44558
27943 12 0 37388
27944 4 0 31889
27945 4 0 9860
27946 4 1 43099
27947 4 9 25246
27948 4 1 42448
27949 4 7 34961
27950 4 4 16704
27951 4 4 16703
27952 4 4 16700
27953 4 4 16702
27954 4 4 18422
27955 4 4 16701
27956 4 4 16706
27957 4 4 9894
27958 4 0 4841
27959 4 0 9834
27960 4 1 16707
27961 2 8 33299
27962 2 8 33299
27963 4 4 16704
27964 4 4 16703
27965 4 4 16700
27966 4 4 16702
27967 4 4 18422
27968 4 4 16701
27969 4 4 16706
27970 4 4 9894
27971 4 0 4841
27972 4 0 9834
27973 4 1 16707
27974 2 8 33299
27975 2 8 33299
27976 4 0 6510
27977 4 4 42363
27978 4 0 9858
27979 4 0 31603
27980 2 4 41871
27981 4 1 31351
27982 4 0 6484
27983 4 7 34961
27984 4 9 25246
27985 4 4 43042
27986 2 1 39958
27987 2 2 41791
27988 4 1 43100
27989 4 8 34955
27990 4 8 34955
27991 13 0 8042
27992 4 0 32073
27993 4 3 44874
27994 4 1 42900
27995 4 2 43019
27996 4 0 39128
27997 4 4 16704
27998 4 4 16703
27999 4 4 16700
28000 4 4 16702
28001 4 4 18422
28002 4 4 16701
28003 4 4 16706
28004 4 4 9894
28005 4 0 4841
28006 4 0 9834
28007 4 1 16707
28008 2 8 33299
28009 2 8 33299
28010 4 4 16704
28011 4 4 16703
28012 4 4 16700
28013 4 4 16702
28014 4 4 18422
28015 4 4 16701
28016 4 4 16706
28017 4 4 9894
28018 4 0 4841
28019 4 0 9834
28020 4 1 16707
28021 2 8 33299
28022 2 8 33299
28023 2 16 38576
28024 12 0 30953
28025 15 0 17785
28026 4 1 44599
28027 4 0 39689
28028 4 2 28247
28029 4 1 19915
28030 4 1 39271
28031 4 1 39277
28032 4 1 39279
28033 2 10 40838
28034 4 0 43101
28035 15 0 25484
28036 0 0 6399
28037 2 7 38642
28038 0 0 38659
28039 12 0 25483
28040 4 0 38671
28041 4 0 38671
28042 4 0 38671
28043 4 0 36755
28044 4 0 38674
28045 4 1 23031
28046 12 0 25271
28047 12 0 22071
28048 12 0 25483
28049 12 0 38673
28050 4 2 8660
28051 4 2 27739
28052 4 1 27866
28053 6 2 40199
28054 4 4 26871
28055 4 4 38359
28056 6 2 40200
28057 4 3 25742
28058 15 0 959
28059 15 0 9292
28060 6 3 40525
28061 6 3 40524
28062 2 18 40715
28063 2 19 28747
28064 4 8 39635
28065 4 7 34961
28066 4 9 34957
28067 2 10 36698
28068 9 0 1246
28069 4 4 38711
28070 4 3 30862
28071 9 0 1246
28072 9 0 1246
28073 9 0 1246
28074 4 2 19912
28075 4 1 33841
28076 15 0 9632
28077 15 0 9632
28078 15 0 9632
28079 15 0 9632
28080 15 0 9632
28081 15 0 9632
28082 15 0 9632
28083 15 0 9632
28084 15 0 9632
28085 15 0 9632
28086 15 0 9632
28087 2 7 36376
28088 15 0 9632
28089 15 0 9632
28090 15 0 9632
28091 15 0 9632
28092 15 0 9632
28093 15 0 9632
28094 15 0 9632
28095 15 0 9632
28096 15 0 9632
28097 15 0 9632
28098 15 0 9632
28099 12 0 6270
28100 0 1 24212
28101 0 1 23731
28102 0 2 34431
28103 0 2 38722
28104 0 2 38720
28105 12 0 30953
28106 15 0 41644
28107 12 0 25271
28108 4 0 15853
28109 4 0 15853
28110 0 0 38659
28111 4 0 38766
28112 0 5 21975
28113 15 0 1102
28114 15 0 1102
28115 2 8 34112
28116 12 0 36687
28117 7 4 4777
28118 3 0 6006
28119 3 2 18707
28120 3 2 20978
28121 4 0 40037
28122 7 4 7221
28123 3 5 7339
28124 4 2 42947
28125 2 8 38930
28126 4 2 41443
28127 4 2 47172
28128 4 2 41445
28129 4 2 41758
28130 4 2 41446
28131 0 0 38994
28132 0 0 39014
28133 2 7 43826
28134 4 0 43423
28135 15 0 8928
28136 4 2 41443
28137 4 2 47172
28138 4 2 41445
28139 4 2 41758
28140 4 2 41446
28141 4 1 16554
28142 4 2 17113
28143 4 3 6864
28144 4 1 20476
28145 4 2 17051
28146 4 1 16918
28147 4 2 28045
28148 4 3 22685
28149 4 2 7560
28150 4 1 15248
28151 2 19 28159
28152 2 2 20550
28153 4 6 18659
28154 4 1 14458
28155 4 1 4511
28156 4 1 28056
28157 4 2 16868
28158 4 2 28012
28159 4 2 28046
28160 4 3 11563
28161 4 3 4339
28162 4 3 6864
28163 4 3 6905
28164 2 8 20087
28165 2 3 39107
28166 4 6 20900
28167 4 4 28824
28168 4 0 39210
28169 4 1 41972
28170 4 3 24793
28171 4 2 31620
28172 4 2 31639
28173 4 3 39666
28174 4 1 4607
28175 4 4 32167
28176 4 4 38702
28177 4 3 32755
28178 4 2 11571
28179 4 1 31140
28180 4 4 32900
28181 4 3 42213
28182 4 2 33901
28183 4 1 34690
28184 2 7 41782
28185 4 1 42980
28186 4 3 43011
28187 4 0 43102
28188 2 10 37290
28189 2 7 41417
28190 4 0 43103
28191 4 1 43075
28192 4 3 43057
28193 4 1 43759
28194 4 3 42939
28195 2 10 39146
28196 2 10 39147
28197 2 10 39148
28198 2 10 39149
28199 2 10 39150
28200 2 10 39151
28201 2 4 39154
28202 4 2 42456
28203 4 4 42352
28204 4 2 42411
28205 4 4 42359
28206 4 2 44609
28207 4 4 42846
28208 2 10 39159
28209 12 0 1399
28210 2 4 42212
28211 4 0 43104
28212 4 1 43028
28213 4 0 42566
28214 4 2 42971
28215 4 3 43013
28216 2 4 41783
28217 4 0 43105
28218 4 1 43002
28219 4 3 42892
28220 4 2 64903
28221 4 4 42864
28222 2 1 41784
28223 4 0 43108
28224 4 2 47897
28225 4 4 43040
28226 2 15 42560
28227 4 0 39124
28228 4 3 42579
28229 4 1 42367
28230 4 1 42574
28231 4 3 42567
28232 4 1 42449
28233 4 0 31889
28234 4 0 37840
28235 4 0 37840
28236 4 0 37840
28237 4 0 37840
28238 4 0 37840
28239 4 0 37841
28240 4 0 37841
28241 4 0 37841
28242 4 0 37841
28243 4 0 37841
28244 4 0 39162
28245 4 0 39162
28246 4 0 39129
28247 4 0 39129
28248 4 9 43109
28249 4 1 43110
28250 4 1 43004
28251 4 2 42961
28252 4 1 43029
28253 2 6 41554
28254 4 0 35437
28255 4 2 42974
28256 4 1 26431
28257 2 4 41785
28258 2 16 43111
28259 4 0 39121
28260 4 0 42564
28261 15 0 17785
28262 4 4 42838
28263 2 0 41786
28264 4 2 43069
28265 4 0 41448
28266 4 3 42919
28267 2 7 40855
28268 4 2 42963
28269 4 1 41396
28270 9 8 7798
28271 9 8 7798
28272 9 8 7798
28273 9 8 7798
28274 9 8 7798
28275 4 3 48247
28276 9 8 7798
28277 9 8 7798
28278 4 1 42370
28279 9 8 7798
28280 9 8 7798
28281 9 8 7798
28282 9 8 7798
28283 12 0 16265
28284 0 5 18079
28285 4 4 42353
28286 2 3 41433
28287 12 0 2515
28288 4 0 41449
28289 15 0 39189
28290 3 2 35848
28291 9 10 15274
28292 12 0 39227
28293 2 8 42069
28294 2 18 42385
28295 2 7 42379
28296 4 7 39650
28297 2 15 67267
28298 2 1 41560
28299 2 5 41558
28300 2 6 41562
28301 4 1 35430
28302 2 4 39278
28303 4 0 28682
28304 4 1 43005
28305 2 4 39278
28306 4 3 43014
28307 2 7 42379
28308 2 0 41559
28309 2 0 41559
28310 2 15 42380
28311 2 7 40856
28312 2 15 42380
28313 2 13 42759
28314 2 13 42760
28315 2 13 42173
28316 4 6 43239
28317 4 1 42984
28318 4 4 43043
28319 2 16 38679
28320 2 19 46606
28321 4 0 33808
28322 2 15 43112
28323 4 0 24022
28324 4 4 42849
28325 2 10 40355
28326 15 2 39330
28327 4 0 39121
28328 4 1 43113
28329 4 3 32103
28330 4 3 32100
28331 4 3 42882
28332 4 3 40626
28333 4 3 40628
28334 4 3 40623
28335 4 3 40624
28336 12 0 1103
28337 4 4 42873
28338 4 1 42904
28339 4 2 43071
28340 4 2 42964
28341 2 10 41788
28342 4 1 30868
28343 4 0 31899
28344 4 3 42895
28345 2 15 43917
28346 4 0 39505
28347 4 2 43114
28348 4 2 44610
28349 4 3 42571
28350 4 4 42362
28351 12 0 39343
28352 12 0 39344
28353 12 0 31176
28354 2 1 39351
28355 4 8 34953
28356 4 7 34960
28357 4 9 25246
28358 4 6 42376
28359 12 0 9155
28360 3 0 7122
28361 3 0 7122
28362 3 0 4777
28363 3 5 7221
28364 12 0 35916
28365 2 6 39393
28366 4 0 33529
28367 2 8 41789
28368 12 0 39432
28369 12 0 39944
28370 4 0 40413
28371 4 1 43115
28372 4 8 43117
28373 4 1 23119
28374 4 1 42983
28375 4 4 42848
28376 12 0 1102
28377 4 1 27088
28378 4 1 27088
28379 4 1 27088
28380 4 1 27088
28381 4 4 30369
28382 4 4 27273
28383 4 4 39546
28384 4 3 43059
28385 4 4 39544
28386 2 19 44799
28387 4 0 21962
28388 7 4 4777
28389 7 4 18707
28390 4 4 42837
28391 4 3 42918
28392 2 13 42174
28393 2 5 39847
28394 4 0 35423
28395 13 0 8042
28396 4 2 42952
28397 2 18 41424
28398 4 2 42962
28399 0 5 40853
28400 2 7 41790
28401 4 3 43054
28402 4 1 41164
28403 4 4 43039
28404 4 1 41475
28405 4 1 41255
28406 4 1 43082
28407 4 0 43120
28408 2 16 20772
28409 4 1 40090
28410 4 1 47914
28411 4 1 41265
28412 4 0 43118
28413 4 1 42764
28414 4 2 42722
28415 4 1 44903
28416 2 15 43246
28417 12 0 7987
28418 4 0 43122
28419 4 0 35437
28420 0 8 39548
28421 0 8 39549
28422 4 2 41480
28423 4 2 41476
28424 4 2 30801
28425 2 7 41118
28426 2 7 41390
28427 2 7 41389
28428 2 8 39570
28429 2 8 39572
28430 2 8 39571
28431 2 0 41628
28432 2 0 41629
28433 2 0 41630
28434 2 1 39576
28435 2 1 39577
28436 2 1 39578
28437 2 4 39579
28438 2 4 45769
28439 2 4 39581
28440 2 5 39582
28441 2 5 39583
28442 2 5 39584
28443 4 2 41474
28444 4 2 41478
28445 4 2 41253
28446 4 2 41474
28447 4 2 41482
28448 4 2 41253
28449 4 3 40631
28450 4 3 40630
28451 4 3 41250
28452 12 0 34364
28453 4 2 40492
28454 4 3 40494
28455 12 0 39227
28456 2 10 40438
28457 12 0 23475
28458 3 0 20977
28459 3 0 20977
28460 3 0 20977
28461 3 0 20977
28462 3 0 20977
28463 3 1 6673
28464 3 1 6673
28465 3 1 6673
28466 3 2 35016
28467 3 2 35016
28468 3 2 35016
28469 3 2 35016
28470 3 2 35016
28471 12 0 8093
28472 12 0 3331
28473 12 0 2616
28474 12 0 39631
28475 12 0 40586
28476 2 5 41558
28477 4 1 40489
28478 15 0 41644
28479 12 0 38758
28480 4 4 35044
28481 15 5 39653
28482 15 5 39654
28483 4 4 39661
28484 4 4 39660
28485 4 4 39659
28486 0 5 21203
28487 2 4 39673
28488 2 8 39678
28489 2 4 39679
28490 12 0 39456
28491 4 1 39368
28492 4 2 39694
28493 4 3 39706
28494 4 4 39709
28495 4 1 39700
28496 4 2 39701
28497 4 3 39705
28498 4 4 39708
28499 15 0 2588
28500 12 0 39707
28501 0 5 39716
28502 4 4 40496
28503 4 3 40495
28504 2 18 41421
28505 4 4 45870
28506 4 2 43427
28507 4 1 43428
28508 4 1 43429
28509 4 0 34034
28510 4 0 24646
28511 4 1 40490
28512 4 4 40497
28513 0 0 33970
28514 4 2 42248
28515 4 1 40491
28516 4 0 34274
28517 4 1 42327
28518 4 4 45860
28519 4 3 45878
28520 4 3 45877
28521 4 2 43441
28522 2 4 45798
28523 4 9 43430
28524 2 15 37063
28525 4 0 41657
28526 12 0 20977
28527 12 0 6371
28528 4 0 43431
28529 4 1 34337
28530 4 0 34303
28531 2 16 39991
28532 2 16 39992
28533 2 16 41459
28534 2 16 39995
28535 2 16 39996
28536 2 16 39997
28537 2 16 39998
28538 2 16 39999
28539 2 16 44586
28540 2 16 40001
28541 2 16 40002
28542 2 16 40003
28543 2 16 40004
28544 2 16 40005
28545 4 2 43442
28546 4 0 39824
28547 12 0 31199
28548 12 0 39827
28549 12 0 7636
28550 12 0 35178
28551 12 0 8931
28552 12 0 1317
28553 4 0 39129
28554 0 0 39848
28555 4 0 39129
28556 3 6 39205
28557 3 6 39205
28558 12 0 39857
28559 4 4 27338
28560 4 4 27338
28561 4 2 37894
28562 12 0 24188
28563 12 0 39859
28564 12 0 41533
28565 4 1 40507
28566 4 4 40515
28567 4 3 40513
28568 4 8 43434
28569 4 4 42332
28570 4 1 34239
28571 0 0 2571
28572 2 15 42286
28573 2 8 39957
28574 4 2 37894
28575 4 2 37894
28576 4 3 32133
28577 4 3 32133
28578 4 1 43448
28579 4 0 39888
28580 0 0 2616
28581 2 3 41430
28582 4 1 38976
28583 4 3 31117
28584 2 13 30595
28585 4 1 39899
28586 4 1 45369
28587 2 1 39421
28588 2 19 43491
28589 4 3 45856
28590 4 0 43456
28591 4 2 43451
28592 4 7 34959
28593 4 4 45858
28594 4 1 43453
28595 3 0 35930
28596 9 10 1102
28597 4 4 45864
28598 12 0 9129
28599 4 3 45881
28600 4 2 43462
28601 4 2 43463
28602 4 1 43469
28603 4 0 42562
28604 2 10 40899
28605 4 3 41259
28606 4 6 40865
28607 0 0 39940
28608 4 4 45861
28609 4 0 31899
28610 4 3 45876
28611 4 6 42406
28612 4 1 45873
28613 4 3 41196
28614 4 3 41198
28615 4 3 41200
28616 4 3 41201
28617 4 3 41202
28618 4 2 43573
28619 4 2 41796
28620 4 2 41210
28621 4 4 45867
28622 4 2 41211
28623 4 2 41212
28624 4 1 41203
28625 4 1 42194
28626 4 1 41205
28627 4 1 41206
28628 4 1 41207
28629 4 3 41477
28630 4 3 41481
28631 4 3 45882
28632 9 4 1102
28633 2 10 40370
28634 12 0 35133
28635 0 0 39946
28636 0 0 30891
28637 0 0 4776
28638 4 3 41259
28639 4 3 41477
28640 4 3 41481
28641 4 4 41165
28642 4 4 41167
28643 4 4 41257
28644 4 4 41165
28645 4 4 41167
28646 4 4 41262
28647 4 2 43476
28648 2 14 23175
28649 4 0 33728
28650 2 6 39287
28651 12 0 24188
28652 4 1 40509
28653 4 1 41396
28654 4 1 40508
28655 4 2 40512
28656 4 3 40514
28657 2 4 44823
28658 2 10 40369
28659 2 16 45739
28660 4 1 24160
28661 4 0 31655
28662 4 4 45868
28663 4 1 40500
28664 15 0 7630
28665 12 0 1504
28666 4 4 45865
28667 12 0 39962
28668 12 0 22193
28669 4 2 59593
28670 4 1 41484
28671 4 3 43842
28672 4 1 43488
28673 2 19 43916
28674 4 0 39210
28675 4 0 26001
28676 12 0 3320
28677 15 0 1246
28678 2 15 39974
28679 4 4 38292
28680 4 4 30321
28681 4 4 38294
28682 4 4 38295
28683 4 4 38296
28684 4 2 41213
28685 4 2 41797
28686 4 2 41215
28687 4 2 41216
28688 4 2 41217
28689 4 3 32103
28690 4 3 32100
28691 4 3 32133
28692 4 3 32127
28693 4 3 32128
28694 4 3 32103
28695 4 3 32100
28696 4 3 32133
28697 4 3 32127
28698 4 3 32128
28699 4 4 41183
28700 4 4 26753
28701 4 4 41184
28702 4 4 41185
28703 4 4 41186
28704 4 1 41218
28705 4 1 42195
28706 4 1 41220
28707 4 1 41221
28708 4 1 41222
28709 4 4 38292
28710 4 4 30321
28711 4 4 38294
28712 4 4 38295
28713 4 4 38296
28714 4 1 41187
28715 4 1 42196
28716 4 1 41189
28717 4 1 41190
28718 4 1 41191
28719 4 2 43573
28720 4 2 41796
28721 4 2 41210
28722 4 2 41211
28723 4 2 41212
28724 4 4 38295
28725 12 0 39984
28726 4 1 45872
28727 4 0 35400
28728 4 0 41454
28729 2 7 41414
28730 4 0 28733
28731 4 0 39212
28732 4 2 44608
28733 4 4 40516
28734 4 0 41453
28735 4 3 45875
28736 2 4 34109
28737 4 6 29702
28738 2 10 31347
28739 2 10 31346
28740 4 3 45880
28741 4 2 43499
28742 4 1 43500
28743 4 4 45863
28744 4 1 45874
28745 4 0 15420
28746 4 3 42331
28747 4 4 42329
28748 4 4 45862
28749 2 7 41416
28750 4 2 40511
28751 4 3 45879
28752 4 2 47479
28753 4 0 9846
28754 4 6 40867
28755 4 2 43511
28756 4 1 45871
28757 4 0 33864
28758 4 3 32133
28759 4 1 37311
28760 4 1 37311
28761 4 4 27338
28762 4 0 35358
28763 4 0 9847
28764 4 1 33096
28765 4 1 43292
28766 4 1 38976
28767 2 0 40066
28768 2 15 40937
28769 12 0 40053
28770 2 15 43098
28771 2 4 40923
28772 2 2 40859
28773 2 1 40922
28774 2 6 40366
28775 4 4 44840
28776 4 2 43523
28777 4 1 43525
28778 4 3 43524
28779 4 4 43522
28780 4 1 43527
28781 4 0 40783
28782 2 10 41555
28783 2 19 43915
28784 0 0 23520
28785 4 0 35445
28786 12 0 36693
28787 12 0 31200
28788 4 0 35396
28789 4 0 43528
28790 4 0 44357
28791 4 0 44841
28792 4 0 39126
28793 4 0 39127
28794 2 1 45804
28795 4 4 43529
28796 4 2 44608
28797 4 1 29719
28798 4 0 40076
28799 4 1 42649
28800 2 5 43531
28801 4 3 44884
28802 2 7 43036
28803 4 2 44896
28804 4 1 44566
28805 4 3 32103
28806 4 3 32100
28807 4 3 32133
28808 4 3 32127
28809 4 3 32128
28810 4 3 42334
28811 4 2 43571
28812 4 2 39032
28813 4 2 39033
28814 4 2 39034
28815 4 2 39035
28816 4 0 31664
28817 4 1 37308
28818 4 1 37311
28819 4 1 41223
28820 4 1 37312
28821 4 1 37313
28822 4 0 43535
28823 4 0 31839
28824 4 4 43435
28825 4 6 40862
28826 2 16 43543
28827 4 3 43436
28828 4 2 43542
28829 12 0 6563
28830 4 0 1503
28831 4 4 41247
28832 4 4 41248
28833 4 4 42199
28834 4 4 41249
28835 4 4 41228
28836 4 2 37893
28837 4 2 37894
28838 4 2 37895
28839 4 2 37898
28840 4 2 37897
28841 4 3 32103
28842 4 3 32100
28843 4 3 32133
28844 4 3 32127
28845 4 3 32128
28846 4 3 32103
28847 4 3 32100
28848 4 3 32133
28849 4 3 32127
28850 4 3 32128
28851 4 4 37299
28852 4 4 37303
28853 4 4 37300
28854 4 4 37301
28855 4 4 37302
28856 4 1 37308
28857 4 1 37311
28858 4 1 37310
28859 4 1 37312
28860 4 1 37313
28861 4 4 41229
28862 4 4 41230
28863 4 4 41933
28864 4 4 41231
28865 4 4 41232
28866 4 1 33089
28867 4 1 32999
28868 4 1 32997
28869 4 1 33085
28870 4 1 41182
28871 4 2 43571
28872 4 2 39032
28873 4 2 39033
28874 4 2 39034
28875 4 2 39035
28876 12 0 30690
28877 12 0 6270
28878 12 0 40108
28879 12 0 6270
28880 12 0 6270
28881 12 0 40107
28882 12 0 40110
28883 12 0 30690
28884 12 0 30690
28885 12 0 40111
28886 12 0 40107
28887 12 0 40109
28888 12 0 40112
28889 12 0 40082
28890 12 0 6270
28891 12 0 15274
28892 12 0 15274
28893 12 0 40088
28894 12 0 15274
28895 12 0 6270
28896 12 0 6270
28897 12 0 6270
28898 12 0 6270
28899 12 0 15274
28900 12 0 15274
28901 12 0 15274
28902 12 0 15274
28903 12 0 40393
28904 12 0 40105
28905 2 13 40874
28906 2 13 40875
28907 12 0 40098
28908 12 0 40099
28909 12 0 40394
28910 12 0 40103
28911 12 0 40104
28912 12 0 40106
28913 12 0 16028
28914 2 6 23283
28915 15 5 40261
28916 2 8 41066
28917 2 5 42068
28918 2 1 39261
28919 2 5 40981
28920 2 0 42070
28921 2 0 42070
28922 2 13 42072
28923 2 6 42073
28924 2 4 42067
28925 2 4 42067
28926 2 7 42074
28927 15 5 40116
28928 2 13 42075
28929 2 15 42076
28930 2 15 42076
28931 2 15 42077
28932 2 16 38679
28933 2 18 42071
28934 12 0 16028
28935 2 10 42078
28936 15 5 40117
28937 2 7 42074
28938 4 0 42079
28939 4 6 31746
28940 4 6 40976
28941 4 0 42092
28942 2 5 42081
28943 2 8 31996
28944 2 0 42082
28945 2 1 42083
28946 2 0 40960
28947 2 13 42085
28948 2 5 40958
28949 2 6 42086
28950 2 4 42080
28951 2 4 42080
28952 2 7 42087
28953 2 13 42088
28954 2 15 42090
28955 2 15 42090
28956 2 7 42087
28957 2 15 31379
28958 2 16 38679
28959 2 10 42091
28960 2 18 42084
28961 4 6 31746
28962 12 0 40122
28963 4 1 40480
28964 4 1 40482
28965 2 6 40127
28966 4 1 40481
28967 4 1 40684
28968 4 1 40479
28969 12 0 40162
28970 12 0 40163
28971 12 0 18050
28972 2 16 23723
28973 4 3 41266
28974 4 3 40630
28975 4 3 40631
28976 4 2 41474
28977 4 2 41482
28978 4 2 41270
28979 2 16 40187
28980 4 1 41475
28981 4 1 41272
28982 4 1 41484
28983 4 4 41165
28984 4 4 41275
28985 4 4 41167
28986 4 2 41476
28987 4 2 41480
28988 4 2 30804
28989 4 3 41259
28990 4 3 41477
28991 4 3 41481
28992 4 3 41259
28993 4 3 41477
28994 4 3 41481
28995 4 4 39544
28996 4 4 41285
28997 4 4 39546
28998 4 4 41165
28999 4 4 41275
29000 4 4 41167
29001 4 1 40090
29002 4 1 41288
29003 4 1 41483
29004 4 2 41474
29005 4 2 41482
29006 4 2 41270
29007 2 16 40190
29008 2 16 40191
29009 2 16 40192
29010 2 16 40193
29011 4 4 47568
29012 4 4 40484
29013 2 16 40194
29014 2 16 40195
29015 4 4 40487
29016 4 4 40488
29017 4 4 40485
29018 12 0 40122
29019 4 4 40484
29020 4 4 40485
29021 4 4 47568
29022 4 4 40487
29023 4 4 40488
29024 10 0 41192
29025 12 0 40122
29026 12 0 36597
29027 12 0 8622
29028 4 3 44008
29029 4 3 40445
29030 4 3 40447
29031 4 3 40641
29032 4 3 41381
29033 4 3 40445
29034 4 3 41381
29035 4 3 44008
29036 4 3 40447
29037 4 3 40641
29038 4 3 40445
29039 4 3 41381
29040 4 3 44008
29041 12 0 36597
29042 4 3 40447
29043 4 3 40641
29044 4 2 45810
29045 4 2 45812
29046 4 2 45814
29047 4 2 45811
29048 4 2 45813
29049 4 1 45819
29050 4 1 40455
29051 12 0 40858
29052 12 0 40248
29053 4 1 42288
29054 4 1 40459
29055 4 1 40456
29056 4 1 40455
29057 4 1 42287
29058 4 1 45819
29059 4 1 42288
29060 4 1 40459
29061 4 4 40646
29062 4 4 40474
29063 4 4 40478
29064 4 4 40651
29065 4 4 40473
29066 4 4 40474
29067 4 4 40473
29068 4 4 40646
29069 4 4 40478
29070 4 4 40651
29071 4 4 40474
29072 4 4 40473
29073 4 4 40646
29074 4 4 40478
29075 4 4 40651
29076 4 1 41063
29077 4 1 40468
29078 4 1 41384
29079 4 1 40645
29080 4 1 41385
29081 4 3 40451
29082 4 3 40448
29083 4 3 40454
29084 4 3 40453
29085 4 3 40831
29086 4 2 46214
29087 4 2 40460
29088 4 2 40833
29089 4 2 40642
29090 4 2 41383
29091 4 2 40460
29092 4 2 41383
29093 4 2 46214
29094 4 2 40833
29095 4 2 40642
29096 4 2 40460
29097 4 2 41383
29098 4 2 46214
29099 4 2 40833
29100 4 2 40642
29101 12 0 6338
29102 15 5 40261
29103 15 5 40261
29104 15 5 40261
29105 15 5 40261
29106 12 0 36597
29107 2 10 40276
29108 2 7 13078
29109 2 10 28236
29110 15 0 40292
29111 15 0 40293
29112 0 5 18080
29113 12 0 9731
29114 2 10 40311
29115 2 3 41948
29116 4 2 6786
29117 4 1 40315
29118 11 3 1282
29119 4 0 35358
29120 9 2 1102
29121 2 15 42061
29122 4 1 38932
29123 4 0 6494
29124 2 7 42065
29125 2 15 42060
29126 4 0 35438
29127 4 4 44551
29128 4 0 35423
29129 4 1 40870
29130 2 10 40322
29131 4 2 40323
29132 4 0 7122
29133 2 10 35363
29134 4 4 44413
29135 4 3 40327
29136 4 3 40329
29137 2 1 42056
29138 2 5 40904
29139 4 1 40918
29140 4 1 40917
29141 4 2 40335
29142 4 2 41949
29143 11 2 40337
29144 11 2 40338
29145 4 0 9840
29146 4 0 31616
29147 4 2 28179
29148 4 2 40915
29149 2 19 40876
29150 2 15 40920
29151 2 3 41915
29152 2 2 30926
29153 2 7 42542
29154 12 0 40346
29155 2 7 42544
29156 2 7 41929
29157 4 0 38541
29158 4 0 28830
29159 4 0 31616
29160 4 0 23608
29161 12 0 36540
29162 0 0 36540
29163 12 0 40378
29164 12 0 40379
29165 2 0 40914
29166 2 6 42057
29167 2 6 42064
29168 4 0 23728
29169 4 0 31905
29170 4 0 41914
29171 2 5 41913
29172 4 0 35472
29173 4 0 15420
29174 4 1 42481
29175 2 4 42289
29176 4 6 40901
29177 4 0 35423
29178 4 0 35423
29179 4 0 40386
29180 4 3 40387
29181 4 0 36597
29182 2 15 40947
29183 4 1 40390
29184 4 4 40391
29185 2 7 40392
29186 12 0 40396
29187 12 0 40395
29188 12 0 40397
29189 12 0 40398
29190 12 0 40398
29191 12 0 40399
29192 12 0 40400
29193 12 0 40402
29194 12 0 39639
29195 12 0 40403
29196 12 0 40404
29197 12 0 40404
29198 12 0 40405
29199 12 0 40406
29200 2 3 20729
29201 2 16 40409
29202 2 16 40410
29203 2 16 40411
29204 2 16 40412
29205 12 0 40413
29206 12 0 40414
29207 12 0 40878
29208 15 0 9632
29209 12 0 35300
29210 2 16 26358
29211 2 16 23723
29212 2 16 32693
29213 9 1 6270
29214 9 1 6270
29215 9 1 6270
29216 12 0 36597
29217 9 1 6270
29218 9 1 6270
29219 9 1 6270
29220 15 5 44581
29221 15 5 44580
29222 15 5 44582
29223 15 5 44583
29224 15 5 44584
29225 15 5 44585
29226 12 0 8622
29227 15 5 40261
29228 15 5 40261
29229 15 5 40261
29230 15 5 40261
29231 15 5 40261
29232 9 6 1102
29233 12 0 39343
29234 12 0 1103
29235 12 0 39344
29236 12 0 31176
29237 4 4 42366
29238 4 4 42606
29239 4 4 42607
29240 4 1 42591
29241 4 1 42590
29242 4 1 42592
29243 4 3 42595
29244 4 3 42593
29245 4 3 42594
29246 4 2 46559
29247 4 2 46574
29248 4 2 67447
29249 4 1 42589
29250 4 1 42587
29251 4 1 42588
29252 4 4 42605
29253 4 4 42603
29254 4 4 42604
29255 4 1 42602
29256 4 1 35519
29257 4 1 42600
29258 4 1 42601
29259 4 3 42586
29260 12 0 22293
29261 4 3 42584
29262 4 3 42585
29263 4 2 42598
29264 4 2 42596
29265 4 2 42597
29266 4 6 42622
29267 4 6 42621
29268 4 6 42620
29269 4 0 42630
29270 4 0 42624
29271 4 0 42563
29272 4 0 42626
29273 4 0 42625
29274 4 0 42628
29275 2 15 42617
29276 4 0 40518
29277 4 0 40518
29278 4 0 40518
29279 4 0 40518
29280 4 0 40518
29281 4 0 40518
29282 4 0 40518
29283 4 0 40518
29284 4 0 40518
29285 4 0 40518
29286 4 0 40518
29287 4 0 40518
29288 4 0 40518
29289 4 0 40518
29290 4 0 40518
29291 4 0 40518
29292 0 5 21327
29293 0 5 22200
29294 4 0 43095
29295 4 0 43095
29296 4 0 43095
29297 4 0 39126
29298 4 0 43095
29299 4 0 43095
29300 4 0 43095
29301 4 0 39126
29302 4 0 43095
29303 4 0 43095
29304 4 0 43095
29305 4 0 39126
29306 4 0 43095
29307 4 0 43095
29308 4 0 43095
29309 4 0 39126
29310 2 10 40520
29311 12 0 9129
29312 4 4 40537
29313 4 3 30438
29314 4 2 33148
29315 4 1 40539
29316 4 4 39080
29317 4 1 39068
29318 4 2 39223
29319 4 3 38545
29320 4 0 31664
29321 4 0 31664
29322 4 0 31664
29323 4 0 31906
29324 0 0 33173
29325 4 4 38784
29326 4 3 39065
29327 4 2 39064
29328 4 1 38542
29329 2 6 40563
29330 4 0 40565
29331 12 0 1143
29332 4 2 42478
29333 4 0 35358
29334 4 0 31889
29335 4 0 9852
29336 4 0 39210
29337 4 4 40585
29338 12 0 40583
29339 4 3 38704
29340 4 2 31639
29341 4 1 25039
29342 4 4 30737
29343 4 2 33148
29344 4 3 27944
29345 4 1 38787
29346 2 15 42225
29347 4 0 43125
29348 2 13 42348
29349 4 0 15420
29350 2 19 35262
29351 2 2 42220
29352 4 0 39123
29353 2 4 42218
29354 4 1 43292
29355 2 10 42203
29356 2 8 42219
29357 4 2 43107
29358 4 6 41648
29359 2 10 43116
29360 2 15 42224
29361 12 0 40593
29362 2 7 36716
29363 15 2 18067
29364 15 2 17284
29365 12 0 40710
29366 12 0 40606
29367 4 0 39122
29368 4 0 35437
29369 4 1 42615
29370 4 0 42608
29371 2 13 40607
29372 2 13 40608
29373 4 0 35431
29374 4 0 39211
29375 4 1 42611
29376 4 0 42609
29377 2 6 40616
29378 2 19 40612
29379 4 0 33808
29380 2 7 40614
29381 4 0 9852
29382 4 1 40592
29383 4 0 42610
29384 4 0 38541
29385 4 1 35366
29386 4 0 33906
29387 4 0 42612
29388 4 7 34960
29389 4 9 42614
29390 4 8 34953
29391 2 15 44593
29392 12 0 19479
29393 0 5 40621
29394 0 5 40637
29395 0 5 40652
29396 12 0 40606
29397 12 0 40606
29398 4 0 31664
29399 2 10 40650
29400 4 1 40648
29401 0 5 40652
29402 0 5 40653
29403 2 7 40654
29404 2 7 40655
29405 2 7 40655
29406 2 7 40656
29407 2 5 40657
29408 2 5 40662
29409 2 5 40661
29410 2 5 40660
29411 12 0 40606
29412 0 5 26733
29413 2 0 40663
29414 2 0 40664
29415 2 7 40665
29416 2 10 40666
29417 2 0 40678
29418 2 0 40668
29419 2 0 40669
29420 2 7 40671
29421 2 10 40673
29422 2 0 40677
29423 2 5 40675
29424 2 4 40676
29425 12 0 40679
29426 12 0 40680
29427 12 0 40681
29428 12 0 40714
29429 12 0 7624
29430 2 0 40716
29431 2 10 40750
29432 2 10 40751
29433 2 0 40752
29434 10 0 40753
29435 2 15 40754
29436 2 0 40755
29437 2 0 40760
29438 2 0 40778
29439 2 7 40780
29440 2 10 40784
29441 2 10 40800
29442 2 10 40821
29443 0 0 18115
29444 2 0 40828
29445 12 0 40829
29446 2 7 40863
29447 12 0 31201
29448 0 5 40841
29449 0 5 38634
29450 0 5 22414
29451 0 5 21327
29452 0 5 40844
29453 0 5 40699
29454 0 5 40694
29455 2 5 67223
29456 2 7 39310
29457 2 15 40881
29458 4 6 45817
29459 12 0 26551
29460 13 0 40888
29461 12 0 33552
29462 2 7 40889
29463 4 4 43425
29464 12 0 4689
29465 15 5 59463
29466 15 5 29447
29467 15 5 17343
29468 15 5 30608
29469 15 5 16208
29470 15 5 17786
29471 15 5 17606
29472 15 5 17494
29473 15 0 40902
29474 12 0 37662
29475 12 0 20798
29476 12 0 35850
29477 12 0 35850
29478 12 0 7287
29479 2 5 39841
29480 12 0 39724
29481 12 0 40948
29482 0 0 37856
29483 0 6 40966
29484 2 5 39840
29485 0 6 40964
29486 0 6 18525
29487 0 6 40970
29488 0 6 40965
29489 4 3 40988
29490 4 3 40989
29491 4 3 40990
29492 4 3 44266
29493 4 3 44267
29494 4 3 44268
29495 4 2 34710
29496 4 2 40998
29497 4 2 40997
29498 4 2 42855
29499 4 2 42857
29500 4 2 42858
29501 13 0 8903
29502 4 2 45844
29503 4 2 41014
29504 4 2 45802
29505 4 2 45801
29506 4 2 41021
29507 4 2 41024
29508 4 3 44092
29509 4 3 41038
29510 4 3 41037
29511 4 3 41036
29512 4 3 41034
29513 12 0 15867
29514 4 3 44595
29515 4 3 43455
29516 4 3 43414
29517 4 3 43413
29518 2 7 22079
29519 4 3 45937
29520 4 3 44103
29521 4 3 44102
29522 4 2 45820
29523 4 2 45822
29524 4 2 45823
29525 4 2 45057
29526 4 2 45056
29527 4 2 45055
29528 0 8 41050
29529 0 8 41062
29530 0 8 41060
29531 0 8 41061
29532 0 8 41059
29533 0 6 47590
29534 0 6 47591
29535 0 6 47592
29536 0 6 47592
29537 2 10 41057
29538 2 8 41070
29539 7 6 37083
29540 1 6 24496
29541 2 0 41071
29542 2 7 41072
29543 2 4 41073
29544 2 10 41074
29545 12 0 3029
29546 12 0 3048
29547 7 6 21364
29548 7 6 41081
29549 9 0 1143
29550 9 0 1103
29551 15 0 18092
29552 15 0 959
29553 15 0 9140
29554 15 0 37672
29555 15 0 3668
29556 15 0 41121
29557 15 0 37887
29558 15 0 34035
29559 15 0 41122
29560 15 0 41124
29561 15 0 7126
29562 15 0 30593
29563 15 0 44288
29564 15 0 7886
29565 12 0 3759
29566 15 0 19573
29567 15 0 1498
29568 15 0 41153
29569 15 0 18721
29570 15 0 41158
29571 15 0 9319
29572 15 0 41168
29573 15 0 34493
29574 15 0 7155
29575 15 0 32955
29576 15 0 41171
29577 15 0 13433
29578 15 0 41175
29579 15 0 36866
29580 15 0 41176
29581 15 0 41177
29582 12 0 41178
29583 2 7 41179
29584 2 16 41181
29585 0 0 41193
29586 12 0 41195
29587 12 0 25271
29588 15 0 5567
29589 12 0 5567
29590 15 0 5567
29591 12 0 17458
29592 4 0 37841
29593 4 0 37840
29594 4 3 31183
29595 4 3 27279
29596 4 3 31185
29597 4 3 31186
29598 4 3 30072
29599 4 3 30382
29600 4 4 41954
29601 4 4 41236
29602 4 4 41237
29603 4 4 41238
29604 4 4 42200
29605 4 4 41240
29606 4 3 32126
29607 4 3 32100
29608 4 3 32127
29609 4 3 32103
29610 4 3 32133
29611 4 3 32128
29612 4 4 41241
29613 4 4 41242
29614 4 4 41243
29615 4 4 41244
29616 4 4 42200
29617 4 4 41245
29618 12 0 23475
29619 2 4 41279
29620 2 1 41280
29621 2 1 41281
29622 2 1 41282
29623 2 1 41283
29624 0 0 18204
29625 0 0 18204
29626 2 3 44573
29627 2 3 41291
29628 2 3 41292
29629 2 3 41293
29630 2 4 41294
29631 2 4 41295
29632 2 4 41296
29633 2 4 41297
29634 2 4 41298
29635 4 6 41299
29636 4 6 41300
29637 4 6 41301
29638 4 6 41302
29639 4 6 41303
29640 4 6 41304
29641 4 6 41305
29642 4 6 41306
29643 2 8 41307
29644 2 8 41308
29645 2 8 41309
29646 2 8 41310
29647 2 8 41311
29648 2 8 41312
29649 2 8 41313
29650 2 8 41314
29651 2 1 41315
29652 2 1 41316
29653 2 1 41317
29654 2 1 41318
29655 2 1 41319
29656 2 1 41320
29657 2 1 41321
29658 2 1 41322
29659 2 1 41323
29660 2 1 41324
29661 2 1 41325
29662 2 1 41326
29663 2 1 41327
29664 9 1 1102
29665 2 1 41328
29666 2 7 41329
29667 2 7 41330
29668 2 7 41331
29669 9 1 15274
29670 2 7 41332
29671 2 7 41333
29672 9 1 15274
29673 9 1 15274
29674 9 1 15274
29675 9 1 15274
29676 2 10 41334
29677 9 1 2571
29678 2 10 41335
29679 2 10 41336
29680 2 10 41337
29681 2 10 41338
29682 9 1 2571
29683 2 10 41339
29684 9 1 2571
29685 2 10 41340
29686 2 10 41341
29687 2 10 41342
29688 2 10 41343
29689 9 1 2571
29690 2 10 41344
29691 9 1 2571
29692 2 10 41345
29693 9 1 2571
29694 2 10 41346
29695 2 10 41347
29696 2 10 41348
29697 2 10 41349
29698 9 1 2571
29699 0 0 41350
29700 9 1 2571
29701 9 1 2571
29702 9 1 2571
29703 9 1 2571
29704 9 1 2571
29705 2 0 41351
29706 2 0 41352
29707 2 0 41353
29708 2 0 41354
29709 2 0 41355
29710 2 0 41356
29711 2 0 41357
29712 2 0 41358
29713 9 1 6270
29714 9 1 15274
29715 2 10 41359
29716 2 10 41360
29717 9 1 6270
29718 9 1 15274
29719 9 1 1301
29720 9 1 1301
29721 9 1 1301
29722 9 1 1301
29723 9 1 1096
29724 9 1 1096
29725 9 1 1096
29726 9 1 1096
29727 9 1 1096
29728 9 1 1096
29729 9 1 1096
29730 9 1 1096
29731 9 1 1096
29732 9 1 1096
29733 9 1 1096
29734 9 1 1096
29735 0 0 31325
29736 0 0 23292
29737 12 0 3665
29738 12 0 9731
29739 12 0 1103
29740 12 0 41378
29741 12 0 41380
29742 13 0 41387
29743 15 5 44587
29744 15 5 44588
29745 15 5 44589
29746 15 5 44590
29747 15 5 44591
29748 2 10 40371
29749 12 0 6387
29750 13 0 41411
29751 12 0 41413
29752 4 4 35044
29753 15 0 41438
29754 15 0 41438
29755 15 0 41438
29756 15 0 41440
29757 15 0 41440
29758 15 0 41440
29759 15 0 41441
29760 15 0 41441
29761 15 0 41441
29762 15 0 19486
29763 15 0 19486
29764 15 0 19486
29765 15 0 41442
29766 15 0 41442
29767 15 0 41442
29768 12 0 4045
29769 12 0 32845
29770 12 0 41425
29771 4 1 16603
29772 4 2 4532
29773 4 3 38338
29774 4 4 26824
29775 4 0 9854
29776 4 0 33520
29777 4 1 39391
29778 0 0 41434
29779 2 19 31628
29780 4 1 25834
29781 4 2 29919
29782 4 3 15810
29783 4 4 25226
29784 4 2 31630
29785 4 3 27314
29786 4 4 26874
29787 2 4 28262
29788 4 3 16487
29789 4 4 26332
29790 12 0 25482
29791 4 4 27511
29792 4 1 27176
29793 4 0 23728
29794 4 0 31604
29795 12 0 38758
29796 0 0 41350
29797 12 0 3029
29798 12 0 41434
29799 15 0 18096
29800 15 0 9292
29801 12 0 21470
29802 12 0 37083
29803 12 0 36529
29804 4 2 27741
29805 0 0 41450
29806 4 3 25811
29807 4 4 24514
29808 4 1 26268
29809 2 0 25410
29810 4 2 18939
29811 4 3 25800
29812 4 4 26872
29813 4 1 33144
29814 4 0 9837
29815 4 0 9852
29816 2 7 41460
29817 12 0 36571
29818 12 0 41461
29819 2 8 41464
29820 2 7 41464
29821 4 6 41465
29822 12 0 36597
29823 4 2 40465
29824 4 2 40465
29825 2 15 35819
29826 2 15 35819
29827 2 15 35819
29828 2 15 35819
29829 4 4 40484
29830 4 4 40484
29831 2 7 41414
29832 2 7 41414
29833 2 1 40922
29834 2 1 40922
29835 4 4 35618
29836 4 4 35618
29837 0 8 7899
29838 0 8 7899
29839 0 8 7899
29840 0 8 7899
29841 0 8 7899
29842 0 8 7899
29843 0 8 7899
29844 0 8 7899
29845 0 8 7899
29846 0 8 36684
29847 0 8 36684
29848 0 8 7899
29849 0 8 7899
29850 0 8 7899
29851 0 8 7899
29852 0 8 7899
29853 0 8 7899
29854 0 8 7899
29855 4 1 40468
29856 0 8 7899
29857 0 8 7899
29858 0 8 7899
29859 0 8 7899
29860 0 8 7899
29861 0 8 7899
29862 0 8 7899
29863 0 8 7899
29864 0 8 7899
29865 4 1 40468
29866 0 8 7899
29867 0 8 7899
29868 0 0 7899
29869 0 8 7899
29870 0 8 7899
29871 0 8 7899
29872 0 8 7899
29873 0 8 7899
29874 0 8 7899
29875 4 1 40482
29876 4 1 40482
29877 0 0 39888
29878 4 1 36354
29879 4 1 36354
29880 2 1 40922
29881 2 1 40922
29882 4 3 40448
29883 4 3 40448
29884 2 3 41430
29885 6 3 40526
29886 15 0 9632
29887 15 0 9632
29888 2 3 41430
29889 11 3 1282
29890 4 2 35159
29891 4 2 35159
29892 4 2 35159
29893 4 2 35159
29894 4 4 41133
29895 4 4 41133
29896 4 3 40445
29897 4 3 40445
29898 4 3 35752
29899 4 3 35752
29900 2 0 41487
29901 15 2 57527
29902 15 2 57527
29903 15 2 57527
29904 15 2 57527
29905 0 0 36862
29906 0 0 41488
29907 6 2 41489
29908 2 1 28334
29909 2 15 20299
29910 2 10 20298
29911 2 10 24015
29912 12 0 5567
29913 2 7 28561
29914 2 15 41494
29915 2 19 39876
29916 2 18 42393
29917 4 6 40895
29918 4 1 42645
29919 4 6 41496
29920 4 0 35472
29921 4 3 46088
29922 4 0 39120
29923 4 0 42176
29924 2 0 42177
29925 4 1 46126
29926 4 1 43935
29927 4 1 44579
29928 4 1 43932
29929 4 2 43928
29930 4 2 43927
29931 4 2 42398
29932 4 3 43919
29933 4 3 43918
29934 4 3 43922
29935 4 4 41517
29936 4 4 41518
29937 4 4 43923
29938 4 2 42396
29939 4 2 43921
29940 4 2 21294
29941 4 3 41525
29942 4 3 43920
29943 4 3 44607
29944 4 4 41531
29945 4 4 41532
29946 4 4 19769
29947 4 2 43562
29948 2 13 42823
29949 2 3 42178
29950 4 4 46074
29951 4 3 45912
29952 12 0 41542
29953 15 2 41547
29954 4 1 41548
29955 4 2 41549
29956 15 2 41547
29957 15 2 41547
29958 15 2 41547
29959 4 4 41550
29960 15 2 34488
29961 12 0 6513
29962 2 15 42179
29963 12 0 41565
29964 4 2 41569
29965 4 4 42699
29966 4 2 45022
29967 4 2 41827
29968 4 3 22481
29969 4 4 42995
29970 4 2 41574
29971 4 3 41605
29972 4 1 46127
29973 4 2 41580
29974 4 2 44156
29975 4 3 41583
29976 4 3 46094
29977 4 1 46128
29978 4 1 41828
29979 4 2 21701
29980 4 4 26814
29981 2 10 42180
29982 2 19 42181
29983 4 4 46577
29984 4 2 46105
29985 4 3 46093
29986 4 1 46216
29987 4 1 46119
29988 2 10 47435
29989 4 1 46123
29990 4 1 46506
29991 4 3 46092
29992 4 1 46124
29993 2 8 42183
29994 4 1 46125
29995 4 2 46106
29996 2 4 41873
29997 4 0 39126
29998 4 4 46076
29999 4 2 41830
30000 4 1 13195
30001 4 3 41831
30002 4 4 41829
30003 4 2 17223
30004 4 3 41596
30005 4 4 18497
30006 4 0 963
30007 4 0 34303
30008 4 0 31889
30009 2 1 43952
30010 2 10 41598
30011 2 10 41599
30012 2 10 41600
30013 2 15 44767
30014 4 2 41838
30015 4 0 32008
30016 4 4 42994
30017 4 0 35437
30018 4 0 35358
30019 4 3 32760
30020 4 1 46114
30021 2 10 42184
30022 4 0 34204
30023 4 9 39638
30024 4 1 46120
30025 2 16 38370
30026 4 3 46085
30027 4 4 44966
30028 4 0 28733
30029 4 2 46103
30030 4 3 46089
30031 4 4 45920
30032 4 4 46075
30033 4 4 45913
30034 4 4 46072
30035 4 1 45917
30036 4 1 46115
30037 4 1 46116
30038 4 1 46112
30039 4 2 45915
30040 4 2 46102
30041 4 2 45914
30042 4 2 46104
30043 4 3 45919
30044 4 3 46090
30045 4 3 46091
30046 4 3 46087
30047 4 3 46095
30048 4 4 46078
30049 4 0 42185
30050 4 1 42701
30051 4 8 43580
30052 4 0 35472
30053 4 4 46348
30054 4 3 46099
30055 4 2 46353
30056 4 1 46130
30057 4 4 42650
30058 2 4 42193
30059 4 0 33906
30060 4 2 45821
30061 4 0 31908
30062 4 2 43584
30063 4 7 34961
30064 4 1 42702
30065 4 4 46080
30066 4 3 44951
30067 4 1 45911
30068 4 3 46097
30069 4 4 41604
30070 4 3 41607
30071 2 7 41615
30072 2 0 41614
30073 2 4 41613
30074 4 4 41616
30075 4 2 43589
30076 4 3 41617
30077 2 7 41620
30078 2 4 41619
30079 4 1 46131
30080 2 19 41668
30081 4 4 42168
30082 2 7 42187
30083 4 0 24646
30084 4 4 46349
30085 4 3 46355
30086 2 8 44893
30087 2 0 42713
30088 2 1 41631
30089 2 4 41635
30090 2 5 41558
30091 4 3 46100
30092 4 2 45909
30093 2 5 41638
30094 12 0 41639
30095 2 7 42188
30096 4 4 42651
30097 4 3 46096
30098 4 1 43597
30099 4 0 43599
30100 4 1 45910
30101 4 2 47437
30102 4 4 46082
30103 2 15 42189
30104 4 3 45845
30105 2 2 43834
30106 4 2 42636
30107 4 1 46133
30108 2 4 47438
30109 4 0 33534
30110 4 0 31616
30111 4 2 46110
30112 4 4 46079
30113 4 4 42297
30114 4 4 42299
30115 4 4 47594
30116 4 4 42298
30117 4 4 42300
30118 4 4 42297
30119 4 4 42299
30120 4 4 47594
30121 4 4 42298
30122 4 4 42300
30123 4 4 42306
30124 4 4 42307
30125 4 4 44050
30126 4 4 42309
30127 4 4 42310
30128 2 3 31210
30129 4 4 42306
30130 4 4 42307
30131 4 4 44050
30132 4 4 42309
30133 4 4 42310
30134 4 4 42306
30135 4 4 42307
30136 4 4 44050
30137 4 4 42309
30138 4 4 42310
30139 4 3 42698
30140 4 3 43749
30141 4 3 43750
30142 4 3 43751
30143 4 3 43752
30144 4 2 45017
30145 4 2 45016
30146 4 2 45018
30147 2 7 41653
30148 4 2 45019
30149 4 2 45020
30150 4 1 42290
30151 4 1 42291
30152 4 1 42879
30153 4 1 42295
30154 4 1 42294
30155 0 5 30997
30156 9 5 1301
30157 12 0 41658
30158 12 0 41659
30159 4 1 42290
30160 4 1 42291
30161 4 1 45797
30162 4 1 42295
30163 4 1 42294
30164 4 3 43613
30165 4 3 43698
30166 4 3 44516
30167 4 3 43618
30168 4 3 43617
30169 4 3 43613
30170 4 3 43698
30171 4 3 63412
30172 4 3 43619
30173 4 3 43617
30174 12 0 35023
30175 12 0 6359
30176 2 0 41663
30177 12 0 36520
30178 2 1 41691
30179 2 5 41692
30180 2 0 41693
30181 2 7 41694
30182 2 6 41696
30183 7 13 41679
30184 12 0 30532
30185 4 3 43613
30186 4 1 41706
30187 4 1 45149
30188 4 1 45236
30189 4 3 43698
30190 4 3 63411
30191 0 8 7899
30192 4 3 43619
30193 0 8 7899
30194 4 3 43617
30195 0 8 7899
30196 4 1 42640
30197 0 8 7899
30198 0 8 7899
30199 0 8 7899
30200 4 1 44788
30201 4 1 41713
30202 4 0 41735
30203 4 1 41736
30204 2 8 41740
30205 4 1 42641
30206 4 1 44020
30207 4 1 42643
30208 2 0 41752
30209 2 0 41753
30210 4 1 42644
30211 4 1 42302
30212 4 1 42305
30213 4 1 42303
30214 4 1 42313
30215 4 1 42304
30216 4 2 43620
30217 4 2 43621
30218 4 2 41756
30219 4 2 50531
30220 4 2 43623
30221 4 2 43624
30222 4 2 43620
30223 4 2 43621
30224 4 3 41757
30225 4 4 26829
30226 2 2 41779
30227 2 16 39999
30228 4 2 50531
30229 4 2 43623
30230 4 2 43624
30231 4 2 43620
30232 4 2 43621
30233 4 2 50531
30234 4 2 43623
30235 4 2 43624
30236 15 0 41438
30237 15 0 41438
30238 15 0 41438
30239 15 0 41440
30240 15 0 41440
30241 15 0 41440
30242 15 0 41441
30243 15 0 41441
30244 15 0 41441
30245 15 0 41442
30246 15 0 41442
30247 15 0 41442
30248 15 0 19486
30249 15 0 19486
30250 15 0 19486
30251 12 0 35360
30252 2 19 21018
30253 4 1 16633
30254 4 4 41836
30255 4 3 27155
30256 4 1 31910
30257 4 2 41799
30258 4 4 41800
30259 15 0 6554
30260 0 0 21586
30261 2 5 41801
30262 4 2 41839
30263 4 3 41803
30264 4 4 41840
30265 4 1 41805
30266 4 2 41806
30267 4 4 41807
30268 4 1 41808
30269 4 2 41810
30270 4 4 26351
30271 4 1 41811
30272 4 2 42515
30273 4 3 41813
30274 4 3 41814
30275 4 4 42668
30276 4 0 9858
30277 2 13 41816
30278 2 7 41856
30279 2 3 8258
30280 9 2 1096
30281 9 2 1096
30282 9 2 1096
30283 9 2 1096
30284 4 1 41817
30285 4 2 41818
30286 4 3 41819
30287 4 1 17234
30288 4 2 42516
30289 4 3 41821
30290 4 2 13206
30291 4 4 41835
30292 12 0 41837
30293 4 0 41858
30294 4 1 41859
30295 4 3 41860
30296 4 4 41861
30297 4 2 41938
30298 4 3 28663
30299 4 4 33888
30300 4 0 41916
30301 9 1 1096
30302 9 1 1096
30303 9 1 1096
30304 9 1 1096
30305 9 1 1096
30306 9 1 1096
30307 9 1 1096
30308 9 1 1096
30309 0 0 18115
30310 2 10 41866
30311 2 7 41867
30312 2 15 41872
30313 2 10 41895
30314 4 6 40867
30315 12 0 6563
30316 2 1 41560
30317 2 4 41873
30318 2 2 41875
30319 6 2 42468
30320 15 0 34273
30321 9 4 1096
30322 9 4 1096
30323 9 4 1096
30324 9 4 1096
30325 12 0 18050
30326 12 0 7155
30327 12 0 19312
30328 4 2 41917
30329 4 3 41918
30330 4 4 27418
30331 4 1 9912
30332 4 2 4494
30333 4 3 41919
30334 4 4 41920
30335 4 2 41925
30336 4 3 41926
30337 4 4 41928
30338 4 1 27152
30339 4 0 2854
30340 4 0 41936
30341 4 2 39897
30342 4 3 22678
30343 4 0 37841
30344 4 0 37841
30345 4 0 37841
30346 4 0 37841
30347 0 8 8026
30348 4 0 37840
30349 4 0 37840
30350 4 0 37840
30351 4 0 37840
30352 4 4 26794
30353 12 0 7921
30354 12 0 41946
30355 0 5 39115
30356 12 0 6380
30357 0 5 41971
30358 0 5 42169
30359 0 5 39717
30360 15 0 18051
30361 0 5 42170
30362 4 2 15550
30363 4 3 12723
30364 2 0 41974
30365 4 0 28733
30366 4 0 9839
30367 2 8 41957
30368 4 1 41959
30369 4 2 41960
30370 4 3 41961
30371 4 4 41962
30372 4 2 33885
30373 4 2 17197
30374 4 3 41963
30375 4 4 41964
30376 2 4 41965
30377 4 0 9657
30378 4 0 33135
30379 4 2 41967
30380 4 4 26158
30381 4 4 26875
30382 4 1 30693
30383 4 1 25998
30384 4 2 17014
30385 4 4 9388
30386 4 4 41968
30387 2 4 41873
30388 2 1 41560
30389 2 15 41872
30390 2 2 41875
30391 4 6 40867
30392 2 10 41895
30393 2 7 41867
30394 2 8 20167
30395 2 5 28499
30396 2 6 25632
30397 2 18 41969
30398 4 1 42519
30399 4 2 27706
30400 4 4 37350
30401 4 2 42517
30402 4 4 24511
30403 2 7 41973
30404 12 0 2873
30405 2 7 41975
30406 2 7 41976
30407 2 7 41977
30408 2 7 41978
30409 2 7 41979
30410 2 7 41980
30411 2 7 41981
30412 2 7 41983
30413 12 0 41984
30414 2 1 41985
30415 12 0 41986
30416 12 0 7111
30417 12 0 41998
30418 2 6 41999
30419 4 0 6539
30420 4 0 9842
30421 4 0 28682
30422 4 0 31906
30423 2 10 42000
30424 2 10 42001
30425 12 0 19312
30426 13 0 36756
30427 15 0 23229
30428 12 0 1037
30429 12 0 26381
30430 12 0 42031
30431 12 0 42032
30432 12 0 42033
30433 12 0 42034
30434 12 0 41350
30435 12 0 42043
30436 15 0 42039
30437 15 0 42038
30438 13 0 42040
30439 2 6 42042
30440 2 6 42044
30441 2 10 42049
30442 12 0 41565
30443 9 6 15274
30444 9 1 1102
30445 2 4 42062
30446 4 0 43551
30447 4 0 43547
30448 4 0 43548
30449 4 0 43553
30450 4 0 43560
30451 12 0 42066
30452 2 2 43519
30453 12 0 32845
30454 12 0 15590
30455 2 8 30886
30456 2 2 34102
30457 0 5 40852
30458 0 5 1087
30459 4 1 42100
30460 4 1 42102
30461 4 1 42101
30462 12 0 30959
30463 4 1 13678
30464 4 1 4063
30465 4 1 42110
30466 15 0 7129
30467 15 0 42112
30468 12 0 42114
30469 9 2 1301
30470 9 2 1301
30471 9 2 1301
30472 9 2 1301
30473 9 2 1301
30474 9 2 1301
30475 15 0 30601
30476 15 0 33239
30477 15 0 9291
30478 15 0 13715
30479 12 0 10365
30480 15 5 42122
30481 12 0 42226
30482 2 8 42125
30483 9 2 1301
30484 2 7 42160
30485 2 7 42162
30486 4 4 45972
30487 4 4 45973
30488 4 4 47593
30489 4 4 45971
30490 4 4 45970
30491 4 4 42168
30492 4 4 32644
30493 4 3 32644
30494 4 4 32644
30495 4 4 32644
30496 4 4 32822
30497 4 3 35093
30498 4 4 35175
30499 0 0 18079
30500 12 0 18050
30501 12 0 20503
30502 2 1 42252
30503 12 0 3486
30504 2 15 20425
30505 4 2 14739
30506 15 0 18050
30507 15 0 4721
30508 15 0 9585
30509 15 0 42254
30510 15 0 42255
30511 15 0 42256
30512 15 0 8940
30513 15 0 7129
30514 4 1 28756
30515 4 1 42279
30516 4 1 43150
30517 4 1 15823
30518 4 1 8720
30519 4 1 4272
30520 4 1 16892
30521 4 1 31634
30522 2 10 20298
30523 2 19 42278
30524 12 0 42280
30525 12 0 42281
30526 12 0 42282
30527 12 0 7257
30528 4 2 35159
30529 12 0 31500
30530 12 0 31500
30531 4 1 42316
30532 4 1 42315
30533 4 4 42326
30534 4 3 42325
30535 4 2 42314
30536 4 4 42318
30537 4 1 42444
30538 4 2 42319
30539 12 0 1096
30540 0 0 2571
30541 4 3 42324
30542 4 0 41640
30543 4 1 43424
30544 4 0 40162
30545 12 0 39214
30546 3 3 39929
30547 3 5 39931
30548 3 4 39930
30549 3 3 39929
30550 3 4 39930
30551 3 5 39931
30552 3 3 39929
30553 3 5 39931
30554 3 5 39931
30555 3 3 39929
30556 3 5 39931
30557 2 2 41874
30558 3 5 39931
30559 3 5 39931
30560 3 4 39930
30561 12 0 39202
30562 7 4 39930
30563 3 3 39929
30564 3 5 39931
30565 3 5 39931
30566 3 3 39929
30567 12 0 39203
30568 2 16 40002
30569 2 7 5129
30570 2 8 42336
30571 3 0 7053
30572 3 3 39929
30573 3 5 39931
30574 3 3 39929
30575 3 5 39931
30576 2 15 42337
30577 2 1 42340
30578 2 15 42341
30579 12 0 42342
30580 2 18 42343
30581 3 5 39931
30582 3 5 39931
30583 3 4 39930
30584 3 5 39931
30585 3 5 39931
30586 3 4 39930
30587 3 5 39931
30588 3 5 39931
30589 3 4 39930
30590 3 4 39930
30591 3 5 39931
30592 3 4 39930
30593 3 5 39931
30594 3 4 39930
30595 12 0 14993
30596 12 0 38757
30597 2 8 42336
30598 3 0 7053
30599 2 16 40002
30600 3 3 39929
30601 3 5 39931
30602 3 4 39930
30603 3 3 39929
30604 3 5 39931
30605 3 4 39930
30606 3 4 39930
30607 3 5 39931
30608 3 4 39930
30609 15 5 42378
30610 0 5 20803
30611 6 2 40199
30612 6 3 42382
30613 12 0 1504
30614 12 0 43310
30615 0 0 18059
30616 12 0 20503
30617 12 0 36488
30618 12 0 2473
30619 4 0 43559
30620 4 0 43609
30621 4 0 43605
30622 13 0 22477
30623 13 0 22477
30624 2 7 42420
30625 2 1 42421
30626 4 0 43601
30627 4 0 43595
30628 12 0 42430
30629 4 0 35439
30630 12 0 42490
30631 12 0 35301
30632 15 0 1134
30633 13 0 22071
30634 13 0 22185
30635 13 0 3118
30636 2 8 42434
30637 13 0 22477
30638 12 0 8928
30639 15 0 42440
30640 12 0 35300
30641 4 4 40499
30642 4 1 42491
30643 4 3 40513
30644 4 2 42492
30645 12 0 30603
30646 12 0 18721
30647 2 7 42504
30648 2 7 42514
30649 12 0 3029
30650 12 0 5658
30651 12 0 42537
30652 12 0 42538
30653 12 0 42539
30654 12 0 13435
30655 12 0 39203
30656 12 0 42540
30657 12 0 42548
30658 12 0 1815
30659 12 0 1815
30660 2 15 43350
30661 2 0 42551
30662 4 6 42552
30663 4 0 43598
30664 4 0 43579
30665 4 0 43585
30666 4 0 35437
30667 4 0 35472
30668 4 1 35183
30669 2 10 40075
30670 2 4 42555
30671 2 4 42556
30672 12 0 42557
30673 4 1 40508
30674 4 2 42247
30675 4 1 40508
30676 4 2 29954
30677 4 3 41041
30678 4 4 35614
30679 12 0 42565
30680 4 1 41483
30681 4 2 41899
30682 4 3 42334
30683 4 4 40499
30684 4 1 40390
30685 4 2 45055
30686 4 3 40494
30687 4 4 36248
30688 12 0 9154
30689 12 0 16161
30690 0 0 44025
30691 12 0 40888
30692 12 0 42619
30693 12 0 41387
30694 12 0 41411
30695 12 0 42629
30696 4 0 38758
30697 2 6 42655
30698 2 6 42660
30699 2 0 43903
30700 15 0 36868
30701 12 0 8622
30702 2 0 7040
30703 0 5 40853
30704 12 0 42679
30705 4 4 30829
30706 12 0 42679
30707 4 2 11571
30708 4 3 30492
30709 4 1 42681
30710 4 0 32087
30711 15 0 17514
30712 13 0 22477
30713 12 0 1246
30714 2 8 42704
30715 2 0 42705
30716 12 0 42706
30717 12 0 42679
30718 4 1 12645
30719 4 0 42708
30720 4 0 43588
30721 4 0 42708
30722 2 1 43263
30723 2 15 43267
30724 2 3 41433
30725 4 1 43269
30726 4 0 35358
30727 4 1 43284
30728 4 3 44683
30729 4 1 28891
30730 4 2 44598
30731 4 4 44879
30732 2 10 43253
30733 2 7 43259
30734 4 1 43249
30735 4 1 22995
30736 4 0 39129
30737 4 2 43251
30738 4 0 9834
30739 4 3 43254
30740 4 4 43258
30741 4 4 43261
30742 12 0 42723
30743 12 0 42742
30744 1 0 31783
30745 1 4 42743
30746 1 6 2588
30747 1 5 3237
30748 1 3 2591
30749 2 7 42751
30750 2 8 42750
30751 2 0 42749
30752 2 1 42748
30753 2 6 42754
30754 2 4 42757
30755 2 13 42758
30756 12 0 42342
30757 2 18 44885
30758 2 3 44723
30759 2 2 44724
30760 4 1 42771
30761 4 1 31685
30762 4 1 31673
30763 4 1 41901
30764 4 1 28754
30765 4 4 42775
30766 4 4 28843
30767 4 4 43447
30768 4 4 42672
30769 4 4 21580
30770 4 3 33690
30771 4 4 42777
30772 4 3 36426
30773 4 3 32360
30774 4 3 42778
30775 4 6 44270
30776 4 2 33840
30777 4 4 42782
30778 4 2 42783
30779 4 2 42784
30780 4 2 42787
30781 4 3 42786
30782 12 0 42990
30783 12 0 42991
30784 4 3 42788
30785 12 0 42789
30786 12 0 42790
30787 2 15 40855
30788 2 7 41428
30789 2 8 47478
30790 2 6 24472
30791 12 0 36601
30792 12 0 43402
30793 0 1 3664
30794 12 0 21807
30795 2 6 42793
30796 12 0 41755
30797 12 0 42795
30798 12 0 2460
30799 12 0 42796
30800 12 0 42797
30801 2 8 42807
30802 2 5 42820
30803 12 0 12997
30804 4 0 31800
30805 12 0 42821
30806 1 0 3565
30807 12 0 7086
30808 12 0 1246
30809 12 0 40679
30810 12 0 34382
30811 0 0 2616
30812 15 0 8284
30813 15 0 2798
30814 15 0 7350
30815 15 0 32885
30816 0 5 42822
30817 7 11 1297
30818 12 0 19502
30819 12 0 42827
30820 15 0 6636
30821 15 0 42828
30822 12 0 12331
30823 12 0 42834
30824 12 0 42861
30825 4 0 44358
30826 9 10 6270
30827 12 0 9129
30828 12 0 42905
30829 12 0 39204
30830 2 6 42906
30831 4 1 42907
30832 2 4 42909
30833 9 2 1301
30834 4 0 31908
30835 4 3 42916
30836 4 1 42917
30837 4 1 42942
30838 4 1 42941
30839 4 1 41580
30840 12 0 42924
30841 4 0 1317
30842 9 2 2571
30843 9 2 2571
30844 9 2 2571
30845 12 0 42958
30846 12 0 42960
30847 4 1 67050
30848 2 1 42979
30849 12 0 1438
30850 12 0 19312
30851 12 0 42988
30852 12 0 42989
30853 12 0 44246
30854 12 0 1246
30855 2 0 18377
30856 4 4 43000
30857 4 0 7557
30858 0 0 18079
30859 2 19 43007
30860 4 0 31800
30861 4 4 45748
30862 4 4 45741
30863 4 2 45746
30864 4 3 45744
30865 2 15 45233
30866 4 4 45759
30867 12 0 5287
30868 4 2 45753
30869 4 3 45750
30870 4 1 45745
30871 4 1 45743
30872 4 0 45211
30873 4 3 45240
30874 2 7 45232
30875 12 0 43032
30876 12 0 43032
30877 0 8 7899
30878 4 4 45212
30879 4 2 45245
30880 4 3 45239
30881 2 7 45799
30882 4 6 44863
30883 2 10 45224
30884 4 1 45749
30885 4 1 45737
30886 4 2 45238
30887 4 3 45767
30888 4 1 45241
30889 4 6 44865
30890 12 0 43061
30891 4 2 45800
30892 4 3 45735
30893 4 3 45229
30894 4 1 45742
30895 4 1 45242
30896 4 4 45222
30897 4 4 48291
30898 4 2 45227
30899 4 2 45755
30900 4 3 47778
30901 2 15 45209
30902 2 8 45776
30903 4 4 46359
30904 4 4 46351
30905 4 2 46352
30906 2 2 45265
30907 4 3 46356
30908 2 10 45205
30909 4 6 45204
30910 2 7 45360
30911 4 0 39420
30912 4 1 45218
30913 4 1 45771
30914 4 2 45244
30915 4 4 45243
30916 4 1 45219
30917 4 2 45752
30918 2 4 45346
30919 4 3 45247
30920 4 1 43211
30921 4 1 43212
30922 4 1 43213
30923 4 1 43214
30924 4 1 30768
30925 4 1 43346
30926 4 1 43216
30927 4 1 43217
30928 4 1 43218
30929 4 1 43219
30930 4 1 43220
30931 4 1 43221
30932 4 1 26435
30933 4 2 43222
30934 4 2 43223
30935 4 2 43230
30936 4 2 38516
30937 4 2 43343
30938 4 2 43227
30939 4 2 43347
30940 4 2 34685
30941 4 2 43231
30942 4 2 44550
30943 4 2 43235
30944 4 2 43233
30945 4 2 43236
30946 4 2 43237
30947 4 3 43241
30948 4 3 44018
30949 4 3 43244
30950 4 3 43247
30951 4 3 43348
30952 4 3 43250
30953 4 3 43252
30954 4 3 43255
30955 4 3 44732
30956 4 3 28806
30957 4 3 43260
30958 4 3 43262
30959 4 4 43272
30960 4 4 43274
30961 4 4 43277
30962 4 4 43345
30963 4 4 43280
30964 4 4 43344
30965 4 4 43288
30966 4 4 43283
30967 4 4 43349
30968 4 4 43287
30969 4 4 45659
30970 4 4 45659
30971 4 1 15163
30972 4 4 49684
30973 4 0 33534
30974 4 4 49684
30975 4 4 45658
30976 4 4 45658
30977 4 4 45660
30978 4 4 45660
30979 4 4 45661
30980 4 4 45661
30981 4 0 35358
30982 4 4 45685
30983 4 4 46357
30984 4 6 42285
30985 4 4 45685
30986 4 6 41645
30987 4 4 45684
30988 4 4 46358
30989 4 4 45684
30990 4 4 46350
30991 4 4 45683
30992 4 4 45683
30993 4 4 45686
30994 4 4 45686
30995 4 4 45686
30996 4 4 45884
30997 4 4 45884
30998 4 4 45884
30999 2 15 43309
31000 2 3 43312
31001 4 3 45679
31002 2 7 1930
31003 4 3 45680
31004 4 3 45678
31005 4 3 45681
31006 4 3 45682
31007 4 3 45670
31008 4 3 45670
31009 2 10 43313
31010 2 1 44011
31011 4 3 45670
31012 4 3 45669
31013 2 15 43315
31014 4 3 45669
31015 4 3 45669
31016 4 3 45668
31017 4 3 45668
31018 4 3 45668
31019 4 3 45671
31020 4 3 45671
31021 4 3 45671
31022 4 3 45672
31023 4 3 45672
31024 4 3 45672
31025 4 8 43316
31026 4 2 45426
31027 4 2 45434
31028 4 2 45425
31029 4 2 45428
31030 4 2 45436
31031 4 9 43317
31032 4 2 45664
31033 4 7 43318
31034 4 2 45664
31035 4 2 45664
31036 2 10 43323
31037 4 2 45663
31038 2 10 43353
31039 4 2 45663
31040 4 2 45663
31041 4 2 45662
31042 4 2 45662
31043 4 2 45662
31044 4 2 45665
31045 4 2 45666
31046 4 2 45665
31047 4 2 45667
31048 4 2 45667
31049 4 2 45667
31050 4 1 45673
31051 4 1 45674
31052 4 1 45677
31053 4 1 45675
31054 4 1 45676
31055 4 1 45121
31056 4 1 45449
31057 4 1 45119
31058 4 1 45122
31059 4 1 45126
31060 4 1 44977
31061 4 1 44977
31062 2 1 43355
31063 4 1 45770
31064 4 1 45770
31065 4 1 44979
31066 4 1 44979
31067 4 1 44976
31068 4 1 44976
31069 4 1 44978
31070 4 1 44978
31071 2 0 43356
31072 2 2 43384
31073 2 15 43645
31074 4 0 31899
31075 4 0 43332
31076 4 0 43335
31077 4 0 43339
31078 4 0 43340
31079 7 4 43406
31080 4 0 43360
31081 2 8 42704
31082 2 5 41558
31083 2 2 43386
31084 13 0 36675
31085 12 0 35851
31086 12 0 35850
31087 12 0 36597
31088 15 0 44225
31089 15 0 41438
31090 15 0 41438
31091 15 0 41438
31092 15 0 41440
31093 15 0 41440
31094 15 0 41440
31095 15 0 41441
31096 15 0 41441
31097 15 0 41441
31098 15 0 41442
31099 15 0 41442
31100 15 0 41442
31101 15 0 19486
31102 15 0 19486
31103 15 0 19486
31104 4 1 43514
31105 4 4 45168
31106 4 3 43517
31107 4 3 43516
31108 12 0 39435
31109 4 2 44680
31110 4 2 43501
31111 4 1 31135
31112 4 2 43478
31113 4 0 31029
31114 4 3 43483
31115 4 4 43490
31116 3 3 39929
31117 3 3 39929
31118 3 3 39929
31119 12 0 3673
31120 12 0 15274
31121 0 0 7418
31122 0 0 43656
31123 12 0 20628
31124 12 0 24052
31125 4 4 43043
31126 4 2 43235
31127 4 3 43626
31128 12 0 2618
31129 12 0 3673
31130 12 0 43636
31131 4 2 43065
31132 12 0 1438
31133 4 1 21963
31134 2 8 43638
31135 12 0 17902
31136 4 4 43140
31137 4 4 43640
31138 4 3 43045
31139 2 4 43644
31140 4 1 42907
31141 12 0 43646
31142 2 15 43649
31143 4 1 23422
31144 12 0 2618
31145 4 2 43653
31146 12 0 13082
31147 4 0 15420
31148 4 2 28179
31149 4 1 43073
31150 4 1 43654
31151 4 4 42848
31152 4 4 27407
31153 2 0 43655
31154 4 0 35358
31155 4 4 43666
31156 4 3 43665
31157 4 2 16482
31158 4 1 43667
31159 4 4 43661
31160 4 3 26273
31161 4 2 43669
31162 4 1 43668
31163 4 4 43672
31164 4 3 43671
31165 4 2 43673
31166 4 1 43675
31167 0 8 40372
31168 4 4 43676
31169 12 0 43677
31170 4 3 43679
31171 12 0 43680
31172 4 2 43681
31173 4 3 30438
31174 4 1 43682
31175 4 2 43166
31176 4 4 43684
31177 4 3 43686
31178 4 0 40413
31179 4 2 43689
31180 4 4 41964
31181 4 1 43691
31182 4 4 43692
31183 4 3 43695
31184 4 2 43697
31185 4 1 27293
31186 2 10 43313
31187 4 3 32755
31188 4 4 43699
31189 4 3 43700
31190 4 2 43669
31191 4 2 32090
31192 4 1 27601
31193 2 15 43645
31194 4 0 43701
31195 4 4 43702
31196 4 0 39211
31197 4 3 43703
31198 4 2 43704
31199 4 1 43214
31200 4 6 4404
31201 4 1 43705
31202 4 4 41962
31203 4 0 43706
31204 2 3 43708
31205 2 0 41487
31206 2 0 33835
31207 2 8 43711
31208 2 5 43712
31209 4 4 43713
31210 4 3 33029
31211 4 2 43714
31212 4 1 33149
31213 4 4 43715
31214 4 3 33045
31215 4 2 43717
31216 4 1 43718
31217 4 4 43719
31218 4 3 43721
31219 4 2 43723
31220 4 1 43724
31221 4 4 43725
31222 4 3 45175
31223 4 3 43726
31224 4 2 43727
31225 4 1 33328
31226 4 2 42966
31227 4 4 43730
31228 4 3 43729
31229 4 2 43731
31230 4 1 43718
31231 4 1 43732
31232 4 4 43734
31233 4 3 43735
31234 2 7 43736
31235 4 2 28617
31236 4 1 43737
31237 4 2 43738
31238 4 0 43407
31239 12 0 43739
31240 4 3 42842
31241 12 0 43739
31242 4 4 43740
31243 4 3 43741
31244 4 2 43742
31245 12 0 43739
31246 4 1 39886
31247 4 4 43743
31248 4 3 43744
31249 4 2 43745
31250 4 1 43747
31251 12 0 43739
31252 12 0 43739
31253 2 10 43753
31254 4 1 26233
31255 4 1 26202
31256 4 3 44431
31257 2 10 43754
31258 4 0 43120
31259 2 7 43756
31260 12 0 4110
31261 12 0 39631
31262 12 0 24051
31263 4 2 44432
31264 4 1 44430
31265 4 6 43760
31266 2 6 43771
31267 2 8 43763
31268 2 0 8466
31269 2 4 43772
31270 2 19 43774
31271 12 0 992
31272 4 1 43761
31273 2 6 41554
31274 2 6 43785
31275 4 0 43701
31276 4 4 42841
31277 4 0 33808
31278 12 0 24036
31279 4 0 43794
31280 4 3 42932
31281 4 2 45101
31282 4 1 43183
31283 4 1 43732
31284 4 4 42847
31285 4 2 8660
31286 4 3 38704
31287 4 6 43792
31288 4 2 38993
31289 2 10 43796
31290 4 0 28733
31291 2 1 43799
31292 4 6 43800
31293 4 3 43159
31294 4 3 43801
31295 4 2 43222
31296 2 10 43802
31297 4 1 12675
31298 4 4 32167
31299 2 5 43830
31300 12 0 1443
31301 2 10 43810
31302 2 7 43811
31303 2 2 43809
31304 2 4 43812
31305 2 15 43813
31306 4 1 43814
31307 12 0 40606
31308 2 10 43817
31309 2 10 43818
31310 12 0 39435
31311 2 7 43820
31312 4 1 43821
31313 4 2 43822
31314 4 3 43823
31315 4 4 43824
31316 12 0 9154
31317 12 0 43827
31318 2 1 43828
31319 4 0 33808
31320 4 4 43829
31321 4 0 39209
31322 2 5 43831
31323 2 3 43836
31324 12 0 37681
31325 2 2 43835
31326 4 0 43837
31327 2 6 43838
31328 4 3 42325
31329 4 1 42615
31330 4 3 43843
31331 2 15 43846
31332 2 7 41417
31333 4 2 45167
31334 2 10 43858
31335 4 2 42314
31336 2 7 43859
31337 0 0 3667
31338 4 0 39162
31339 4 0 39122
31340 4 1 43861
31341 4 1 43867
31342 2 4 43866
31343 4 1 43424
31344 12 0 7065
31345 12 0 9129
31346 12 0 12734
31347 12 0 12733
31348 2 2 43880
31349 12 0 1168
31350 12 0 30959
31351 12 0 43881
31352 2 18 33020
31353 2 0 43936
31354 9 6 15274
31355 9 6 15274
31356 9 6 15274
31357 9 6 15274
31358 9 10 6270
31359 9 10 15274
31360 12 0 43898
31361 9 1 1301
31362 9 1 1301
31363 12 0 43897
31364 4 4 43902
31365 12 0 26460
31366 12 0 57501
31367 4 4 43907
31368 4 4 43906
31369 4 4 43941
31370 4 4 43940
31371 4 4 43939
31372 12 0 7071
31373 12 0 5287
31374 12 0 1310
31375 4 2 41443
31376 4 2 47172
31377 4 2 41445
31378 4 2 41758
31379 4 2 41446
31380 4 0 39125
31381 4 0 39127
31382 4 0 39124
31383 4 0 39126
31384 12 0 43905
31385 2 16 43948
31386 12 0 15867
31387 12 0 43905
31388 2 16 43949
31389 12 0 6334
31390 9 4 1096
31391 9 4 1096
31392 9 4 1096
31393 9 4 1096
31394 9 4 1096
31395 9 4 1096
31396 4 3 41144
31397 4 3 41145
31398 4 0 44357
31399 4 0 44086
31400 4 3 41147
31401 9 10 1096
31402 9 10 1096
31403 12 0 20611
31404 4 0 43794
31405 4 0 43950
31406 4 3 41148
31407 4 3 41149
31408 15 0 16028
31409 4 1 41154
31410 4 1 41794
31411 4 1 41155
31412 4 1 42171
31413 4 1 41157
31414 2 10 43951
31415 4 6 43953
31416 2 2 25604
31417 2 10 43954
31418 4 1 26540
31419 4 2 43989
31420 4 3 43991
31421 4 4 43992
31422 2 15 43994
31423 2 0 43995
31424 2 19 43993
31425 4 1 43997
31426 4 2 3658
31427 4 3 43998
31428 4 4 43996
31429 4 1 44001
31430 4 2 44000
31431 4 3 26103
31432 4 4 43999
31433 4 1 43965
31434 4 2 44002
31435 4 3 43987
31436 4 4 43968
31437 0 8 21845
31438 4 1 44004
31439 4 2 44005
31440 4 3 44003
31441 4 4 43988
31442 4 1 43972
31443 4 2 44006
31444 4 3 43974
31445 4 4 44007
31446 2 15 43976
31447 2 15 43977
31448 2 7 43978
31449 0 0 43979
31450 0 0 41488
31451 0 0 37856
31452 4 1 44016
31453 4 2 44017
31454 4 3 43982
31455 4 4 44019
31456 4 1 43984
31457 4 2 44021
31458 4 3 44022
31459 4 4 19730
31460 4 4 42862
31461 4 1 34628
31462 4 3 44028
31463 12 0 35843
31464 4 2 44027
31465 4 1 27325
31466 4 6 44023
31467 4 6 44024
31468 4 6 44026
31469 12 0 31434
31470 4 1 44119
31471 4 2 44120
31472 4 3 44121
31473 4 4 44122
31474 2 19 44118
31475 2 15 44116
31476 2 15 44117
31477 4 1 44112
31478 4 2 44114
31479 4 3 44113
31480 4 4 44111
31481 4 1 44108
31482 4 2 18981
31483 4 4 44325
31484 4 3 44110
31485 4 1 44107
31486 4 2 44105
31487 4 3 43987
31488 4 4 44106
31489 12 0 44035
31490 4 6 44294
31491 4 6 44293
31492 2 15 44292
31493 4 0 44041
31494 4 0 44042
31495 0 0 44035
31496 9 0 1103
31497 2 16 44046
31498 9 0 1103
31499 2 16 44047
31500 9 0 1103
31501 9 0 1103
31502 9 0 1155
31503 9 0 1155
31504 12 0 35930
31505 9 0 3426
31506 9 0 3426
31507 9 0 1246
31508 4 1 32924
31509 4 1 38932
31510 4 1 44124
31511 4 2 44129
31512 4 2 14774
31513 4 2 44126
31514 4 3 44130
31515 4 3 44127
31516 4 3 44125
31517 0 0 44061
31518 0 0 44062
31519 4 4 44128
31520 4 4 44131
31521 4 4 44123
31522 12 0 21586
31523 4 0 9851
31524 12 0 39454
31525 12 0 3665
31526 4 0 44086
31527 4 0 31576
31528 4 0 35431
31529 12 0 27809
31530 12 0 39461
31531 4 1 44066
31532 4 2 44067
31533 4 3 44068
31534 4 4 29014
31535 0 0 13710
31536 13 0 22071
31537 4 1 44069
31538 4 2 44070
31539 4 3 44071
31540 4 4 44072
31541 2 7 25640
31542 2 1 44073
31543 2 10 28511
31544 4 2 44074
31545 4 2 44075
31546 4 1 44076
31547 4 3 44077
31548 4 4 44078
31549 4 4 44079
31550 12 0 2571
31551 2 5 44085
31552 4 1 30588
31553 4 1 44163
31554 4 1 44159
31555 4 1 44167
31556 4 1 44161
31557 4 1 44162
31558 4 1 44168
31559 4 1 44164
31560 4 2 44881
31561 4 2 44183
31562 4 2 44178
31563 4 2 44192
31564 4 2 44180
31565 4 2 44187
31566 4 2 44186
31567 4 2 44185
31568 4 3 44575
31569 4 3 44206
31570 4 3 44199
31571 4 3 44208
31572 4 3 44198
31573 4 3 44200
31574 4 3 44207
31575 4 3 44201
31576 4 4 44574
31577 4 4 44218
31578 4 4 44214
31579 4 4 44224
31580 4 4 44215
31581 4 4 44219
31582 4 4 44220
31583 4 4 44221
31584 4 2 43571
31585 4 2 39032
31586 4 2 39033
31587 4 2 39034
31588 4 2 39035
31589 4 2 43573
31590 4 2 41796
31591 4 2 41210
31592 4 2 41211
31593 4 2 41212
31594 4 2 41474
31595 4 2 41482
31596 4 2 41474
31597 4 2 41482
31598 4 2 41253
31599 4 2 41270
31600 2 0 44148
31601 2 1 44150
31602 2 5 44085
31603 2 7 44152
31604 2 1 44153
31605 2 10 44155
31606 12 0 36540
31607 12 0 24051
31608 2 10 44213
31609 2 15 44233
31610 12 0 44226
31611 2 7 44234
31612 2 7 44236
31613 4 4 41133
31614 4 4 41134
31615 4 0 44237
31616 4 4 41135
31617 4 0 30696
31618 4 4 41136
31619 4 4 41137
31620 4 1 41218
31621 4 1 37308
31622 4 1 42195
31623 4 1 41220
31624 4 1 41221
31625 4 1 41222
31626 4 1 37311
31627 4 1 37310
31628 4 1 37312
31629 4 1 37313
31630 4 4 38292
31631 4 4 30321
31632 4 4 38294
31633 4 4 38295
31634 4 4 38296
31635 4 4 41247
31636 4 4 41248
31637 4 4 42199
31638 4 4 41249
31639 4 4 41228
31640 4 3 32103
31641 4 3 32100
31642 4 3 32133
31643 4 3 32127
31644 4 3 32128
31645 13 0 22071
31646 4 3 32103
31647 4 3 32100
31648 4 3 32133
31649 4 3 32127
31650 4 3 32128
31651 12 0 44245
31652 12 0 35850
31653 12 0 41488
31654 2 4 44250
31655 13 0 34378
31656 12 0 44276
31657 4 1 44326
31658 4 2 44254
31659 4 1 44255
31660 4 2 44257
31661 4 2 6739
31662 12 0 11160
31663 12 0 44259
31664 13 0 44260
31665 15 0 44269
31666 7 3 35133
31667 2 5 44286
31668 12 0 44287
31669 2 15 44289
31670 7 8 2473
31671 7 8 44290
31672 0 5 21327
31673 0 5 44291
31674 9 5 1301
31675 9 5 1301
31676 0 1 37864
31677 0 1 44295
31678 12 0 21206
31679 0 2 38721
31680 9 6 6270
31681 9 6 6270
31682 9 6 6270
31683 4 1 44304
31684 4 2 44305
31685 4 3 44022
31686 4 4 26846
31687 4 1 44307
31688 4 2 45180
31689 4 3 44312
31690 4 4 44313
31691 4 0 39211
31692 4 0 39214
31693 4 0 39212
31694 4 0 39209
31695 4 0 39210
31696 4 0 39162
31697 12 0 44306
31698 15 0 7733
31699 4 0 44308
31700 2 10 21968
31701 2 1 44310
31702 0 0 36477
31703 2 15 44314
31704 13 0 37250
31705 13 0 22071
31706 12 0 1310
31707 12 0 24153
31708 12 0 39631
31709 12 0 44475
31710 12 0 44476
31711 4 1 44322
31712 4 2 44323
31713 4 3 15431
31714 4 4 44324
31715 4 0 44316
31716 12 0 44317
31717 4 1 44557
31718 4 2 44319
31719 4 3 44556
31720 4 4 44555
31721 12 0 44321
31722 12 0 27454
31723 2 15 20331
31724 2 19 21027
31725 4 1 16603
31726 4 0 43701
31727 4 0 34318
31728 4 0 9839
31729 4 0 9865
31730 4 0 9847
31731 4 0 28493
31732 4 0 44351
31733 2 15 2708
31734 4 6 44369
31735 6 3 44356
31736 12 0 30690
31737 6 2 40523
31738 12 0 13082
31739 12 0 9124
31740 12 0 15274
31741 12 0 44367
31742 12 0 44368
31743 2 4 44370
31744 12 0 1103
31745 2 15 44375
31746 4 0 31655
31747 4 0 31889
31748 4 0 31889
31749 4 0 31889
31750 12 0 7148
31751 12 0 44377
31752 12 0 20774
31753 12 0 35852
31754 12 0 44405
31755 12 0 22071
31756 2 15 44417
31757 12 0 44416
31758 2 15 44418
31759 2 15 44417
31760 15 0 34488
31761 2 19 44419
31762 2 2 44420
31763 12 0 44428
31764 4 3 44423
31765 4 4 44424
31766 4 1 45370
31767 12 0 20774
31768 4 1 44450
31769 12 0 23295
31770 4 1 44451
31771 4 3 44431
31772 12 0 38758
31773 4 0 44433
31774 4 0 44434
31775 4 0 44435
31776 4 0 44436
31777 4 0 44437
31778 4 0 44438
31779 4 0 44439
31780 4 0 44440
31781 4 0 44441
31782 4 3 44472
31783 4 1 34302
31784 4 2 45164
31785 2 1 44470
31786 4 3 44484
31787 4 4 44447
31788 4 2 44478
31789 4 1 44483
31790 4 0 7570
31791 4 0 43837
31792 4 1 44458
31793 4 2 41549
31794 4 4 44479
31795 0 0 32395
31796 4 3 44480
31797 4 2 44482
31798 4 1 44485
31799 12 0 44487
31800 15 0 2588
31801 2 10 44489
31802 2 13 44490
31803 2 13 44491
31804 4 0 44494
31805 2 15 44497
31806 2 7 44498
31807 12 0 44416
31808 12 0 9840
31809 12 0 928
31810 12 0 41062
31811 12 0 44306
31812 12 0 44523
31813 12 0 4134
31814 12 0 3429
31815 12 0 36540
31816 2 8 44530
31817 4 3 44533
31818 4 0 9852
31819 4 4 44536
31820 4 0 31905
31821 2 7 44546
31822 2 7 26572
31823 4 0 44544
31824 2 4 44548
31825 12 0 41062
31826 12 0 44549
31827 12 0 20774
31828 12 0 32395
31829 15 5 40261
31830 15 5 40261
31831 15 5 40261
31832 15 5 40261
31833 15 5 40261
31834 15 5 40261
31835 15 5 40261
31836 15 5 40261
31837 9 0 1143
31838 0 1 24212
31839 0 1 24212
31840 0 1 30533
31841 0 1 30533
31842 0 8 7899
31843 0 8 7899
31844 0 8 7899
31845 0 8 7899
31846 0 8 7899
31847 0 8 7899
31848 0 8 7899
31849 0 8 7899
31850 4 0 31664
31851 4 0 31664
31852 0 1 24212
31853 0 1 24212
31854 0 1 30533
31855 0 1 30533
31856 4 0 44707
31857 4 0 44709
31858 4 0 44708
31859 4 0 44706
31860 3 2 35848
31861 3 2 39925
31862 3 3 35847
31863 3 3 39929
31864 3 3 35847
31865 3 3 39929
31866 3 5 35845
31867 3 5 39931
31868 3 5 39931
31869 3 5 35845
31870 9 10 15274
31871 9 10 15274
31872 9 10 15274
31873 9 10 15274
31874 9 10 15274
31875 9 10 6270
31876 9 10 6270
31877 9 10 6270
31878 9 10 6270
31879 9 10 6270
31880 15 0 30959
31881 15 0 30959
31882 12 0 44705
31883 12 0 44705
31884 12 0 44705
31885 12 0 44705
31886 12 0 44705
31887 12 0 44705
31888 12 0 44705
31889 12 0 44705
31890 12 0 31755
31891 12 0 31755
31892 12 0 44702
31893 12 0 44702
31894 12 0 44702
31895 12 0 44702
31896 12 0 44702
31897 15 0 31756
31898 12 0 44702
31899 12 0 44702
31900 12 0 44702
31901 12 0 44704
31902 12 0 44704
31903 12 0 44704
31904 12 0 44704
31905 12 0 44704
31906 12 0 44704
31907 12 0 31755
31908 12 0 44704
31909 12 0 44704
31910 12 0 44701
31911 12 0 44701
31912 12 0 44701
31913 12 0 44701
31914 12 0 31755
31915 12 0 44701
31916 12 0 44701
31917 12 0 44701
31918 12 0 44701
31919 4 0 35431
31920 4 0 35472
31921 4 0 35423
31922 4 0 35367
31923 4 0 35438
31924 4 0 35313
31925 4 0 28682
31926 4 0 31616
31927 4 0 33534
31928 4 0 24022
31929 4 0 38541
31930 4 0 36755
31931 4 0 31899
31932 4 0 39211
31933 4 0 39212
31934 4 0 9852
31935 4 1 44633
31936 4 1 44632
31937 4 1 27658
31938 4 1 44631
31939 4 1 44630
31940 4 0 35358
31941 12 0 44624
31942 4 1 44634
31943 4 0 39128
31944 15 0 41640
31945 15 0 44655
31946 12 0 32899
31947 12 0 41533
31948 12 0 40924
31949 6 2 40522
31950 12 0 19498
31951 15 0 44666
31952 15 0 9632
31953 12 0 37862
31954 0 0 13118
31955 15 0 1285
31956 13 0 40888
31957 15 0 40633
31958 2 4 39278
31959 2 5 41558
31960 4 3 45963
31961 4 3 45964
31962 4 3 45965
31963 4 3 45966
31964 4 3 45967
31965 2 0 41559
31966 2 1 41560
31967 4 2 45993
31968 4 2 45998
31969 4 2 47129
31970 4 2 41445
31971 4 2 45996
31972 4 2 45997
31973 4 1 45974
31974 4 1 45975
31975 4 1 46107
31976 4 1 45976
31977 4 1 45978
31978 4 0 39505
31979 4 1 45979
31980 4 1 45980
31981 4 1 45981
31982 4 1 45982
31983 4 1 46108
31984 2 8 41561
31985 2 0 41559
31986 2 18 42385
31987 4 2 45993
31988 4 2 45998
31989 4 2 47129
31990 4 2 45996
31991 4 2 45997
31992 4 4 46009
31993 4 4 46010
31994 13 0 41411
31995 4 4 46008
31996 4 4 46012
31997 4 4 46224
31998 4 2 45958
31999 4 2 45959
32000 4 2 45960
32001 4 2 45961
32002 4 2 45962
32003 2 13 42760
32004 4 3 46017
32005 4 3 46109
32006 4 3 46507
32007 4 3 46022
32008 4 3 46023
32009 4 3 46017
32010 4 3 46109
32011 4 3 46507
32012 4 3 46022
32013 4 3 46023
32014 2 5 41558
32015 4 1 46029
32016 4 1 46188
32017 4 1 46032
32018 4 1 46033
32019 4 1 46035
32020 4 4 46009
32021 4 4 46010
32022 4 4 46224
32023 4 4 46008
32024 4 4 46012
32025 2 6 41562
32026 2 4 39278
32027 2 7 42379
32028 2 13 42759
32029 4 3 46017
32030 4 3 46109
32031 4 3 46507
32032 4 3 46022
32033 4 3 46023
32034 4 1 46029
32035 4 1 46188
32036 4 1 46032
32037 4 1 46033
32038 4 1 46035
32039 4 4 46009
32040 4 4 46010
32041 4 4 46224
32042 4 4 46008
32043 4 4 46012
32044 2 15 42380
32045 4 6 42376
32046 2 15 42380
32047 4 1 45953
32048 4 1 45954
32049 4 1 45955
32050 4 1 45956
32051 4 1 45957
32052 2 7 42379
32053 2 15 67267
32054 2 16 38679
32055 2 10 41557
32056 4 2 45993
32057 4 2 45998
32058 4 2 47129
32059 4 2 45996
32060 4 2 45997
32061 12 0 33941
32062 0 2 44795
32063 0 2 44794
32064 15 0 44685
32065 2 0 44690
32066 2 0 44691
32067 0 2 44796
32068 0 2 44797
32069 13 0 41387
32070 9 6 1102
32071 9 6 1102
32072 4 4 44697
32073 4 4 44698
32074 12 0 12334
32075 12 0 9129
32076 4 3 34516
32077 4 3 42547
32078 4 3 44699
32079 13 0 41387
32080 4 2 44700
32081 4 0 44703
32082 4 6 44710
32083 4 4 44711
32084 4 4 45803
32085 4 3 43013
32086 4 3 34217
32087 4 2 44904
32088 4 2 47180
32089 4 1 38932
32090 4 1 38932
32091 2 4 32332
32092 13 0 44722
32093 4 1 41203
32094 4 1 42194
32095 4 1 41205
32096 4 1 41206
32097 4 1 41207
32098 4 1 42195
32099 4 1 41220
32100 4 1 41218
32101 4 1 41221
32102 4 1 41222
32103 4 1 41218
32104 4 1 42195
32105 4 1 41220
32106 4 1 41221
32107 4 1 41222
32108 4 1 41187
32109 4 1 42196
32110 4 1 41189
32111 4 1 41190
32112 4 1 41191
32113 4 2 43573
32114 4 2 41796
32115 4 2 41210
32116 4 2 41211
32117 4 2 41212
32118 4 2 43573
32119 4 2 41796
32120 4 2 41215
32121 4 2 41211
32122 4 2 41210
32123 4 2 41212
32124 4 2 41213
32125 4 2 41797
32126 4 2 41216
32127 4 2 41217
32128 4 2 43573
32129 4 2 41796
32130 4 2 41210
32131 4 2 41211
32132 4 2 41212
32133 4 3 41196
32134 4 3 41198
32135 4 3 41200
32136 4 3 41201
32137 4 3 41202
32138 4 3 32103
32139 4 3 32100
32140 4 3 32133
32141 4 3 32127
32142 4 3 32128
32143 4 3 32103
32144 4 3 32100
32145 4 3 32133
32146 4 3 32127
32147 4 3 32128
32148 4 3 32103
32149 4 3 32100
32150 4 3 32133
32151 4 3 32127
32152 4 3 32128
32153 4 4 38292
32154 4 4 30321
32155 4 4 38294
32156 4 4 38295
32157 4 4 38296
32158 4 4 38292
32159 4 4 30321
32160 4 4 38294
32161 4 4 38295
32162 4 4 38296
32163 4 4 41183
32164 4 4 26753
32165 4 4 41184
32166 4 4 41185
32167 4 4 41186
32168 4 4 38292
32169 4 4 30321
32170 4 4 38294
32171 4 4 38295
32172 4 4 38296
32173 2 4 42080
32174 2 0 42082
32175 2 0 40960
32176 2 4 42080
32177 2 7 42087
32178 2 15 42090
32179 2 15 42090
32180 2 7 42087
32181 2 5 42081
32182 2 1 42083
32183 2 5 40958
32184 2 6 42086
32185 2 10 42091
32186 2 8 31996
32187 2 18 42084
32188 2 13 42085
32189 2 13 42088
32190 2 15 31379
32191 4 0 42092
32192 4 6 40976
32193 3 0 44920
32194 3 0 44920
32195 3 0 44920
32196 3 0 44920
32197 3 0 44920
32198 3 0 44920
32199 3 0 44920
32200 3 1 44930
32201 3 1 44930
32202 3 1 44930
32203 3 1 44930
32204 3 2 44926
32205 3 2 44926
32206 3 2 44926
32207 3 2 44926
32208 3 2 44926
32209 3 2 44926
32210 3 2 44926
32211 3 3 44924
32212 3 3 44924
32213 3 3 44924
32214 3 3 44924
32215 3 3 44924
32216 3 3 44924
32217 3 5 44927
32218 3 5 44927
32219 3 5 44927
32220 3 5 44927
32221 3 5 44927
32222 3 5 44927
32223 3 4 44921
32224 3 4 44921
32225 3 4 44921
32226 3 4 44921
32227 3 0 44919
32228 3 1 44929
32229 3 2 44925
32230 3 3 44923
32231 3 5 44928
32232 4 4 45289
32233 15 2 45596
32234 4 3 45712
32235 4 2 52634
32236 2 0 44959
32237 2 15 45294
32238 4 0 39123
32239 4 1 45732
32240 4 2 45721
32241 4 3 45764
32242 4 3 45278
32243 4 4 45332
32244 12 0 24675
32245 4 4 45349
32246 2 4 44728
32247 4 0 39129
32248 2 6 45318
32249 3 4 44922
32250 4 4 45760
32251 4 3 45358
32252 4 2 45327
32253 2 18 45491
32254 2 0 44960
32255 4 6 44869
32256 4 1 45356
32257 4 8 45315
32258 4 3 45765
32259 4 3 45762
32260 4 0 39214
32261 4 0 44357
32262 2 4 45345
32263 4 4 45334
32264 4 3 45731
32265 4 2 45730
32266 4 0 44358
32267 4 4 45918
32268 4 4 45324
32269 2 15 47605
32270 4 1 45292
32271 4 2 45724
32272 2 7 44738
32273 4 1 45704
32274 9 10 1096
32275 4 3 45670
32276 4 3 45763
32277 9 10 1096
32278 4 4 46487
32279 4 4 45347
32280 4 4 45715
32281 9 10 1096
32282 9 10 1096
32283 9 10 1096
32284 9 10 1096
32285 9 10 1096
32286 9 10 1096
32287 9 10 1096
32288 9 10 1096
32289 9 10 1096
32290 9 10 1096
32291 9 10 1096
32292 9 10 1096
32293 9 10 1096
32294 9 10 1096
32295 9 10 1096
32296 9 10 1096
32297 9 10 1096
32298 9 10 1096
32299 9 10 1096
32300 9 10 1096
32301 9 10 1096
32302 9 10 1096
32303 9 10 1096
32304 9 10 1096
32305 9 10 1096
32306 9 10 1096
32307 9 10 1096
32308 9 10 1096
32309 9 10 1096
32310 9 10 1096
32311 9 10 1096
32312 9 10 1096
32313 12 0 41350
32314 15 5 44739
32315 12 0 12997
32316 15 5 44739
32317 15 5 44739
32318 15 5 44739
32319 15 5 44739
32320 12 0 44756
32321 12 0 3673
32322 4 0 44765
32323 4 1 45886
32324 4 2 47436
32325 2 3 44962
32326 2 16 45738
32327 4 1 45335
32328 4 2 45707
32329 4 1 47433
32330 4 9 43430
32331 4 1 45885
32332 2 5 45350
32333 4 4 45299
32334 4 3 45355
32335 4 0 44841
32336 2 2 45485
32337 4 1 46490
32338 4 1 45705
32339 4 2 45264
32340 4 1 45714
32341 4 4 46488
32342 4 4 45298
32343 2 19 45357
32344 2 10 47434
32345 4 4 45287
32346 4 3 45277
32347 4 2 45718
32348 2 1 45492
32349 4 0 45351
32350 4 0 41453
32351 4 2 45288
32352 4 2 45326
32353 4 1 45716
32354 4 4 45843
32355 12 0 44771
32356 12 0 44770
32357 12 0 44772
32358 12 0 1246
32359 12 0 34778
32360 2 10 44776
32361 4 0 45275
32362 4 0 4841
32363 2 19 41668
32364 12 0 12310
32365 4 4 45311
32366 4 2 45729
32367 4 1 45319
32368 4 7 34960
32369 2 7 47226
32370 4 0 39212
32371 2 6 44787
32372 12 0 36540
32373 4 4 45722
32374 2 10 45161
32375 4 6 45653
32376 4 3 45713
32377 4 2 45816
32378 2 16 20772
32379 12 0 44783
32380 12 0 12331
32381 9 3 1301
32382 12 0 19562
32383 12 0 44798
32384 2 7 31867
32385 15 0 7188
32386 15 0 7188
32387 4 8 45754
32388 12 0 2480
32389 4 1 42917
32390 4 1 44824
32391 4 1 45787
32392 4 1 44826
32393 4 2 44829
32394 4 2 44830
32395 4 2 44831
32396 4 2 44828
32397 4 3 44836
32398 4 3 45786
32399 4 3 44835
32400 4 3 44833
32401 4 4 27429
32402 4 4 45785
32403 4 4 44839
32404 4 4 44837
32405 15 0 26571
32406 0 0 45135
32407 2 11 44842
32408 0 0 44843
32409 3 6 39203
32410 3 6 39205
32411 9 10 6270
32412 9 10 6270
32413 7 2 52741
32414 4 4 40487
32415 4 4 40487
32416 4 4 40487
32417 4 4 40487
32418 4 4 40487
32419 4 4 40487
32420 4 1 45480
32421 2 1 43539
32422 2 1 43539
32423 7 1 36527
32424 0 0 18102
32425 2 7 44850
32426 0 0 7264
32427 15 0 33296
32428 7 11 44851
32429 9 1 2571
32430 9 1 2571
32431 9 1 2571
32432 9 1 2571
32433 9 1 2571
32434 9 1 2571
32435 9 1 2571
32436 9 1 2571
32437 9 2 2571
32438 9 2 2571
32439 9 2 2571
32440 9 2 2571
32441 9 4 2571
32442 9 4 2571
32443 9 4 2571
32444 9 4 2571
32445 4 0 44852
32446 12 0 9731
32447 9 2 2571
32448 2 6 44855
32449 12 0 24730
32450 2 4 44858
32451 2 4 44858
32452 4 0 39505
32453 0 5 38430
32454 15 0 7694
32455 0 5 44861
32456 12 0 7888
32457 12 0 7887
32458 15 5 44872
32459 12 0 44889
32460 2 8 44892
32461 4 4 45779
32462 15 0 20709
32463 2 4 44932
32464 12 0 36189
32465 15 2 44946
32466 2 7 41428
32467 12 0 1246
32468 12 0 20614
32469 12 0 16161
32470 12 0 44940
32471 2 15 45487
32472 4 4 43889
32473 4 4 43886
32474 4 3 45783
32475 4 3 45780
32476 4 3 45778
32477 2 13 34296
32478 4 2 44949
32479 4 2 45782
32480 4 2 43886
32481 4 0 43430
32482 2 19 41367
32483 4 0 45364
32484 2 7 44955
32485 4 0 44974
32486 4 0 45849
32487 4 0 45853
32488 4 0 45850
32489 4 0 35130
32490 4 0 45854
32491 4 0 45855
32492 4 0 45851
32493 4 0 45852
32494 4 1 43891
32495 4 1 45781
32496 4 0 45488
32497 4 0 45362
32498 15 2 44964
32499 2 5 45630
32500 2 4 45365
32501 4 0 45337
32502 12 0 4045
32503 12 0 25481
32504 2 13 44971
32505 4 0 45322
32506 15 0 45651
32507 2 6 45510
32508 4 0 32395
32509 12 0 32547
32510 4 3 45733
32511 9 10 15274
32512 4 4 44866
32513 4 1 45359
32514 4 0 24022
32515 4 4 42650
32516 4 1 40490
32517 4 3 45757
32518 4 2 45758
32519 4 1 45263
32520 4 0 45003
32521 4 4 46205
32522 4 6 45006
32523 12 0 1246
32524 4 1 45476
32525 4 1 45702
32526 4 0 31616
32527 4 0 31616
32528 4 0 31616
32529 4 4 45008
32530 2 6 45011
32531 4 0 9860
32532 4 2 45029
32533 4 0 45030
32534 4 0 36755
32535 4 0 28733
32536 2 4 45040
32537 2 4 31321
32538 4 1 45042
32539 4 1 45043
32540 4 1 45048
32541 4 1 45050
32542 0 0 45058
32543 15 0 12333
32544 15 0 12333
32545 15 0 12333
32546 15 0 12333
32547 15 0 12333
32548 15 0 12333
32549 15 0 12333
32550 15 0 12333
32551 15 0 12333
32552 15 0 12333
32553 15 0 12333
32554 15 0 12333
32555 15 0 12333
32556 15 0 12333
32557 15 0 12333
32558 15 0 12333
32559 15 0 12333
32560 15 0 12333
32561 15 0 12333
32562 2 15 45059
32563 0 0 2474
32564 12 0 1246
32565 2 1 45060
32566 15 0 45061
32567 12 0 7394
32568 4 4 45404
32569 15 0 45306
32570 4 4 45413
32571 4 4 45402
32572 15 0 45305
32573 4 4 45407
32574 4 3 45399
32575 4 3 45408
32576 0 8 6513
32577 4 3 45403
32578 15 0 6334
32579 4 3 45408
32580 4 2 45775
32581 4 2 45773
32582 4 2 45401
32583 4 2 45774
32584 4 1 45400
32585 4 1 45412
32586 4 1 45400
32587 4 1 45409
32588 15 2 45063
32589 4 0 31899
32590 4 1 46124
32591 4 0 39210
32592 4 3 45283
32593 4 2 45352
32594 4 2 16700
32595 15 0 20611
32596 0 3 15734
32597 0 3 45064
32598 0 3 15736
32599 0 3 15738
32600 0 3 15715
32601 0 3 15737
32602 0 0 45112
32603 2 8 45069
32604 2 0 45073
32605 2 10 45087
32606 4 4 44866
32607 2 10 45095
32608 4 4 45728
32609 4 1 45706
32610 2 10 45096
32611 2 4 45396
32612 2 1 45110
32613 2 2 45111
32614 2 8 45118
32615 2 7 45117
32616 15 0 59501
32617 15 0 59499
32618 12 0 45112
32619 12 0 45132
32620 12 0 7629
32621 12 0 45133
32622 15 0 45134
32623 12 0 9127
32624 15 0 45143
32625 15 0 45144
32626 15 0 45143
32627 15 0 45144
32628 15 0 45143
32629 15 0 45143
32630 15 0 45144
32631 15 0 45144
32632 2 7 45150
32633 2 7 45146
32634 3 5 44923
32635 3 5 35917
32636 3 5 7279
32637 3 5 7221
32638 3 5 39932
32639 3 4 44730
32640 3 6 39205
32641 3 6 39203
32642 12 0 20774
32643 15 0 20774
32644 2 4 22178
32645 2 18 45154
32646 12 0 13024
32647 4 2 45155
32648 4 4 45472
32649 12 0 29935
32650 2 19 45159
32651 4 0 45160
32652 4 6 45163
32653 4 1 15120
32654 4 0 36540
32655 4 1 46204
32656 4 3 45185
32657 12 0 45186
32658 4 0 45197
32659 2 15 45187
32660 2 7 12284
32661 2 4 45188
32662 2 10 45189
32663 2 1 40300
32664 4 0 9847
32665 4 1 45191
32666 12 0 38748
32667 0 5 18079
32668 0 5 18115
32669 0 0 45198
32670 15 0 40300
32671 15 0 45188
32672 15 0 45197
32673 15 0 45187
32674 15 0 12284
32675 15 0 45200
32676 15 0 45184
32677 15 0 45199
32678 15 0 9847
32679 15 0 45189
32680 12 0 45201
32681 15 0 20914
32682 15 0 20914
32683 15 0 20914
32684 15 0 20914
32685 0 5 38273
32686 0 5 1438
32687 12 0 1244
32688 15 0 18170
32689 15 0 18170
32690 15 0 18170
32691 15 0 18170
32692 15 0 18170
32693 15 0 18170
32694 4 0 43551
32695 4 0 43551
32696 12 0 35852
32697 12 0 42032
32698 12 0 43599
32699 2 1 45308
32700 15 0 18170
32701 15 0 18170
32702 15 0 18170
32703 15 0 18170
32704 15 0 18170
32705 15 0 18170
32706 15 0 18170
32707 15 0 18170
32708 15 0 18170
32709 15 0 18170
32710 15 0 18170
32711 15 0 18170
32712 15 0 18170
32713 15 0 18170
32714 15 0 959
32715 12 0 7266
32716 12 0 3146
32717 12 0 45467
32718 12 0 45468
32719 2 4 45367
32720 12 0 1257
32721 0 5 45616
32722 0 5 45617
32723 12 0 11448
32724 15 0 36188
32725 15 0 45389
32726 15 0 45390
32727 15 0 3665
32728 15 0 45391
32729 2 6 45392
32730 2 2 45393
32731 2 15 36036
32732 12 0 45395
32733 12 0 41193
32734 12 0 45398
32735 3 4 39930
32736 9 4 1096
32737 9 4 1096
32738 9 4 1096
32739 9 4 1096
32740 2 16 45416
32741 12 0 45608
32742 12 0 9129
32743 2 0 43355
32744 9 1 1096
32745 9 1 1096
32746 9 1 1096
32747 9 1 1096
32748 9 1 1096
32749 9 1 1096
32750 9 1 1096
32751 9 1 1096
32752 9 2 1096
32753 9 2 1096
32754 9 2 1096
32755 9 2 1096
32756 2 3 45445
32757 12 0 29935
32758 12 0 18080
32759 15 0 41644
32760 6 2 40523
32761 6 3 45435
32762 0 1 45156
32763 0 1 45437
32764 0 3 37850
32765 0 3 37852
32766 0 3 37851
32767 0 3 19547
32768 15 5 45443
32769 4 2 43021
32770 4 0 45453
32771 4 0 45452
32772 4 0 9837
32773 13 0 42619
32774 4 0 24022
32775 0 8 12310
32776 4 1 26680
32777 15 0 45448
32778 4 4 43043
32779 4 0 39124
32780 2 3 41433
32781 2 15 21620
32782 4 0 34149
32783 0 1 15718
32784 0 1 15713
32785 4 3 46053
32786 4 2 46059
32787 4 1 46064
32788 4 2 46059
32789 4 4 46044
32790 4 2 46056
32791 4 3 46049
32792 4 3 46049
32793 4 4 46041
32794 4 4 46044
32795 4 1 46067
32796 4 2 46059
32797 4 3 46052
32798 4 2 46058
32799 4 1 46062
32800 4 2 46058
32801 4 4 46042
32802 4 2 46054
32803 4 3 46048
32804 4 3 46048
32805 4 4 46039
32806 4 4 46042
32807 4 1 46065
32808 4 2 46058
32809 4 3 46051
32810 4 2 46060
32811 4 1 46063
32812 4 2 46060
32813 4 4 46043
32814 4 2 46057
32815 4 2 30804
32816 4 3 46047
32817 4 3 46047
32818 4 4 46040
32819 4 4 46043
32820 4 1 46066
32821 4 2 46060
32822 12 0 45465
32823 15 0 1013
32824 2 8 23875
32825 12 0 45466
32826 2 2 43383
32827 2 2 45469
32828 4 0 45495
32829 2 6 45475
32830 2 10 28513
32831 2 19 47595
32832 2 16 45474
32833 3 3 46253
32834 12 0 22271
32835 15 0 1282
32836 3 3 46252
32837 2 7 45479
32838 2 7 45481
32839 0 8 46254
32840 0 1 37816
32841 2 15 45493
32842 12 0 39435
32843 12 0 32922
32844 0 1 37812
32845 0 1 37810
32846 0 1 37815
32847 0 1 37814
32848 0 0 45135
32849 0 8 46255
32850 0 8 46256
32851 0 8 46257
32852 0 8 46258
32853 12 0 32922
32854 2 5 45496
32855 3 6 39205
32856 2 15 45497
32857 15 5 36142
32858 15 5 36142
32859 15 5 36142
32860 15 5 36142
32861 15 5 36142
32862 15 5 36142
32863 4 0 45500
32864 4 0 43551
32865 4 2 45503
32866 4 4 45505
32867 4 1 45502
32868 4 3 45504
32869 4 2 45506
32870 4 3 45507
32871 4 4 43277
32872 2 19 45508
32873 2 10 45509
32874 2 7 45518
32875 2 1 45526
32876 2 18 45530
32877 2 13 45585
32878 2 13 45549
32879 2 8 45544
32880 6 3 45547
32881 6 3 45547
32882 6 3 44356
32883 6 3 44356
32884 2 10 45557
32885 4 6 45559
32886 2 0 45560
32887 2 0 45564
32888 15 0 18010
32889 2 7 45568
32890 2 7 45569
32891 4 6 45580
32892 2 4 45579
32893 2 10 45595
32894 2 15 45594
32895 15 0 30953
32896 15 0 634
32897 15 4 45597
32898 0 3 37850
32899 0 3 37851
32900 0 3 19547
32901 0 3 37852
32902 0 1 45612
32903 0 1 45156
32904 0 1 45437
32905 0 1 45611
32906 12 0 47089
32907 12 0 3673
32908 12 0 45613
32909 0 1 15718
32910 0 1 15713
32911 15 0 33470
32912 2 14 47520
32913 0 0 18115
32914 2 15 36741
32915 2 14 47477
32916 12 0 8927
32917 2 14 47477
32918 2 14 47477
32919 2 14 47477
32920 2 14 47477
32921 15 0 33469
32922 2 8 45632
32923 2 15 45633
32924 2 6 45634
32925 2 8 45635
32926 2 15 45636
32927 2 15 45637
32928 2 8 45638
32929 2 15 45639
32930 2 8 45640
32931 2 15 45641
32932 2 8 45642
32933 2 15 45643
32934 2 8 45644
32935 2 8 45645
32936 2 15 45646
32937 2 15 45647
32938 2 8 45648
32939 2 15 45649
32940 2 8 45650
32941 4 0 24087
32942 4 0 23728
32943 2 4 45345
32944 2 13 45689
32945 2 13 45890
32946 2 13 45889
32947 0 1 37807
32948 0 1 37808
32949 2 7 45692
32950 2 4 45693
32951 2 8 45692
32952 0 8 7899
32953 2 8 45777
32954 4 4 29863
32955 4 4 29863
32956 4 4 29863
32957 4 4 29859
32958 4 4 29859
32959 4 4 29859
32960 12 0 45784
32961 4 0 39505
32962 2 19 46606
32963 2 4 44858
32964 2 4 44858
32965 0 8 45808
32966 0 8 20874
32967 0 8 45809
32968 4 3 7118
32969 4 3 45827
32970 4 3 45828
32971 0 0 22198
32972 4 0 45840
32973 4 1 41255
32974 4 1 41475
32975 4 1 41164
32976 4 1 41475
32977 4 1 41272
32978 4 1 41484
32979 4 1 46068
32980 4 1 46069
32981 4 1 46071
32982 4 4 41165
32983 4 4 41257
32984 4 4 41167
32985 4 4 41165
32986 4 4 41275
32987 4 4 41167
32988 4 4 46042
32989 4 4 46043
32990 4 4 46044
32991 4 3 41259
32992 4 3 41477
32993 4 3 41481
32994 4 3 41259
32995 4 3 41477
32996 4 3 41481
32997 4 3 46047
32998 4 3 46048
32999 4 3 46049
33000 4 4 29860
33001 12 0 35023
33002 2 10 45887
33003 4 0 35442
33004 0 5 16211
33005 4 3 45896
33006 2 18 46964
33007 12 0 1096
33008 12 0 45900
33009 12 0 25475
33010 12 0 7263
33011 2 14 10822
33012 4 0 45907
33013 12 0 1322
33014 4 0 45908
33015 12 0 45923
33016 2 14 49972
33017 2 14 49974
33018 2 14 49974
33019 2 14 49974
33020 2 14 49974
33021 2 14 49974
33022 15 0 33469
33023 0 0 47110
33024 0 0 47111
33025 0 0 47112
33026 0 0 47113
33027 4 1 51619
33028 0 0 18102
33029 0 0 18102
33030 0 0 18102
33031 0 0 18102
33032 0 0 18102
33033 0 0 18102
33034 0 0 18102
33035 0 0 18102
33036 0 0 18102
33037 12 0 34742
33038 12 0 45927
33039 12 0 45928
33040 12 0 45931
33041 12 0 12925
33042 0 5 19873
33043 0 0 47114
33044 12 0 45938
33045 12 0 19595
33046 4 0 37840
33047 4 0 45840
33048 0 5 32650
33049 2 0 45945
33050 12 0 35025
33051 12 0 34751
33052 0 5 44291
33053 0 5 39119
33054 4 0 31657
33055 4 0 44841
33056 4 0 39129
33057 4 0 39129
33058 4 0 31905
33059 4 0 39129
33060 3 8 43108
33061 13 0 23458
33062 15 0 47446
33063 0 0 6399
33064 4 0 39129
33065 4 0 39162
33066 4 0 39162
33067 4 0 39162
33068 4 0 39162
33069 12 0 43599
33070 12 0 6327
33071 12 0 45984
33072 12 0 35178
33073 4 1 46034
33074 4 1 46037
33075 4 1 46038
33076 4 8 9659
33077 4 7 1103
33078 4 9 46045
33079 0 0 46046
33080 2 3 46081
33081 0 8 46134
33082 12 0 18168
33083 0 8 46142
33084 12 0 46722
33085 12 0 46154
33086 12 0 7111
33087 12 0 46176
33088 12 0 43677
33089 2 16 46177
33090 0 0 21473
33091 12 0 46184
33092 0 1 45437
33093 0 1 45156
33094 2 0 5122
33095 12 0 7111
33096 15 0 18102
33097 4 0 35431
33098 12 0 7889
33099 0 0 2515
33100 0 0 46200
33101 12 0 37388
33102 12 0 15794
33103 12 0 46209
33104 4 0 46210
33105 4 0 41734
33106 12 0 7048
33107 12 0 2622
33108 12 0 46211
33109 12 0 6017
33110 12 0 46220
33111 12 0 3397
33112 12 0 6387
33113 12 0 35178
33114 12 0 34749
33115 12 0 34749
33116 2 1 46231
33117 1 0 46716
33118 4 1 40622
33119 12 0 7292
33120 12 0 2599
33121 12 0 31906
33122 4 1 26202
33123 12 0 46245
33124 9 1 6270
33125 2 14 46247
33126 12 0 46248
33127 12 0 2757
33128 15 0 46249
33129 12 0 46251
33130 3 0 44920
33131 3 0 44920
33132 3 0 44920
33133 3 0 44920
33134 3 0 44920
33135 3 1 44930
33136 3 1 44930
33137 3 1 44930
33138 3 2 44926
33139 3 2 44926
33140 3 2 44926
33141 3 2 44926
33142 3 2 44926
33143 3 2 44926
33144 3 2 44926
33145 9 10 6270
33146 15 0 39635
33147 15 0 39635
33148 9 8 7798
33149 9 8 7798
33150 9 8 7798
33151 9 8 7798
33152 9 8 7798
33153 9 8 7798
33154 15 2 32955
33155 9 10 6270
33156 9 10 6270
33157 9 10 6270
33158 9 10 6270
33159 9 10 6270
33160 9 10 6270
33161 2 14 46260
33162 4 0 46260
33163 12 0 35406
33164 12 0 35178
33165 9 8 7798
33166 12 0 46273
33167 15 0 46298
33168 2 4 46294
33169 2 0 46424
33170 2 10 46369
33171 2 0 46297
33172 2 8 46322
33173 4 4 46324
33174 9 4 6270
33175 12 0 19497
33176 15 5 56954
33177 2 1 46331
33178 2 1 46523
33179 15 0 46325
33180 2 8 20640
33181 4 6 46336
33182 15 5 56954
33183 15 5 47504
33184 15 5 56954
33185 0 6 9635
33186 9 4 15274
33187 12 0 7162
33188 12 0 11183
33189 15 0 56954
33190 12 0 18063
33191 4 4 46781
33192 2 19 48216
33193 4 0 35431
33194 4 0 35431
33195 4 0 35431
33196 4 0 35431
33197 4 0 9858
33198 4 0 9852
33199 4 0 9858
33200 4 0 9858
33201 4 0 31603
33202 12 0 6327
33203 4 1 47159
33204 4 2 46382
33205 9 1 1096
33206 4 3 47032
33207 4 4 46784
33208 0 3 22191
33209 9 6 15274
33210 4 6 46383
33211 4 2 46785
33212 4 6 46413
33213 2 8 46410
33214 2 7 46789
33215 4 4 47020
33216 4 4 49359
33217 0 0 3225
33218 0 0 21473
33219 0 0 21473
33220 4 6 46425
33221 12 0 22271
33222 4 2 46792
33223 15 0 46524
33224 15 5 59462
33225 15 5 59462
33226 0 0 3225
33227 4 0 46427
33228 4 1 46430
33229 4 1 46431
33230 4 1 46432
33231 4 1 46433
33232 4 1 46434
33233 4 1 46435
33234 0 0 40694
33235 4 1 13675
33236 0 0 40853
33237 4 2 46437
33238 12 0 39726
33239 4 2 46438
33240 4 2 8712
33241 4 2 46439
33242 4 2 46440
33243 4 2 46441
33244 4 2 46442
33245 4 2 46443
33246 0 0 35639
33247 4 2 46444
33248 4 2 38664
33249 4 2 46445
33250 4 2 46446
33251 4 3 46447
33252 4 3 46448
33253 4 3 46449
33254 0 0 25481
33255 4 4 46462
33256 4 4 46461
33257 4 3 46452
33258 4 4 46463
33259 4 3 46454
33260 4 1 46455
33261 4 1 35076
33262 4 0 9837
33263 4 0 9834
33264 4 0 9847
33265 4 0 9854
33266 4 0 46456
33267 2 15 46457
33268 2 15 46458
33269 2 15 46459
33270 2 7 20214
33271 2 7 20110
33272 2 0 46460
33273 2 2 20667
33274 2 18 38651
33275 2 8 46485
33276 2 1 46486
33277 0 0 9135
33278 12 0 35178
33279 4 4 42651
33280 4 3 46793
33281 4 0 33906
33282 12 0 13122
33283 2 4 46801
33284 13 0 22071
33285 4 1 42602
33286 4 3 47037
33287 4 2 46803
33288 15 0 46195
33289 12 0 6270
33290 13 0 46764
33291 4 1 46804
33292 4 1 46514
33293 4 0 44358
33294 4 6 46520
33295 2 7 41333
33296 4 0 46805
33297 4 0 43701
33298 2 15 47127
33299 4 4 46807
33300 4 2 46809
33301 2 1 46522
33302 15 0 7280
33303 4 4 46810
33304 4 1 46812
33305 9 10 6270
33306 12 0 4939
33307 9 8 7798
33308 13 0 13885
33309 4 6 42376
33310 12 0 46563
33311 12 0 43105
33312 0 0 1659
33313 4 6 42376
33314 12 0 46575
33315 0 8 7899
33316 9 0 1103
33317 4 1 48222
33318 2 0 7590
33319 2 1 46588
33320 2 0 46589
33321 12 0 14019
33322 4 2 46813
33323 12 0 39448
33324 4 3 47038
33325 4 0 46817
33326 4 6 48211
33327 4 4 47898
33328 4 3 46978
33329 4 2 46979
33330 12 0 3918
33331 4 4 47021
33332 4 6 48212
33333 4 1 43292
33334 4 0 46981
33335 12 0 34279
33336 12 0 7358
33337 12 0 1438
33338 2 16 46602
33339 12 0 46575
33340 12 0 46760
33341 12 0 7358
33342 12 0 46563
33343 12 0 14019
33344 12 0 39448
33345 12 0 46575
33346 12 0 46575
33347 12 0 6270
33348 12 0 46608
33349 0 0 2515
33350 2 8 46609
33351 12 0 46612
33352 12 0 25467
33353 12 0 39723
33354 2 15 46982
33355 12 0 38760
33356 4 2 46983
33357 4 1 41484
33358 4 1 46613
33359 4 1 4615
33360 4 1 9894
33361 4 1 46614
33362 4 1 46615
33363 4 1 46616
33364 4 1 46617
33365 4 1 6306
33366 4 1 4614
33367 4 1 46618
33368 4 1 46619
33369 4 1 46620
33370 4 1 46621
33371 4 1 46622
33372 4 2 46629
33373 4 2 46630
33374 4 2 46631
33375 4 2 46632
33376 4 2 46633
33377 4 2 46634
33378 4 2 10179
33379 4 2 9726
33380 4 2 46623
33381 4 2 5401
33382 4 2 46624
33383 4 2 46625
33384 4 2 46626
33385 4 2 46628
33386 4 3 47036
33387 12 0 46627
33388 2 7 46985
33389 2 15 46986
33390 4 3 46642
33391 4 3 46643
33392 4 3 46644
33393 4 3 46645
33394 4 3 46646
33395 4 3 46647
33396 4 3 37344
33397 4 3 46635
33398 4 3 46636
33399 4 3 46637
33400 4 3 46638
33401 4 3 46639
33402 4 3 46640
33403 4 3 46641
33404 4 4 46649
33405 4 4 46650
33406 4 4 46651
33407 4 4 46648
33408 4 4 46652
33409 4 4 46653
33410 4 4 46654
33411 12 0 33399
33412 4 4 46655
33413 4 4 46656
33414 4 4 46657
33415 4 4 40746
33416 4 4 46658
33417 4 4 46659
33418 12 0 12926
33419 4 4 46660
33420 12 0 39724
33421 4 4 46987
33422 2 2 46666
33423 2 4 5009
33424 2 10 20446
33425 2 7 46665
33426 2 0 8479
33427 2 3 46664
33428 2 15 46663
33429 2 1 8537
33430 2 8 46661
33431 2 5 8694
33432 4 3 47173
33433 4 3 46668
33434 4 2 46671
33435 4 4 50806
33436 4 1 46669
33437 4 3 46673
33438 4 1 46674
33439 4 2 46672
33440 4 4 42217
33441 12 0 39724
33442 12 0 47710
33443 0 5 50875
33444 0 5 50587
33445 0 5 50880
33446 4 4 46989
33447 0 1 56990
33448 0 1 56989
33449 0 5 50868
33450 12 0 17514
33451 0 5 50869
33452 0 5 50870
33453 4 1 48434
33454 0 5 50873
33455 12 0 46679
33456 13 0 20802
33457 0 4 3331
33458 0 4 2616
33459 0 4 1093
33460 0 4 2616
33461 0 4 1093
33462 0 4 3331
33463 4 1 48436
33464 4 3 46990
33465 2 10 46991
33466 4 0 9852
33467 2 7 46992
33468 2 4 46994
33469 4 3 46995
33470 7 5 46711
33471 4 1 46996
33472 12 0 35178
33473 4 4 46998
33474 2 2 48215
33475 2 8 46609
33476 2 0 46999
33477 12 0 44290
33478 2 8 47042
33479 4 2 47001
33480 4 1 47002
33481 4 4 47003
33482 4 3 45845
33483 4 2 47005
33484 4 1 47589
33485 12 0 46687
33486 12 0 46689
33487 12 0 44291
33488 12 0 23229
33489 4 1 47007
33490 2 10 47008
33491 2 3 47010
33492 2 1 47011
33493 2 15 47012
33494 2 10 46916
33495 2 13 47176
33496 4 0 33534
33497 4 0 35313
33498 4 0 31576
33499 4 0 45362
33500 4 0 39120
33501 4 4 47015
33502 4 7 34961
33503 4 7 34959
33504 4 7 34960
33505 4 9 46045
33506 4 9 47071
33507 4 9 47072
33508 4 8 47073
33509 4 8 39640
33510 4 8 47088
33511 2 5 46691
33512 4 4 47016
33513 4 4 47017
33514 4 4 47018
33515 4 4 47022
33516 4 4 47023
33517 4 4 47024
33518 4 4 47025
33519 4 4 47026
33520 4 4 47027
33521 2 5 46692
33522 4 4 49359
33523 4 4 46784
33524 4 4 40515
33525 2 13 46693
33526 2 13 46694
33527 4 3 47029
33528 4 3 47030
33529 4 3 47031
33530 4 3 47177
33531 4 3 47034
33532 4 3 47035
33533 4 3 47160
33534 4 3 47034
33535 4 3 47035
33536 4 3 46089
33537 4 3 47041
33538 4 2 47045
33539 4 2 47044
33540 4 2 47043
33541 12 0 46698
33542 2 0 40066
33543 2 15 40937
33544 2 0 46700
33545 12 0 46703
33546 15 0 959
33547 15 0 3307
33548 15 0 37654
33549 15 0 18092
33550 15 0 6699
33551 15 0 6636
33552 4 2 47049
33553 15 0 6625
33554 12 0 46709
33555 15 0 6699
33556 15 0 28878
33557 4 2 45753
33558 12 0 37035
33559 4 2 46105
33560 15 0 21368
33561 15 0 2874
33562 15 0 7350
33563 12 0 6748
33564 15 0 16065
33565 15 0 16065
33566 4 2 47050
33567 7 6 50522
33568 7 6 50523
33569 15 0 6002
33570 0 0 46712
33571 15 0 1645
33572 0 0 46712
33573 0 0 46712
33574 0 0 46712
33575 15 0 3307
33576 15 0 7089
33577 4 2 47054
33578 4 2 47055
33579 4 2 47056
33580 4 2 47057
33581 12 0 7015
33582 4 2 49057
33583 4 2 47060
33584 4 1 47061
33585 4 1 48224
33586 4 1 48227
33587 4 1 48226
33588 4 1 47062
33589 4 1 47065
33590 4 1 47067
33591 4 1 47068
33592 4 1 42615
33593 4 1 47069
33594 2 0 46750
33595 2 4 46751
33596 4 6 46752
33597 2 1 46748
33598 2 6 46753
33599 12 0 23739
33600 0 0 46712
33601 0 0 46712
33602 0 0 46712
33603 0 0 46712
33604 12 3 46763
33605 12 0 39928
33606 12 0 36592
33607 12 0 39928
33608 2 10 46769
33609 2 7 46770
33610 12 0 3422
33611 12 0 20951
33612 12 0 6680
33613 12 0 46780
33614 0 0 49608
33615 0 0 46773
33616 0 0 37857
33617 0 0 17882
33618 12 0 46775
33619 0 0 4133
33620 12 0 20342
33621 0 0 49799
33622 9 10 6270
33623 0 0 46712
33624 0 0 46712
33625 0 0 46712
33626 0 0 46712
33627 12 0 2515
33628 12 0 4811
33629 15 0 6699
33630 15 0 7129
33631 15 0 1498
33632 15 0 7089
33633 3 6 39203
33634 15 0 25483
33635 12 0 34798
33636 4 1 45714
33637 12 0 46782
33638 15 0 46786
33639 15 0 46787
33640 2 13 47175
33641 4 6 42376
33642 2 4 39278
33643 2 5 41558
33644 4 3 45963
33645 4 3 45964
33646 4 3 45965
33647 4 3 45966
33648 4 3 45967
33649 2 0 41559
33650 2 1 41560
33651 4 2 45993
33652 4 2 45998
33653 4 2 46347
33654 4 2 45996
33655 4 2 45997
33656 4 1 45974
33657 4 1 45975
33658 4 1 46107
33659 4 1 45976
33660 4 4 42651
33661 4 6 42376
33662 2 4 47606
33663 2 5 47742
33664 4 3 46880
33665 4 3 46883
33666 4 3 47951
33667 4 3 46882
33668 4 3 46881
33669 2 0 46962
33670 2 1 47732
33671 4 2 46941
33672 4 2 48262
33673 4 2 46946
33674 4 2 46944
33675 4 2 46945
33676 4 1 48285
33677 4 1 46871
33678 4 1 46872
33679 4 1 46876
33680 4 1 46873
33681 4 0 39505
33682 4 1 46876
33683 4 1 46871
33684 4 1 48285
33685 4 1 46873
33686 4 1 46872
33687 2 4 47740
33688 2 8 46900
33689 2 0 46962
33690 4 2 46941
33691 4 2 48261
33692 4 2 46946
33693 4 2 46944
33694 4 2 46945
33695 4 4 47949
33696 4 4 46949
33697 4 4 47759
33698 4 4 46951
33699 4 4 46953
33700 4 2 46940
33701 4 2 47825
33702 4 2 46937
33703 4 2 46938
33704 4 2 46939
33705 2 13 46967
33706 4 3 46891
33707 4 3 46892
33708 4 3 46894
33709 4 3 46895
33710 4 3 46890
33711 4 3 46891
33712 4 3 46892
33713 4 3 46894
33714 4 3 46895
33715 4 3 46890
33716 2 10 47744
33717 4 1 46932
33718 4 1 48113
33719 4 1 46925
33720 4 1 46926
33721 4 1 46927
33722 4 4 47949
33723 4 4 46949
33724 4 4 47759
33725 4 4 46951
33726 4 4 46953
33727 2 6 40368
33728 4 4 46867
33729 4 4 46868
33730 4 4 49686
33731 4 4 46866
33732 4 4 46865
33733 2 4 47606
33734 2 7 46970
33735 4 6 42376
33736 4 0 39505
33737 2 13 46966
33738 4 3 46891
33739 4 3 46892
33740 4 3 46894
33741 4 3 46895
33742 4 3 46890
33743 2 4 47740
33744 4 1 46932
33745 4 1 48113
33746 4 1 46925
33747 4 1 46926
33748 4 1 46927
33749 4 4 47949
33750 4 4 46949
33751 4 4 47759
33752 4 4 46951
33753 4 4 46953
33754 2 15 47733
33755 4 6 42376
33756 2 15 47733
33757 4 1 46928
33758 4 1 47799
33759 4 1 46930
33760 4 1 46931
33761 4 1 46933
33762 2 7 46970
33763 2 15 46973
33764 2 19 46606
33765 2 16 38679
33766 2 10 47743
33767 4 2 46941
33768 4 2 48262
33769 4 2 46946
33770 4 2 46944
33771 4 2 46945
33772 4 4 46012
33773 2 8 49657
33774 12 0 46782
33775 15 0 6358
33776 15 0 6358
33777 15 0 6358
33778 12 0 7270
33779 12 0 7015
33780 12 0 1093
33781 12 0 1103
33782 3 4 39930
33783 9 10 6270
33784 15 0 20774
33785 0 0 46712
33786 0 0 46712
33787 0 0 46712
33788 0 0 46712
33789 4 6 46831
33790 2 0 46832
33791 2 7 46839
33792 9 4 15274
33793 2 4 46840
33794 12 0 46851
33795 2 10 46863
33796 12 0 38759
33797 0 0 47356
33798 2 10 46916
33799 4 0 45840
33800 0 0 46560
33801 2 15 47733
33802 12 0 38757
33803 6 2 26497
33804 9 3 1102
33805 4 3 47004
33806 12 0 47009
33807 12 0 13082
33808 4 4 51920
33809 15 5 40160
33810 4 4 47019
33811 4 4 47047
33812 4 4 44735
33813 4 4 47092
33814 12 0 12989
33815 12 0 47048
33816 15 2 33467
33817 15 2 33467
33818 15 2 33467
33819 12 0 38757
33820 4 1 47051
33821 12 0 5283
33822 0 5 1208
33823 7 8 24711
33824 7 8 38902
33825 0 5 46273
33826 12 0 45651
33827 12 0 8093
33828 4 0 47091
33829 4 0 47093
33830 4 0 35439
33831 4 0 47094
33832 4 0 47095
33833 12 0 45500
33834 12 0 47098
33835 12 0 19764
33836 12 0 46252
33837 12 0 47096
33838 12 0 22200
33839 12 0 47100
33840 12 0 41681
33841 4 8 9659
33842 4 7 1103
33843 4 9 46045
33844 15 0 47102
33845 4 0 34732
33846 15 0 3673
33847 12 0 31434
33848 12 0 47100
33849 12 0 47104
33850 12 0 47836
33851 12 0 47096
33852 12 0 47096
33853 4 0 39129
33854 15 0 13714
33855 4 0 26001
33856 15 0 7695
33857 15 0 9151
33858 12 0 43101
33859 12 0 928
33860 12 0 31205
33861 12 0 47106
33862 4 0 47130
33863 4 0 47220
33864 4 0 47255
33865 0 0 47109
33866 0 5 42924
33867 0 5 24711
33868 4 0 51758
33869 9 5 15274
33870 9 5 15274
33871 9 5 6270
33872 0 5 39720
33873 9 5 15274
33874 0 5 25469
33875 9 5 15274
33876 4 3 47405
33877 4 3 47406
33878 4 3 47408
33879 4 2 47409
33880 4 2 47428
33881 4 2 47411
33882 4 1 47412
33883 4 1 47413
33884 4 1 47414
33885 4 2 47409
33886 4 2 47428
33887 4 2 47411
33888 4 4 47415
33889 4 4 47416
33890 4 4 47417
33891 4 2 47900
33892 4 2 47403
33893 4 2 46057
33894 4 3 47418
33895 4 3 47419
33896 4 3 47420
33897 4 3 47418
33898 4 3 47419
33899 4 3 47420
33900 4 1 47421
33901 4 1 47422
33902 4 1 47423
33903 4 4 47415
33904 4 4 47416
33905 4 4 47417
33906 4 3 47418
33907 4 3 47419
33908 4 3 47420
33909 4 4 47415
33910 4 4 47416
33911 4 4 47417
33912 4 1 47425
33913 4 1 47426
33914 4 1 47427
33915 4 2 47409
33916 4 2 47428
33917 4 2 47411
33918 4 0 39129
33919 4 0 39129
33920 4 0 39162
33921 4 0 39162
33922 4 0 39162
33923 4 0 39162
33924 0 5 47763
33925 9 5 6270
33926 0 0 47123
33927 0 0 8935
33928 0 0 47124
33929 0 0 18102
33930 0 8 31846
33931 0 8 31846
33932 0 8 31846
33933 0 8 31846
33934 0 1 47132
33935 0 1 47133
33936 4 7 34960
33937 4 7 34960
33938 4 7 34960
33939 4 9 25246
33940 4 9 25246
33941 4 9 25246
33942 4 8 34953
33943 4 8 34953
33944 4 8 34953
33945 4 8 34953
33946 4 8 34953
33947 4 8 34953
33948 4 7 34960
33949 4 7 34960
33950 4 7 34960
33951 4 9 25246
33952 4 9 25246
33953 4 9 25246
33954 9 4 1096
33955 12 0 7744
33956 0 0 18102
33957 4 0 47144
33958 4 0 47144
33959 4 0 47144
33960 12 0 47149
33961 12 0 47149
33962 12 0 47149
33963 2 14 47311
33964 4 3 47037
33965 4 3 46995
33966 4 0 47221
33967 4 0 47170
33968 4 0 47254
33969 4 0 47256
33970 4 3 46990
33971 4 2 47049
33972 4 2 46983
33973 4 2 46803
33974 4 2 47171
33975 2 13 47174
33976 15 5 17343
33977 15 5 17343
33978 12 0 47178
33979 2 5 47188
33980 2 0 47192
33981 2 0 47198
33982 2 0 47207
33983 2 10 47212
33984 2 7 47225
33985 12 0 7066
33986 4 0 26537
33987 4 0 26537
33988 4 0 26537
33989 4 0 26537
33990 2 7 47230
33991 2 2 47228
33992 2 7 47229
33993 15 2 52793
33994 4 0 26537
33995 4 0 26537
33996 4 0 26537
33997 4 0 26537
33998 4 0 26537
33999 15 5 47934
34000 4 0 50842
34001 4 0 50845
34002 4 0 50843
34003 4 0 50844
34004 4 0 50845
34005 4 0 50842
34006 4 0 50843
34007 4 0 50844
34008 4 0 45840
34009 2 4 47248
34010 4 1 47249
34011 4 6 47250
34012 4 1 47252
34013 12 0 39116
34014 2 1 47771
34015 2 0 46962
34016 2 13 46967
34017 0 0 18102
34018 0 0 18102
34019 0 0 18102
34020 0 0 18102
34021 0 0 18102
34022 0 0 18102
34023 0 0 49608
34024 0 0 46773
34025 15 0 47264
34026 12 0 21207
34027 12 0 50540
34028 12 0 47178
34029 4 0 47330
34030 4 2 47270
34031 12 0 1134
34032 12 0 47304
34033 4 0 39505
34034 2 3 47277
34035 12 0 44246
34036 4 0 7899
34037 4 0 7899
34038 4 0 7899
34039 2 2 30926
34040 12 0 992
34041 12 0 7956
34042 12 0 1013
34043 12 0 13799
34044 0 0 29131
34045 2 15 47285
34046 0 0 47291
34047 0 0 47293
34048 0 0 4933
34049 4 0 47294
34050 4 0 47696
34051 12 0 47307
34052 7 12 56459
34053 7 12 56458
34054 7 12 56462
34055 7 10 56461
34056 7 12 56460
34057 7 12 56465
34058 2 6 46753
34059 2 19 46606
34060 15 5 47773
34061 15 5 47774
34062 0 5 47912
34063 0 0 25469
34064 0 0 35831
34065 0 0 40695
34066 2 19 46606
34067 1 0 2593
34068 0 0 47314
34069 12 0 47316
34070 12 0 47317
34071 0 0 46266
34072 12 0 23161
34073 4 0 47325
34074 4 0 47325
34075 4 0 47325
34076 0 0 6693
34077 0 0 49426
34078 12 0 47304
34079 2 10 47346
34080 2 0 36381
34081 12 0 8928
34082 12 0 45931
34083 12 0 47355
34084 12 0 20897
34085 4 1 48130
34086 4 1 47629
34087 4 1 48131
34088 12 0 46627
34089 12 0 3093
34090 12 0 24051
34091 12 0 24051
34092 15 5 42378
34093 2 1 39902
34094 4 0 26537
34095 4 0 26537
34096 2 1 47439
34097 2 1 47440
34098 2 3 47444
34099 11 3 2585
34100 11 2 21712
34101 12 0 13121
34102 12 0 18098
34103 9 1 811
34104 9 1 811
34105 11 2 47447
34106 11 3 47559
34107 4 1 47454
34108 12 0 47460
34109 9 0 1588
34110 9 8 7798
34111 12 0 22717
34112 12 0 4112
34113 7 3 36529
34114 9 3 1301
34115 12 0 37780
34116 12 0 37780
34117 13 0 22377
34118 12 0 13100
34119 15 0 13100
34120 12 0 47462
34121 12 0 22717
34122 12 0 47467
34123 12 0 47468
34124 12 0 22717
34125 0 5 40653
34126 9 5 2571
34127 12 0 32261
34128 12 0 53045
34129 15 5 49164
34130 0 2 4836
34131 12 0 31515
34132 12 0 32846
34133 12 0 17288
34134 12 0 47483
34135 12 0 7389
34136 12 0 38748
34137 12 0 13692
34138 2 19 47487
34139 2 19 47488
34140 4 0 47492
34141 12 0 47493
34142 3 8 40304
34143 3 8 40304
34144 2 19 47488
34145 2 19 55480
34146 2 19 47488
34147 2 19 47487
34148 2 19 47487
34149 2 19 47487
34150 15 0 47917
34151 0 0 47507
34152 0 0 47508
34153 0 0 47509
34154 0 0 47510
34155 0 0 47511
34156 0 0 47512
34157 12 0 47730
34158 4 0 44439
34159 4 0 44440
34160 12 0 39126
34161 12 0 7111
34162 4 0 47521
34163 4 0 47522
34164 2 7 48078
34165 2 15 49970
34166 4 0 39123
34167 4 4 47988
34168 4 3 47990
34169 4 2 47975
34170 4 1 48295
34171 15 3 7798
34172 9 1 15274
34173 9 1 15274
34174 9 1 15274
34175 9 1 15274
34176 2 4 47992
34177 4 0 48511
34178 4 0 48507
34179 4 0 48894
34180 4 4 47991
34181 4 1 48296
34182 2 10 49132
34183 2 6 47996
34184 4 0 48509
34185 4 6 48907
34186 4 3 47993
34187 4 0 47526
34188 4 2 47995
34189 4 0 31655
34190 4 1 48869
34191 15 3 47527
34192 4 4 50016
34193 4 4 50017
34194 4 3 47998
34195 4 2 47999
34196 2 2 48294
34197 2 15 49971
34198 2 10 48290
34199 2 4 48908
34200 9 1 811
34201 9 1 811
34202 4 1 50013
34203 2 13 48002
34204 4 0 48512
34205 4 1 48870
34206 4 0 48895
34207 0 6 47528
34208 4 3 48004
34209 4 2 48005
34210 4 1 50012
34211 4 2 48011
34212 4 2 48012
34213 4 0 45948
34214 2 7 48079
34215 4 4 48015
34216 4 4 48016
34217 4 6 47534
34218 9 1 811
34219 4 4 45864
34220 3 6 39205
34221 9 10 6270
34222 15 0 47460
34223 15 0 16028
34224 15 0 37888
34225 15 0 24592
34226 12 0 34798
34227 4 0 43407
34228 4 3 48014
34229 4 3 48013
34230 4 0 44358
34231 4 6 48906
34232 4 1 48299
34233 4 1 48300
34234 4 2 48018
34235 12 0 6506
34236 12 0 33566
34237 12 0 13291
34238 12 0 47561
34239 12 0 47562
34240 4 4 48905
34241 4 1 48868
34242 4 1 48871
34243 4 4 48022
34244 4 2 48020
34245 4 2 48019
34246 12 0 42861
34247 2 8 48023
34248 12 0 31200
34249 4 0 47772
34250 0 0 4233
34251 0 0 24591
34252 0 0 47577
34253 12 0 47581
34254 12 0 19497
34255 12 0 4045
34256 3 1 46252
34257 12 0 47604
34258 0 8 47607
34259 12 0 23739
34260 12 0 6748
34261 9 2 15274
34262 9 1 811
34263 2 2 47630
34264 2 2 47631
34265 2 2 47632
34266 2 2 47633
34267 2 2 47634
34268 2 2 47636
34269 2 2 47637
34270 2 2 47638
34271 2 2 47639
34272 2 2 47640
34273 2 2 43880
34274 2 2 47641
34275 2 2 47642
34276 2 2 47643
34277 2 2 43383
34278 2 2 47644
34279 2 2 47645
34280 2 2 45469
34281 2 2 43519
34282 2 7 47646
34283 2 7 47647
34284 2 7 47648
34285 2 7 47649
34286 2 7 47650
34287 2 8 47653
34288 2 7 47652
34289 2 8 47654
34290 2 8 47655
34291 2 8 47656
34292 2 8 47657
34293 2 8 47658
34294 2 8 47659
34295 2 8 47660
34296 2 8 47661
34297 2 8 47662
34298 2 8 47663
34299 2 8 47664
34300 2 8 47665
34301 2 8 47666
34302 2 8 47667
34303 2 8 47668
34304 2 8 47669
34305 2 8 47670
34306 2 8 47671
34307 2 8 47672
34308 2 8 47673
34309 2 8 47674
34310 2 8 47675
34311 2 8 47676
34312 2 18 37194
34313 2 18 47677
34314 2 18 47678
34315 2 18 47679
34316 2 18 47680
34317 2 18 47681
34318 2 18 47682
34319 9 2 15274
34320 2 18 47683
34321 2 18 47684
34322 2 18 47685
34323 2 18 47686
34324 2 7 47687
34325 2 18 45530
34326 2 18 47688
34327 2 18 47689
34328 2 18 47690
34329 2 15 48026
34330 0 6 38762
34331 2 13 48028
34332 4 3 48025
34333 4 3 48024
34334 2 2 48902
34335 2 4 48029
34336 2 15 48031
34337 2 10 48030
34338 12 0 35023
34339 4 1 50018
34340 4 1 50019
34341 4 4 48032
34342 4 1 48305
34343 4 3 48034
34344 4 1 48306
34345 4 4 48033
34346 2 13 48038
34347 2 19 48040
34348 2 19 48042
34349 2 16 48035
34350 4 3 48037
34351 4 2 48039
34352 4 4 48036
34353 4 2 44949
34354 4 4 45779
34355 4 3 45778
34356 4 3 45783
34357 4 4 43886
34358 4 0 39214
34359 4 0 45351
34360 4 0 45351
34361 4 0 39126
34362 4 0 31616
34363 4 0 31616
34364 4 1 48925
34365 4 1 48921
34366 4 1 48923
34367 4 1 48920
34368 12 0 47694
34369 4 2 48912
34370 4 2 48018
34371 4 2 48916
34372 4 2 48917
34373 4 3 48913
34374 4 3 48914
34375 4 3 48918
34376 4 3 48919
34377 4 4 48927
34378 4 4 48926
34379 4 4 48928
34380 4 4 48905
34381 4 4 48043
34382 4 4 48045
34383 4 3 48050
34384 4 2 47975
34385 4 2 47975
34386 4 1 48307
34387 12 0 47702
34388 4 4 50015
34389 4 4 50017
34390 4 3 48004
34391 4 2 48005
34392 4 2 48052
34393 4 1 50014
34394 4 4 48015
34395 4 4 48053
34396 4 3 48013
34397 4 2 48054
34398 4 2 48055
34399 4 1 48384
34400 4 4 48058
34401 4 4 48057
34402 4 3 48025
34403 4 2 48019
34404 4 2 48019
34405 4 1 50020
34406 4 1 48387
34407 4 2 48059
34408 4 2 48059
34409 4 3 48060
34410 0 0 47915
34411 0 5 47918
34412 0 0 47919
34413 9 5 811
34414 12 0 34874
34415 4 6 25134
34416 4 1 18999
34417 4 2 28688
34418 2 19 47699
34419 2 16 26358
34420 12 0 3331
34421 4 3 28439
34422 4 4 34708
34423 4 0 47700
34424 4 0 47701
34425 15 2 47926
34426 15 0 29902
34427 4 0 48503
34428 4 0 48506
34429 4 0 48505
34430 4 0 48504
34431 4 4 48313
34432 4 4 48312
34433 4 4 48314
34434 4 1 48321
34435 4 1 48321
34436 4 1 48349
34437 4 3 48325
34438 4 3 48325
34439 4 3 48326
34440 0 1 17889
34441 4 4 48347
34442 4 4 48348
34443 4 3 48315
34444 4 2 48311
34445 4 2 48322
34446 4 2 48322
34447 4 1 48316
34448 4 2 48324
34449 2 15 47711
34450 2 15 47712
34451 2 15 47713
34452 2 15 39978
34453 2 15 47714
34454 2 15 47715
34455 2 15 47716
34456 2 15 47717
34457 2 15 47718
34458 2 15 47719
34459 2 15 47720
34460 2 15 47721
34461 2 15 47722
34462 2 15 47723
34463 2 15 47724
34464 1 2 34779
34465 7 9 19495
34466 1 4 36511
34467 7 1 40548
34468 12 0 12331
34469 12 0 7841
34470 4 0 48163
34471 4 0 48177
34472 4 0 48172
34473 4 0 48158
34474 12 0 7841
34475 0 0 47731
34476 12 0 7841
34477 13 0 9154
34478 15 2 47745
34479 12 0 13686
34480 15 0 47746
34481 9 6 15274
34482 1 7 20709
34483 12 0 39827
34484 15 0 47760
34485 4 4 48355
34486 15 0 47761
34487 4 4 48355
34488 4 4 48355
34489 12 0 47765
34490 1 7 31783
34491 9 1 15274
34492 15 2 47777
34493 15 2 47931
34494 15 0 47780
34495 15 2 19115
34496 15 0 8117
34497 15 0 47779
34498 15 0 47769
34499 15 0 47770
34500 12 0 47776
34501 12 0 36187
34502 12 0 29165
34503 15 0 12331
34504 0 8 11448
34505 2 7 47802
34506 2 0 47803
34507 2 0 47804
34508 2 0 47805
34509 2 0 47806
34510 2 0 47807
34511 2 0 47808
34512 2 0 47809
34513 2 0 47810
34514 2 0 47811
34515 2 0 47812
34516 2 4 39488
34517 2 4 39004
34518 15 2 47816
34519 15 2 47817
34520 2 0 47818
34521 2 0 47819
34522 2 0 47820
34523 2 0 47821
34524 2 0 47822
34525 2 0 47823
34526 2 0 47824
34527 4 1 48356
34528 4 1 48356
34529 2 2 43083
34530 2 3 48183
34531 2 7 47879
34532 4 6 47908
34533 12 0 47969
34534 6 3 23211
34535 15 2 47892
34536 2 5 47894
34537 0 2 38720
34538 0 8 36862
34539 0 8 36862
34540 2 10 47743
34541 4 1 48359
34542 4 3 48358
34543 4 3 48358
34544 15 0 47899
34545 4 3 48358
34546 4 4 48360
34547 4 4 48361
34548 15 0 12644
34549 4 3 48353
34550 4 0 26537
34551 4 0 26537
34552 2 7 47909
34553 4 6 47911
34554 4 2 48352
34555 4 2 48352
34556 4 2 48352
34557 4 1 48354
34558 4 2 48357
34559 4 4 48366
34560 4 4 48366
34561 4 4 48366
34562 4 1 48367
34563 4 1 48368
34564 4 1 48371
34565 4 3 48370
34566 4 3 48370
34567 4 3 48370
34568 4 4 48372
34569 4 4 48372
34570 4 3 48364
34571 4 2 48363
34572 4 2 48363
34573 4 2 48362
34574 4 1 48365
34575 4 2 48369
34576 4 0 47522
34577 4 0 47521
34578 4 0 47095
34579 4 0 47294
34580 4 0 47696
34581 6 2 40522
34582 6 3 44356
34583 0 0 26420
34584 0 0 26420
34585 0 0 26420
34586 4 6 47920
34587 0 0 26420
34588 4 6 47907
34589 4 6 47921
34590 4 6 47911
34591 4 6 47908
34592 0 0 26420
34593 0 0 26420
34594 0 0 26420
34595 0 0 26420
34596 2 7 47923
34597 15 0 16211
34598 12 0 7714
34599 0 0 35178
34600 12 0 20983
34601 4 4 48174
34602 4 2 48164
34603 2 16 48157
34604 2 15 48166
34605 4 4 48155
34606 2 15 48161
34607 4 1 48165
34608 2 10 48170
34609 2 7 48169
34610 4 1 48171
34611 2 4 48159
34612 4 4 42604
34613 4 2 48173
34614 4 3 48175
34615 4 4 48167
34616 2 0 48156
34617 12 0 33284
34618 12 0 39116
34619 12 0 46046
34620 12 0 46046
34621 12 0 13713
34622 2 16 47933
34623 12 0 7714
34624 12 0 47946
34625 4 0 31906
34626 7 3 44269
34627 3 2 47950
34628 15 0 41438
34629 15 0 41438
34630 15 0 41438
34631 15 0 41440
34632 15 0 41440
34633 15 0 41440
34634 15 0 41441
34635 15 0 41441
34636 15 0 41441
34637 2 0 47970
34638 2 1 47971
34639 2 5 47972
34640 2 7 47973
34641 0 3 15736
34642 7 11 2873
34643 7 11 19572
34644 7 11 47978
34645 7 1 45064
34646 0 1 48901
34647 7 11 7128
34648 4 4 51496
34649 4 4 51498
34650 4 4 51494
34651 4 4 51497
34652 4 4 51495
34653 4 4 51500
34654 4 4 33117
34655 4 4 51501
34656 4 4 51499
34657 4 0 6539
34658 4 0 963
34659 4 1 49738
34660 7 11 47978
34661 2 8 49742
34662 2 16 40411
34663 7 11 19571
34664 7 11 37215
34665 2 15 33237
34666 2 7 48062
34667 2 7 48061
34668 2 1 3243
34669 12 0 51800
34670 2 4 37049
34671 2 4 48065
34672 2 7 37209
34673 2 1 48066
34674 2 18 48067
34675 4 6 48068
34676 4 6 48070
34677 4 0 31889
34678 4 0 39212
34679 4 0 48071
34680 4 0 43085
34681 2 6 48076
34682 2 7 48075
34683 4 0 48964
34684 15 3 48992
34685 4 0 48963
34686 0 0 48802
34687 12 0 3018
34688 12 0 36756
34689 9 10 6270
34690 12 0 31257
34691 12 0 39924
34692 12 0 35178
34693 2 8 48192
34694 2 8 48193
34695 12 0 3032
34696 2 7 48199
34697 4 1 42896
34698 4 3 43012
34699 2 0 31300
34700 4 4 48201
34701 4 2 17137
34702 4 1 34812
34703 2 7 41417
34704 4 0 39126
34705 4 1 42996
34706 4 0 40044
34707 4 2 42961
34708 4 1 43086
34709 12 0 28999
34710 12 0 48202
34711 12 0 23727
34712 4 0 9837
34713 12 0 48203
34714 12 0 18080
34715 12 0 48203
34716 4 1 48228
34717 4 0 48229
34718 4 0 48231
34719 12 0 1588
34720 12 0 36488
34721 0 7 56049
34722 0 7 56050
34723 7 8 24704
34724 7 8 24704
34725 7 8 24704
34726 7 8 24704
34727 7 8 24704
34728 7 8 24704
34729 7 8 24704
34730 7 8 24704
34731 7 8 24704
34732 7 8 24704
34733 7 8 24704
34734 7 8 24704
34735 7 8 44290
34736 7 8 50873
34737 7 8 44290
34738 7 8 44290
34739 7 8 44290
34740 7 8 44290
34741 7 8 44290
34742 7 8 44290
34743 7 8 44290
34744 7 8 44290
34745 7 8 44290
34746 7 8 44290
34747 0 5 53863
34748 0 5 53880
34749 0 5 47467
34750 0 5 53879
34751 0 5 39719
34752 0 5 35831
34753 0 5 54539
34754 0 5 50871
34755 0 5 53791
34756 0 5 25468
34757 0 5 25481
34758 0 5 31742
34759 0 5 54538
34760 0 5 54535
34761 0 5 54537
34762 0 5 39115
34763 0 5 54534
34764 0 5 54536
34765 0 5 39119
34766 0 5 39114
34767 0 5 54531
34768 0 5 54528
34769 0 5 53881
34770 0 5 39114
34771 2 10 48239
34772 12 0 38667
34773 12 0 48240
34774 12 0 48242
34775 12 0 12996
34776 4 0 26537
34777 12 0 48243
34778 12 0 41673
34779 12 0 41673
34780 0 5 40696
34781 12 0 48244
34782 12 0 48245
34783 2 16 48248
34784 2 5 48249
34785 12 0 40902
34786 12 0 33552
34787 12 0 18574
34788 4 1 48252
34789 4 4 48253
34790 2 4 39389
34791 4 3 48255
34792 4 1 38794
34793 4 1 48256
34794 2 1 39958
34795 4 4 48257
34796 4 2 48258
34797 2 10 44339
34798 4 0 24022
34799 4 3 48259
34800 12 0 41681
34801 12 0 8927
34802 12 0 48260
34803 12 0 42490
34804 12 0 7414
34805 4 0 26537
34806 12 0 40048
34807 4 4 48286
34808 4 1 48287
34809 4 2 48985
34810 4 1 47067
34811 12 0 42557
34812 12 0 48310
34813 12 0 17514
34814 12 0 40045
34815 12 0 45437
34816 2 0 48327
34817 2 1 48328
34818 2 5 48329
34819 2 4 48331
34820 2 8 48332
34821 2 7 48333
34822 15 0 48335
34823 15 0 30738
34824 15 0 48336
34825 15 0 48337
34826 4 0 963
34827 4 0 15322
34828 4 0 48805
34829 4 0 48339
34830 12 0 35178
34831 3 1 44725
34832 0 5 18119
34833 12 0 7290
34834 9 5 15274
34835 3 0 49259
34836 0 6 48720
34837 4 0 31800
34838 15 0 48342
34839 15 0 11947
34840 15 0 4283
34841 15 0 8562
34842 12 0 48346
34843 15 0 30593
34844 12 0 17514
34845 1 0 34796
34846 15 0 1282
34847 4 1 43891
34848 15 0 48373
34849 15 0 48374
34850 0 0 48900
34851 15 0 48374
34852 15 0 34509
34853 15 0 48377
34854 15 0 48376
34855 15 0 34831
34856 15 0 34833
34857 15 0 48378
34858 15 0 48379
34859 2 15 48380
34860 15 0 7842
34861 0 8 48725
34862 12 0 48382
34863 15 0 3568
34864 12 0 48388
34865 12 0 48743
34866 12 0 18538
34867 12 0 48744
34868 12 0 48742
34869 12 0 31257
34870 12 0 48346
34871 15 0 21586
34872 9 8 7798
34873 2 2 48395
34874 2 6 48396
34875 2 15 48397
34876 2 8 48398
34877 2 10 48399
34878 2 10 48400
34879 2 7 48401
34880 2 7 48402
34881 2 14 48403
34882 2 10 48404
34883 2 0 48405
34884 2 10 48406
34885 2 4 48407
34886 2 7 48408
34887 4 0 49005
34888 4 0 45362
34889 4 0 44358
34890 4 0 43095
34891 2 1 48899
34892 2 18 49114
34893 2 13 49113
34894 2 15 48888
34895 2 15 48887
34896 2 4 49111
34897 12 0 39014
34898 2 10 48935
34899 2 10 48416
34900 4 2 48446
34901 4 2 48449
34902 4 2 48452
34903 4 2 48967
34904 4 2 47171
34905 4 2 48456
34906 4 2 48450
34907 15 0 7162
34908 13 0 9154
34909 12 0 37249
34910 4 2 48454
34911 4 2 48451
34912 4 3 48466
34913 12 0 7287
34914 4 3 48468
34915 12 0 48431
34916 4 3 48467
34917 4 1 48469
34918 4 1 47064
34919 4 1 42327
34920 12 0 48433
34921 4 4 48471
34922 4 4 48470
34923 4 4 48291
34924 4 1 48481
34925 4 1 48482
34926 4 1 48479
34927 4 2 48484
34928 4 2 48486
34929 4 2 48483
34930 4 3 48487
34931 4 3 48493
34932 4 3 48490
34933 4 3 48491
34934 4 3 48492
34935 4 3 48358
34936 4 1 48494
34937 4 1 45319
34938 4 1 48495
34939 4 4 48496
34940 4 4 45220
34941 4 4 42651
34942 4 4 48476
34943 4 4 46359
34944 4 4 48477
34945 4 4 48473
34946 4 4 48474
34947 4 4 48472
34948 12 0 50181
34949 2 15 48888
34950 2 13 49112
34951 2 13 49112
34952 2 15 48888
34953 12 0 48966
34954 12 0 42114
34955 15 0 59498
34956 12 0 18519
34957 12 0 43108
34958 12 0 48459
34959 12 0 23721
34960 12 0 48460
34961 12 0 34378
34962 12 0 23458
34963 12 0 48462
34964 12 0 48462
34965 4 4 47022
34966 4 4 47022
34967 3 8 43108
34968 12 0 48462
34969 4 4 15305
34970 4 4 15305
34971 12 0 39435
34972 12 0 7842
34973 12 0 34432
34974 12 0 48499
34975 12 0 8926
34976 12 0 48500
34977 12 0 5086
34978 12 0 48499
34979 12 0 33940
34980 12 0 7188
34981 12 0 44269
34982 12 0 18051
34983 12 0 29164
34984 12 0 19394
34985 2 19 46606
34986 4 6 49154
34987 2 10 47994
34988 2 4 49136
34989 2 5 49993
34990 4 3 48604
34991 4 3 48605
34992 4 3 48606
34993 4 3 48608
34994 4 3 48609
34995 2 0 49150
34996 2 0 49150
34997 2 1 49149
34998 4 2 49966
34999 4 2 48601
35000 4 2 48603
35001 4 2 48591
35002 4 2 49968
35003 4 1 48618
35004 4 1 50005
35005 4 1 49952
35006 4 1 50009
35007 4 1 49954
35008 4 0 39505
35009 4 1 50009
35010 4 1 50005
35011 4 1 48618
35012 4 1 49954
35013 4 1 49955
35014 2 4 49135
35015 2 8 49137
35016 4 0 39505
35017 2 0 49150
35018 2 18 49138
35019 4 8 34953
35020 4 8 34953
35021 4 8 9659
35022 4 2 49966
35023 4 2 48602
35024 4 2 48603
35025 4 2 48591
35026 4 2 49968
35027 4 4 50001
35028 4 4 48640
35029 4 4 48740
35030 4 4 50002
35031 4 4 50003
35032 4 2 49965
35033 4 2 48739
35034 4 2 48597
35035 4 2 48598
35036 4 2 48599
35037 2 13 49139
35038 2 13 49139
35039 4 7 34960
35040 4 7 1103
35041 4 7 34960
35042 4 3 49969
35043 4 3 48611
35044 4 3 48613
35045 4 3 48615
35046 4 3 48616
35047 2 2 49140
35048 4 3 49969
35049 4 3 48611
35050 4 3 48613
35051 4 3 48615
35052 4 3 48616
35053 4 1 49960
35054 4 1 50007
35055 4 1 49964
35056 4 1 50010
35057 4 1 49963
35058 2 15 49141
35059 4 4 50001
35060 4 4 48640
35061 4 4 48740
35062 4 4 50002
35063 4 4 50003
35064 2 6 49142
35065 2 19 46606
35066 4 4 49999
35067 4 4 49998
35068 4 4 49685
35069 4 4 49996
35070 4 4 49995
35071 2 4 49136
35072 2 7 49143
35073 4 6 49153
35074 4 0 39505
35075 2 3 49393
35076 2 13 49145
35077 4 3 49969
35078 4 3 48611
35079 4 3 48614
35080 4 3 48615
35081 4 3 48616
35082 2 4 49146
35083 4 1 49960
35084 4 1 50007
35085 4 1 49964
35086 4 1 50010
35087 4 1 49963
35088 4 4 50001
35089 4 4 48640
35090 4 4 48740
35091 4 4 50002
35092 4 4 50003
35093 2 15 49141
35094 4 6 49155
35095 2 15 49141
35096 4 1 50011
35097 4 1 50008
35098 4 1 49957
35099 4 1 49958
35100 4 1 49959
35101 2 7 49143
35102 2 15 49147
35103 2 10 49148
35104 4 9 25246
35105 4 9 25246
35106 4 9 46045
35107 2 19 46606
35108 2 16 38679
35109 2 10 47994
35110 2 0 49152
35111 4 2 49966
35112 4 2 48601
35113 4 2 48603
35114 4 2 48591
35115 4 2 49968
35116 12 0 19394
35117 2 7 48521
35118 12 0 32777
35119 12 0 17893
35120 0 0 50273
35121 12 0 47467
35122 12 0 1096
35123 12 0 48528
35124 12 0 32777
35125 12 0 7041
35126 12 0 48534
35127 12 0 38747
35128 7 7 29946
35129 4 0 39129
35130 4 0 39129
35131 4 0 39129
35132 4 0 39162
35133 4 0 39162
35134 4 0 39162
35135 4 0 39162
35136 4 3 48672
35137 4 2 48678
35138 4 1 48685
35139 4 2 48678
35140 4 4 48663
35141 4 2 48679
35142 4 3 48675
35143 4 3 48675
35144 4 1 48688
35145 4 4 48663
35146 4 4 48669
35147 4 3 48675
35148 4 4 48663
35149 4 1 48691
35150 4 2 48678
35151 4 3 48671
35152 4 2 48676
35153 4 1 48683
35154 4 2 48676
35155 4 4 48660
35156 4 2 48677
35157 4 3 48674
35158 4 3 48674
35159 4 1 48686
35160 4 4 48660
35161 4 4 48661
35162 4 3 48674
35163 4 4 48660
35164 4 1 48689
35165 4 2 48676
35166 4 3 48670
35167 4 2 48681
35168 4 1 48684
35169 4 2 48681
35170 4 4 48662
35171 4 2 48682
35172 4 3 48673
35173 4 3 48673
35174 4 1 48687
35175 4 4 48662
35176 4 4 48664
35177 4 3 48673
35178 4 4 48662
35179 4 1 48690
35180 4 2 48681
35181 4 1 45781
35182 4 2 43886
35183 4 2 45782
35184 4 3 45780
35185 4 4 43889
35186 9 3 7085
35187 9 3 7085
35188 12 0 7723
35189 9 3 7085
35190 9 3 7085
35191 9 3 7085
35192 9 3 7085
35193 9 3 7085
35194 9 3 7085
35195 9 3 7085
35196 9 3 7085
35197 9 3 7085
35198 9 10 7085
35199 9 10 7085
35200 9 10 7085
35201 9 10 7085
35202 9 10 7085
35203 9 10 7085
35204 9 2 7085
35205 9 2 7085
35206 9 2 7085
35207 9 2 7085
35208 9 4 7085
35209 9 4 7085
35210 9 4 7085
35211 9 4 7085
35212 9 1 7085
35213 9 1 7085
35214 9 1 7085
35215 9 1 7085
35216 9 1 7085
35217 9 1 7085
35218 9 1 7085
35219 9 1 7085
35220 2 10 47994
35221 4 0 48576
35222 12 0 11448
35223 0 0 48708
35224 12 0 48579
35225 15 5 48951
35226 15 5 48948
35227 15 2 48807
35228 12 0 48583
35229 12 0 35023
35230 12 0 3331
35231 12 0 48617
35232 0 0 20342
35233 12 0 48645
35234 12 0 23315
35235 2 6 48667
35236 2 8 48680
35237 12 0 48692
35238 9 10 1096
35239 9 10 1096
35240 9 10 1096
35241 9 10 1096
35242 9 10 1096
35243 9 10 1096
35244 9 10 1096
35245 9 10 1096
35246 9 10 1096
35247 9 10 1096
35248 9 10 1096
35249 9 10 1096
35250 9 10 1096
35251 9 10 1096
35252 9 10 1096
35253 9 10 1096
35254 9 10 1096
35255 9 10 1096
35256 9 10 1096
35257 9 10 1096
35258 9 10 1096
35259 9 10 1096
35260 9 10 1096
35261 9 10 1096
35262 9 10 1096
35263 9 10 1096
35264 9 10 1096
35265 9 10 1096
35266 9 10 1096
35267 9 10 1096
35268 9 10 1096
35269 9 10 1096
35270 9 10 1096
35271 9 10 1096
35272 12 0 45186
35273 9 0 1155
35274 4 0 34149
35275 4 0 8132
35276 12 0 33940
35277 12 0 5567
35278 12 0 3673
35279 4 0 48709
35280 4 0 48710
35281 12 0 43317
35282 4 0 39129
35283 4 0 39129
35284 4 0 39129
35285 7 8 4813
35286 15 4 4813
35287 0 8 24521
35288 12 0 21366
35289 12 0 26371
35290 4 0 39162
35291 4 0 39162
35292 4 0 39162
35293 12 0 24188
35294 9 6 15274
35295 9 6 15274
35296 9 4 15274
35297 9 8 7798
35298 9 8 7798
35299 9 8 7798
35300 9 1 1096
35301 9 1 1096
35302 9 1 1096
35303 9 1 1096
35304 9 10 6270
35305 9 10 6270
35306 9 10 6270
35307 9 10 6270
35308 9 2 6270
35309 9 2 6270
35310 9 3 6270
35311 9 3 6270
35312 2 13 48712
35313 12 0 38896
35314 15 0 7415
35315 3 2 39925
35316 3 5 39931
35317 4 0 39162
35318 3 4 39930
35319 4 0 39162
35320 4 0 39129
35321 4 1 46812
35322 9 10 6270
35323 9 10 6270
35324 4 1 43292
35325 9 10 6270
35326 4 0 39984
35327 4 0 39984
35328 4 1 48717
35329 4 1 48719
35330 4 1 48721
35331 4 1 48722
35332 4 1 48723
35333 4 1 48726
35334 4 1 48727
35335 4 1 48728
35336 4 1 48729
35337 4 1 48730
35338 4 1 48728
35339 4 1 48726
35340 4 1 48727
35341 4 1 48729
35342 4 1 48730
35343 4 1 48733
35344 4 1 48734
35345 4 1 48735
35346 4 1 48736
35347 4 1 41182
35348 15 0 3568
35349 15 2 33467
35350 15 2 33467
35351 15 0 42378
35352 12 0 42557
35353 12 0 1096
35354 12 0 15274
35355 12 0 15274
35356 4 2 48745
35357 4 2 48746
35358 4 2 48747
35359 4 2 48748
35360 4 2 48750
35361 4 2 48745
35362 4 2 48746
35363 4 2 48747
35364 4 2 48748
35365 4 2 48750
35366 4 2 48751
35367 4 2 48752
35368 4 2 48753
35369 4 2 48754
35370 4 2 48755
35371 4 2 48751
35372 4 2 48746
35373 4 2 48747
35374 4 2 48748
35375 4 2 48750
35376 4 3 48759
35377 4 3 48760
35378 4 3 48761
35379 4 3 48762
35380 4 3 48763
35381 4 3 48756
35382 4 3 48757
35383 4 3 48758
35384 4 3 48764
35385 4 3 48765
35386 4 3 48756
35387 4 3 48757
35388 4 3 48758
35389 4 3 48764
35390 4 3 48765
35391 4 3 48756
35392 4 3 48757
35393 4 3 48758
35394 4 3 48764
35395 4 3 48765
35396 0 8 48809
35397 0 8 16598
35398 0 8 48810
35399 0 8 48811
35400 0 8 48812
35401 12 0 48791
35402 4 4 48792
35403 4 4 48793
35404 4 4 48794
35405 4 4 48795
35406 4 4 48796
35407 4 4 48797
35408 4 4 48798
35409 4 4 48799
35410 4 4 48800
35411 4 4 48801
35412 4 4 48792
35413 4 4 48793
35414 4 4 48794
35415 4 4 48795
35416 4 4 48796
35417 0 8 48813
35418 0 8 48814
35419 0 8 48819
35420 0 8 48820
35421 0 8 48822
35422 0 8 48821
35423 0 8 48823
35424 0 8 48826
35425 0 8 48827
35426 0 8 48828
35427 0 8 48829
35428 0 8 48830
35429 0 8 48831
35430 0 8 48832
35431 0 8 48833
35432 0 8 48834
35433 0 8 48835
35434 0 8 48836
35435 0 8 48838
35436 0 8 48839
35437 0 8 48837
35438 0 8 48840
35439 0 8 48841
35440 0 8 48842
35441 0 8 48843
35442 0 8 48844
35443 0 8 48845
35444 0 8 43104
35445 0 8 48846
35446 0 8 48847
35447 0 8 48848
35448 0 8 48849
35449 0 8 48850
35450 0 8 48852
35451 0 8 48853
35452 0 8 48854
35453 0 8 48855
35454 0 8 48856
35455 0 8 21204
35456 0 8 48857
35457 0 8 48858
35458 0 8 48859
35459 0 8 48860
35460 0 8 48861
35461 0 8 30995
35462 0 8 48862
35463 2 0 48806
35464 4 1 48723
35465 4 1 48733
35466 4 1 48726
35467 4 1 48730
35468 4 2 48751
35469 4 2 48750
35470 4 2 48748
35471 4 2 48751
35472 4 3 48756
35473 4 3 48757
35474 4 3 48758
35475 4 3 48760
35476 4 4 48796
35477 4 4 48793
35478 4 4 48799
35479 12 0 50196
35480 12 0 1134
35481 12 0 1317
35482 12 0 3426
35483 12 0 48863
35484 12 0 48864
35485 4 0 40556
35486 12 0 50458
35487 3 0 44920
35488 3 0 44920
35489 3 0 44920
35490 12 0 48865
35491 12 0 35178
35492 12 0 48866
35493 12 0 1482
35494 4 1 15239
35495 4 1 15239
35496 4 1 15239
35497 4 1 15239
35498 9 8 7798
35499 7 2 25482
35500 9 8 7798
35501 3 6 39203
35502 9 10 1102
35503 3 6 39205
35504 15 2 48873
35505 9 10 1301
35506 12 0 38249
35507 4 0 31907
35508 4 0 12567
35509 4 0 39212
35510 2 7 48875
35511 4 0 31603
35512 0 0 35023
35513 15 5 53793
35514 2 10 48878
35515 2 7 48879
35516 1 0 20342
35517 9 1 1096
35518 9 2 1096
35519 9 1 1096
35520 9 1 1096
35521 9 1 1096
35522 9 2 1096
35523 9 1 1096
35524 9 1 1096
35525 9 2 1096
35526 9 2 1096
35527 9 1 1096
35528 9 1 1096
35529 9 4 1096
35530 9 4 1096
35531 9 4 1096
35532 9 4 1096
35533 9 10 7085
35534 9 10 7085
35535 9 10 7085
35536 9 10 7085
35537 9 10 7085
35538 9 10 7085
35539 9 1 7085
35540 9 1 7085
35541 9 1 7085
35542 9 1 7085
35543 9 1 7085
35544 9 2 7085
35545 9 1 7085
35546 9 1 7085
35547 9 1 7085
35548 9 2 7085
35549 9 1 7085
35550 9 1 7085
35551 9 2 7085
35552 9 2 7085
35553 9 4 7085
35554 9 4 7085
35555 9 4 7085
35556 9 4 7085
35557 15 3 29169
35558 12 0 3032
35559 2 8 48884
35560 2 8 48884
35561 2 7 48884
35562 7 8 1762
35563 0 5 25473
35564 9 5 1301
35565 0 5 25468
35566 9 5 1301
35567 12 0 7270
35568 12 0 20874
35569 12 0 20874
35570 2 15 48957
35571 4 3 52204
35572 4 1 52529
35573 2 13 52436
35574 4 4 49353
35575 4 2 49354
35576 2 1 49356
35577 4 2 49358
35578 4 3 51885
35579 4 2 49363
35580 4 1 49361
35581 4 1 46155
35582 9 3 6270
35583 2 10 51691
35584 4 1 52337
35585 4 3 52336
35586 15 0 48903
35587 2 4 50603
35588 4 4 52338
35589 4 0 35423
35590 2 2 49368
35591 4 2 49369
35592 4 3 51109
35593 4 4 52341
35594 4 1 52340
35595 2 15 49373
35596 4 1 52210
35597 4 0 39121
35598 4 0 42564
35599 4 3 52212
35600 4 3 52211
35601 2 13 52437
35602 4 4 51577
35603 4 4 50507
35604 4 4 52213
35605 4 2 49378
35606 2 15 40342
35607 4 2 54506
35608 4 4 54507
35609 4 0 54753
35610 4 0 34303
35611 4 1 54508
35612 4 1 51301
35613 4 2 54509
35614 4 4 54510
35615 4 3 54511
35616 4 3 51576
35617 2 19 43088
35618 2 8 50599
35619 4 3 52335
35620 4 2 50602
35621 7 10 41678
35622 7 10 59542
35623 7 10 55234
35624 7 10 59541
35625 7 10 55237
35626 7 10 41677
35627 7 10 55238
35628 12 0 6672
35629 12 0 48910
35630 2 4 50603
35631 4 0 35437
35632 4 1 52216
35633 2 10 50604
35634 4 2 50605
35635 4 1 52217
35636 4 6 50607
35637 4 4 50609
35638 4 3 50612
35639 4 4 50615
35640 4 3 52214
35641 4 2 50618
35642 4 6 54988
35643 4 4 49876
35644 4 3 54996
35645 2 3 54997
35646 4 1 52344
35647 4 2 54998
35648 12 0 48952
35649 2 10 53207
35650 4 3 52363
35651 4 4 55003
35652 2 19 54986
35653 4 4 55004
35654 4 1 55005
35655 2 15 51711
35656 4 4 51712
35657 4 1 52222
35658 2 10 51713
35659 4 2 52223
35660 4 2 51715
35661 4 0 34336
35662 4 3 52224
35663 4 1 52221
35664 2 4 51717
35665 4 2 51718
35666 4 0 51719
35667 0 0 48953
35668 12 0 48959
35669 12 0 48955
35670 4 4 61307
35671 12 0 50733
35672 4 3 52494
35673 4 1 52351
35674 2 5 41913
35675 4 3 52353
35676 4 2 51528
35677 4 2 51529
35678 4 4 51532
35679 4 1 52491
35680 4 0 48510
35681 2 15 51533
35682 4 1 52362
35683 4 0 51458
35684 2 15 48965
35685 12 0 36595
35686 12 0 4584
35687 12 0 49219
35688 12 0 16452
35689 4 0 44358
35690 12 0 48972
35691 15 0 35301
35692 12 0 48969
35693 4 0 48970
35694 4 0 39917
35695 9 10 1301
35696 9 10 1301
35697 9 10 1301
35698 9 10 1301
35699 9 10 1301
35700 4 0 39918
35701 12 0 44287
35702 4 0 39915
35703 4 0 48971
35704 0 0 37891
35705 13 0 22377
35706 12 0 13493
35707 3 3 39929
35708 9 10 6270
35709 12 0 48982
35710 0 5 20803
35711 12 0 11449
35712 2 8 48983
35713 15 0 48725
35714 2 10 40075
35715 16 3 7015
35716 0 3 37854
35717 0 3 37853
35718 12 0 34281
35719 2 13 48996
35720 0 5 1656
35721 15 0 47901
35722 15 0 40551
35723 12 0 44843
35724 2 5 49030
35725 12 0 7065
35726 12 0 11448
35727 2 4 49051
35728 12 0 40103
35729 12 0 40104
35730 12 0 40106
35731 12 0 40394
35732 4 4 49062
35733 4 0 39123
35734 12 0 46245
35735 4 4 48472
35736 12 0 50446
35737 12 0 7629
35738 12 0 1588
35739 12 0 1317
35740 2 10 49074
35741 2 10 49075
35742 2 10 49076
35743 2 10 49077
35744 12 0 44707
35745 15 0 49078
35746 12 0 24687
35747 12 0 49081
35748 7 11 49082
35749 7 11 49082
35750 7 11 49082
35751 7 11 49082
35752 9 6 1301
35753 9 6 1301
35754 9 6 1301
35755 9 6 1301
35756 9 8 7798
35757 2 8 49086
35758 3 4 44921
35759 3 4 44921
35760 3 5 44927
35761 3 2 44926
35762 9 10 1096
35763 9 10 1096
35764 9 10 1096
35765 9 10 1096
35766 9 10 1096
35767 9 10 1096
35768 9 10 1096
35769 9 10 1096
35770 7 11 43359
35771 7 11 43359
35772 7 11 43359
35773 7 11 43359
35774 12 0 44246
35775 15 0 33399
35776 15 0 992
35777 15 0 32845
35778 15 0 7957
35779 2 0 49089
35780 2 7 49091
35781 2 10 49096
35782 12 0 19488
35783 15 0 5567
35784 12 0 36488
35785 4 2 49104
35786 4 2 49105
35787 15 0 31756
35788 15 0 49106
35789 12 0 31756
35790 15 0 35299
35791 15 0 13123
35792 15 0 1625
35793 2 15 45233
35794 7 8 25472
35795 12 0 29165
35796 12 0 7921
35797 12 0 16836
35798 12 0 7394
35799 12 0 6340
35800 12 0 32426
35801 12 0 23432
35802 12 0 34377
35803 12 0 49124
35804 2 2 49121
35805 2 3 49122
35806 12 0 44920
35807 2 10 49232
35808 2 7 49199
35809 2 15 49200
35810 2 4 49233
35811 2 18 49202
35812 2 5 49203
35813 12 0 31335
35814 4 1 51032
35815 4 2 56441
35816 4 3 51067
35817 4 6 51091
35818 4 1 49464
35819 12 0 34751
35820 4 2 49251
35821 4 3 51077
35822 4 4 51094
35823 2 15 49206
35824 2 7 49221
35825 16 1 37541
35826 2 19 57489
35827 2 19 56892
35828 12 0 49127
35829 2 2 49222
35830 2 13 49468
35831 12 0 39725
35832 4 1 53642
35833 4 2 49264
35834 4 3 49470
35835 4 4 56195
35836 12 0 6340
35837 12 0 49128
35838 12 0 39725
35839 4 0 9858
35840 12 0 4717
35841 4 2 49251
35842 4 3 56309
35843 4 4 49473
35844 4 1 49474
35845 2 16 40005
35846 4 3 56328
35847 12 0 49129
35848 4 4 51090
35849 2 8 49223
35850 12 0 44246
35851 2 13 49468
35852 2 15 49207
35853 12 0 2247
35854 12 0 49130
35855 12 0 49131
35856 2 3 49226
35857 4 6 51453
35858 4 0 50191
35859 4 1 51040
35860 4 2 49903
35861 4 3 51072
35862 4 4 51087
35863 4 1 51035
35864 4 2 49263
35865 4 6 51454
35866 4 4 51089
35867 4 0 49225
35868 4 2 49241
35869 4 3 49496
35870 2 1 49227
35871 4 1 51045
35872 4 2 49241
35873 4 3 51074
35874 1 0 34865
35875 4 4 61307
35876 4 1 37556
35877 4 2 49246
35878 4 3 51061
35879 4 4 51085
35880 4 1 51038
35881 4 0 26001
35882 4 3 49505
35883 4 4 51096
35884 4 1 51049
35885 4 2 49255
35886 4 0 9860
35887 4 4 51088
35888 4 1 51039
35889 4 2 56355
35890 4 3 49362
35891 4 4 49510
35892 4 1 51235
35893 4 2 52377
35894 4 3 51075
35895 4 4 49512
35896 4 1 51044
35897 4 1 49230
35898 4 3 51062
35899 4 4 51083
35900 4 1 51050
35901 4 2 49258
35902 4 3 49521
35903 4 4 51093
35904 4 0 6490
35905 4 2 49247
35906 15 5 44590
35907 12 0 20798
35908 12 0 18080
35909 4 3 51078
35910 4 4 51095
35911 4 0 28812
35912 4 1 15206
35913 4 1 51043
35914 4 2 49246
35915 4 3 51070
35916 4 4 51098
35917 4 1 49538
35918 4 2 49263
35919 4 3 51079
35920 4 4 53048
35921 4 1 49536
35922 4 0 26391
35923 4 3 51068
35924 4 4 51082
35925 4 0 49229
35926 4 2 49930
35927 4 3 51076
35928 4 4 56188
35929 4 1 51042
35930 4 2 49261
35931 4 3 51061
35932 4 0 28812
35933 4 3 49527
35934 4 4 51084
35935 4 0 34188
35936 4 0 49267
35937 4 0 16283
35938 4 1 49231
35939 2 8 49195
35940 12 0 46253
35941 12 0 16161
35942 2 10 49218
35943 12 0 7602
35944 12 0 2853
35945 0 0 30634
35946 0 0 49228
35947 0 5 50877
35948 0 5 50874
35949 0 5 50879
35950 0 5 50878
35951 0 5 50872
35952 0 5 50876
35953 0 5 50871
35954 0 5 51030
35955 4 1 52069
35956 4 1 52104
35957 4 1 52219
35958 4 1 52118
35959 4 1 52516
35960 4 1 52120
35961 4 1 49536
35962 4 1 52071
35963 4 1 52126
35964 4 1 52125
35965 4 1 52218
35966 4 1 51145
35967 4 1 51203
35968 4 1 52123
35969 4 1 49538
35970 4 1 52122
35971 4 1 52069
35972 4 1 52104
35973 4 1 52219
35974 4 1 52118
35975 4 1 52516
35976 4 1 52120
35977 4 1 49536
35978 4 1 52071
35979 4 1 52126
35980 4 1 52125
35981 4 1 52218
35982 4 1 51145
35983 4 1 51203
35984 4 1 52123
35985 4 1 49538
35986 4 1 52122
35987 4 1 52069
35988 4 1 52104
35989 4 1 52219
35990 4 1 52118
35991 4 1 52516
35992 4 1 52120
35993 4 1 49536
35994 4 1 52071
35995 4 1 52126
35996 4 1 52125
35997 4 1 52218
35998 4 1 51145
35999 4 1 51203
36000 4 1 52123
36001 4 1 49538
36002 4 1 52122
36003 4 1 52069
36004 4 1 52104
36005 4 1 52219
36006 4 1 52118
36007 4 1 52516
36008 4 1 52120
36009 4 1 49536
36010 4 1 52071
36011 4 1 52126
36012 4 1 52125
36013 4 1 52218
36014 4 1 51145
36015 4 1 51203
36016 4 1 52123
36017 4 1 49538
36018 4 1 52122
36019 4 1 52069
36020 4 1 52112
36021 4 1 51845
36022 4 1 51837
36023 4 1 52103
36024 4 1 52106
36025 4 1 52109
36026 4 1 51777
36027 4 1 51783
36028 4 1 52117
36029 4 1 52032
36030 4 1 51780
36031 4 1 51192
36032 4 1 52114
36033 4 1 52068
36034 4 1 52113
36035 4 1 52110
36036 4 1 52112
36037 4 1 51845
36038 4 1 51837
36039 4 1 52103
36040 4 1 52106
36041 4 1 52109
36042 4 1 51777
36043 4 1 51783
36044 4 1 52117
36045 4 1 52032
36046 4 1 51840
36047 4 1 51192
36048 4 1 52114
36049 4 1 52068
36050 4 1 52113
36051 4 1 52110
36052 4 1 52112
36053 4 1 51845
36054 4 1 51837
36055 4 1 52103
36056 4 1 52106
36057 4 1 52109
36058 4 1 51777
36059 4 1 51783
36060 4 1 52073
36061 4 1 52220
36062 4 1 51780
36063 4 1 51192
36064 4 1 51781
36065 4 1 52068
36066 4 1 51777
36067 4 2 49257
36068 4 2 49903
36069 4 2 49790
36070 4 2 49251
36071 4 2 49797
36072 4 2 49241
36073 4 2 49246
36074 4 2 49256
36075 4 2 49257
36076 4 2 49903
36077 4 2 49790
36078 4 2 49251
36079 4 2 49797
36080 4 2 49241
36081 4 2 49246
36082 4 2 49256
36083 4 2 49814
36084 4 2 49905
36085 4 2 49255
36086 4 2 49912
36087 4 2 49264
36088 4 2 49850
36089 4 2 49845
36090 4 2 49859
36091 4 2 49815
36092 4 2 49904
36093 4 2 49811
36094 4 2 49911
36095 4 2 49842
36096 4 2 49851
36097 4 2 49847
36098 4 2 49860
36099 4 2 49815
36100 4 2 49904
36101 4 2 49811
36102 4 2 49911
36103 4 2 49842
36104 4 2 49851
36105 4 2 49847
36106 4 2 49860
36107 4 2 49816
36108 4 2 49906
36109 4 2 49813
36110 4 2 49913
36111 4 2 49843
36112 4 2 49852
36113 4 2 49848
36114 4 2 49863
36115 4 2 49817
36116 4 2 49902
36117 4 2 49809
36118 4 2 49910
36119 4 2 49844
36120 4 2 49853
36121 4 2 49849
36122 4 2 49864
36123 4 2 49817
36124 4 2 49902
36125 4 2 49809
36126 4 2 49910
36127 4 2 49844
36128 4 2 49853
36129 4 2 49849
36130 4 2 49864
36131 4 2 49908
36132 4 2 49901
36133 4 2 49914
36134 4 2 49909
36135 4 2 51784
36136 4 2 49927
36137 4 2 49898
36138 4 2 49899
36139 4 2 49908
36140 4 2 49901
36141 4 2 49914
36142 4 2 49909
36143 4 2 51784
36144 4 2 49927
36145 4 2 49898
36146 4 2 49899
36147 4 2 49924
36148 4 2 49978
36149 4 2 49921
36150 4 2 49984
36151 4 2 52517
36152 4 2 49928
36153 4 2 49918
36154 4 2 49981
36155 4 2 49925
36156 4 2 49979
36157 4 2 49922
36158 4 2 49985
36159 4 2 52518
36160 4 2 49929
36161 4 2 49919
36162 4 2 49982
36163 4 2 49925
36164 4 2 49979
36165 4 2 49922
36166 4 2 49985
36167 4 2 52518
36168 4 2 49929
36169 4 2 49919
36170 4 2 49982
36171 4 2 49926
36172 4 2 49980
36173 4 2 49923
36174 4 2 49986
36175 4 2 52519
36176 4 2 49930
36177 4 2 49920
36178 4 2 49983
36179 4 3 52133
36180 4 3 52135
36181 4 3 52128
36182 4 3 52129
36183 4 3 52496
36184 4 3 52155
36185 4 3 51237
36186 4 3 51075
36187 4 3 52145
36188 4 3 52146
36189 4 3 52147
36190 4 3 52148
36191 4 3 52497
36192 4 3 52153
36193 4 3 52151
36194 4 3 51212
36195 4 3 52133
36196 4 3 52135
36197 4 3 52128
36198 4 3 52129
36199 4 3 52495
36200 4 3 52155
36201 4 3 51237
36202 4 3 51075
36203 4 3 52145
36204 4 3 52146
36205 4 3 52147
36206 4 3 52148
36207 4 3 52498
36208 4 3 52153
36209 4 3 52151
36210 4 3 51212
36211 4 3 52133
36212 4 3 52135
36213 4 3 52128
36214 4 3 52129
36215 4 3 52495
36216 4 3 52155
36217 4 3 51237
36218 4 3 51075
36219 4 3 52145
36220 4 3 52146
36221 4 3 52147
36222 4 3 52148
36223 4 3 52498
36224 4 3 52153
36225 4 3 52151
36226 4 3 51212
36227 4 3 52133
36228 4 3 52135
36229 4 3 52128
36230 4 3 52129
36231 4 3 52495
36232 4 3 52155
36233 4 3 51237
36234 4 3 51075
36235 4 3 52145
36236 4 3 52146
36237 4 3 52147
36238 4 3 52148
36239 4 3 52498
36240 4 3 52153
36241 4 3 52151
36242 4 3 51212
36243 4 3 52166
36244 4 3 52163
36245 4 3 51887
36246 4 3 52164
36247 4 3 51872
36248 4 3 52167
36249 4 3 51883
36250 4 3 52165
36251 4 3 52166
36252 4 3 52163
36253 4 3 51887
36254 4 3 52164
36255 4 3 51872
36256 4 3 52167
36257 4 3 51883
36258 4 3 52165
36259 4 3 57612
36260 4 3 52163
36261 4 3 51887
36262 4 3 52164
36263 4 3 51872
36264 4 3 52167
36265 4 3 51883
36266 4 3 52165
36267 4 3 52166
36268 4 3 52163
36269 4 3 51887
36270 4 3 52164
36271 4 3 51872
36272 4 3 52167
36273 4 3 51883
36274 4 3 52165
36275 4 3 52166
36276 4 3 52163
36277 4 3 51887
36278 4 3 52164
36279 4 3 51872
36280 4 3 52167
36281 4 3 51883
36282 4 3 52165
36283 4 3 52166
36284 4 3 52163
36285 4 3 51887
36286 4 3 52164
36287 4 3 51872
36288 4 3 52167
36289 4 3 51883
36290 4 3 52165
36291 4 4 51653
36292 4 4 51657
36293 4 4 51652
36294 4 4 51656
36295 4 4 61307
36296 4 4 51658
36297 4 4 51951
36298 4 4 51654
36299 4 4 51662
36300 4 4 51131
36301 4 4 51660
36302 4 4 51661
36303 4 4 51207
36304 4 4 51663
36305 4 4 51949
36306 4 4 51659
36307 4 4 51676
36308 4 4 51669
36309 4 4 51665
36310 4 4 51668
36311 4 4 61308
36312 4 4 51671
36313 4 4 51950
36314 4 4 51672
36315 4 4 51653
36316 4 4 51657
36317 4 4 51652
36318 4 4 51673
36319 4 4 61307
36320 4 4 51674
36321 4 4 51951
36322 4 4 51654
36323 4 4 51675
36324 4 4 51131
36325 4 4 51660
36326 4 4 51661
36327 4 4 51207
36328 4 4 51663
36329 4 4 51949
36330 4 4 51659
36331 4 4 51676
36332 4 4 51669
36333 4 4 51665
36334 4 4 51668
36335 4 4 61308
36336 4 4 51671
36337 4 4 51950
36338 4 4 51672
36339 4 4 51653
36340 4 4 51657
36341 4 4 51652
36342 4 4 51673
36343 4 4 61307
36344 4 4 51674
36345 4 4 51951
36346 4 4 51654
36347 4 4 51948
36348 4 4 51131
36349 4 4 51660
36350 4 4 51645
36351 4 4 51207
36352 4 4 51663
36353 4 4 51949
36354 4 4 51659
36355 4 4 51953
36356 4 4 52046
36357 4 4 52048
36358 4 4 51954
36359 4 4 51891
36360 4 4 51955
36361 4 4 51892
36362 4 4 51897
36363 4 4 52043
36364 4 4 52045
36365 4 4 52049
36366 4 4 52042
36367 4 4 50905
36368 4 4 52044
36369 4 4 49725
36370 4 4 52039
36371 4 4 52051
36372 4 4 52052
36373 4 4 51633
36374 4 4 52050
36375 4 4 51641
36376 4 4 51640
36377 4 4 49512
36378 4 4 51636
36379 4 4 52055
36380 4 4 52057
36381 4 4 52053
36382 4 4 52054
36383 4 4 51904
36384 4 4 52056
36385 4 4 51297
36386 4 4 52058
36387 4 4 52063
36388 4 4 52045
36389 4 4 52049
36390 4 4 52042
36391 4 4 50905
36392 4 4 52044
36393 4 4 49725
36394 4 4 52064
36395 4 4 51771
36396 4 4 51775
36397 4 4 51769
36398 4 4 51772
36399 4 4 51773
36400 4 4 51774
36401 4 4 51770
36402 4 4 51776
36403 4 1 50050
36404 4 1 50051
36405 4 1 50052
36406 4 1 50053
36407 4 1 50054
36408 4 1 50055
36409 4 1 15076
36410 4 1 50057
36411 4 1 50058
36412 4 1 23091
36413 4 1 15196
36414 4 1 50059
36415 4 1 50061
36416 4 1 50062
36417 4 0 4284
36418 4 0 31800
36419 4 0 24646
36420 4 0 9865
36421 4 0 2854
36422 4 0 31800
36423 4 0 31616
36424 4 0 23728
36425 4 0 9836
36426 4 0 31616
36427 4 0 9834
36428 4 0 31800
36429 4 0 9840
36430 4 0 23897
36431 4 0 39000
36432 4 0 9859
36433 4 0 9857
36434 4 0 31889
36435 4 0 15420
36436 4 0 9658
36437 4 0 6539
36438 4 0 9860
36439 4 0 9859
36440 4 0 9854
36441 4 0 9858
36442 4 0 31603
36443 4 0 12567
36444 4 0 9852
36445 4 6 52185
36446 4 6 52187
36447 4 6 52183
36448 4 6 52188
36449 4 6 52191
36450 4 6 52190
36451 4 6 52182
36452 4 6 52189
36453 4 6 52186
36454 4 6 52176
36455 4 6 52184
36456 4 6 52180
36457 4 6 52181
36458 4 6 52179
36459 4 0 50236
36460 4 0 24061
36461 4 0 50245
36462 4 0 50238
36463 4 0 50239
36464 4 0 50313
36465 4 0 50241
36466 4 0 27756
36467 4 0 21605
36468 4 0 22923
36469 4 0 31120
36470 4 0 50313
36471 4 0 28337
36472 4 0 50243
36473 2 15 50118
36474 2 15 50119
36475 2 15 50124
36476 2 15 50121
36477 2 15 50119
36478 2 15 49206
36479 2 15 50122
36480 2 15 50119
36481 2 15 50118
36482 2 15 50123
36483 2 15 50121
36484 2 15 50125
36485 2 15 49206
36486 2 15 50126
36487 2 4 50197
36488 2 4 50198
36489 2 4 50199
36490 2 4 49201
36491 2 4 50200
36492 2 4 50201
36493 2 4 50202
36494 2 4 50203
36495 2 4 50204
36496 2 4 50202
36497 2 4 50206
36498 2 4 50205
36499 2 4 50201
36500 2 4 50210
36501 2 5 50320
36502 2 5 50247
36503 2 5 49203
36504 2 5 50316
36505 2 5 50319
36506 2 5 50325
36507 2 5 50320
36508 2 5 50252
36509 2 5 50253
36510 2 5 50254
36511 2 5 50315
36512 2 5 50254
36513 2 5 50322
36514 2 5 50321
36515 2 7 50260
36516 2 7 50261
36517 2 7 50262
36518 2 7 50267
36519 2 7 50264
36520 2 7 49199
36521 2 7 50265
36522 2 7 50266
36523 2 7 50268
36524 2 7 50269
36525 2 7 50265
36526 2 7 50270
36527 2 7 50263
36528 2 7 50271
36529 2 8 49223
36530 2 8 50334
36531 2 8 50327
36532 2 8 50331
36533 2 8 50326
36534 2 8 50332
36535 2 8 50328
36536 2 8 50329
36537 2 8 50326
36538 2 8 50333
36539 2 8 50327
36540 2 8 50330
36541 2 8 50332
36542 2 8 50326
36543 2 10 50134
36544 2 10 50135
36545 2 10 50136
36546 2 10 50137
36547 2 10 50138
36548 2 10 50139
36549 2 10 50346
36550 2 10 50344
36551 2 10 50143
36552 2 10 50347
36553 2 10 50345
36554 2 10 50146
36555 2 10 50147
36556 2 10 50343
36557 2 13 31314
36558 2 13 50370
36559 2 13 50371
36560 2 13 50370
36561 2 13 50370
36562 2 13 50371
36563 2 13 50371
36564 2 13 31314
36565 2 13 31314
36566 2 13 50370
36567 2 13 50370
36568 2 13 50371
36569 2 13 31314
36570 2 13 31314
36571 2 0 50063
36572 2 0 50064
36573 2 0 50073
36574 2 0 50067
36575 2 0 50068
36576 2 0 50070
36577 2 0 50074
36578 2 0 50072
36579 2 0 50065
36580 2 0 50075
36581 2 0 50071
36582 2 0 50069
36583 2 0 50076
36584 2 0 50066
36585 2 1 50337
36586 2 1 50342
36587 2 1 50340
36588 2 1 50336
36589 2 1 49227
36590 2 1 50335
36591 2 1 50341
36592 2 1 50337
36593 2 1 50336
36594 2 1 50338
36595 2 1 50339
36596 2 1 50340
36597 2 1 50335
36598 2 1 50336
36599 2 6 50353
36600 2 6 50358
36601 2 6 50354
36602 2 6 50357
36603 2 6 50349
36604 2 6 50352
36605 2 6 50359
36606 2 6 50356
36607 2 6 50351
36608 2 6 50355
36609 2 6 50348
36610 2 6 50354
36611 2 6 50350
36612 2 6 50357
36613 2 2 50149
36614 2 2 50150
36615 2 2 50158
36616 2 2 50149
36617 2 2 50150
36618 2 2 49222
36619 2 2 50153
36620 2 2 50159
36621 2 2 50154
36622 2 2 50157
36623 2 2 50156
36624 2 2 50155
36625 2 2 50152
36626 2 2 50151
36627 2 18 50160
36628 2 18 50161
36629 2 18 49202
36630 2 18 50162
36631 2 18 50163
36632 2 18 50164
36633 2 18 50165
36634 2 18 50166
36635 2 18 50166
36636 2 18 50168
36637 2 18 50167
36638 2 18 50162
36639 2 18 50164
36640 2 18 50167
36641 2 3 18405
36642 2 3 18405
36643 2 3 18405
36644 2 3 18405
36645 2 3 18405
36646 2 3 18405
36647 2 3 18405
36648 2 3 18405
36649 2 3 18405
36650 2 3 18405
36651 2 3 18405
36652 2 3 18405
36653 2 3 18405
36654 2 3 18405
36655 2 19 50366
36656 2 19 50362
36657 2 19 19902
36658 2 19 50364
36659 2 19 50361
36660 2 19 9062
36661 2 19 50363
36662 2 19 50368
36663 2 19 50360
36664 2 19 50361
36665 2 19 50369
36666 2 19 25076
36667 2 19 50367
36668 2 19 50365
36669 2 15 50127
36670 2 15 50125
36671 2 15 50128
36672 2 15 50121
36673 2 15 50129
36674 2 15 50122
36675 2 15 50118
36676 2 15 49207
36677 2 15 50128
36678 2 15 49206
36679 2 15 50130
36680 2 15 50121
36681 2 15 50129
36682 2 15 50131
36683 2 4 50209
36684 2 4 50203
36685 2 4 50208
36686 2 4 50199
36687 2 4 50208
36688 2 4 50205
36689 2 4 50198
36690 2 4 50205
36691 2 4 49233
36692 2 4 50199
36693 2 4 50205
36694 2 4 50197
36695 2 4 50209
36696 2 4 50208
36697 2 10 50139
36698 2 10 53556
36699 2 10 50148
36700 2 10 50147
36701 2 10 50346
36702 2 10 50139
36703 2 10 50136
36704 2 10 50138
36705 2 10 50135
36706 2 10 50137
36707 2 10 50134
36708 2 10 50138
36709 2 10 50343
36710 2 10 50344
36711 2 16 16752
36712 2 16 16752
36713 2 16 40002
36714 2 16 16752
36715 2 16 40002
36716 2 16 16752
36717 2 16 20782
36718 2 16 40002
36719 2 16 16752
36720 2 16 16752
36721 2 16 16752
36722 2 16 40002
36723 2 16 39991
36724 2 16 16752
36725 12 0 36189
36726 12 0 49234
36727 12 0 18704
36728 12 0 50442
36729 12 0 38748
36730 12 0 22304
36731 12 0 39117
36732 12 0 49803
36733 12 0 929
36734 12 0 44269
36735 12 0 30953
36736 12 0 49244
36737 2 0 49152
36738 12 0 7111
36739 12 0 39910
36740 12 0 24691
36741 12 0 3914
36742 12 0 49274
36743 12 0 6340
36744 12 0 1246
36745 12 0 24687
36746 12 0 49274
36747 12 0 49274
36748 0 0 18101
36749 2 7 20154
36750 2 10 49285
36751 12 0 49292
36752 12 0 36540
36753 12 0 36675
36754 12 0 36597
36755 2 2 49295
36756 12 0 3029
36757 12 0 7697
36758 12 0 6340
36759 12 0 49296
36760 13 0 36595
36761 4 0 46247
36762 2 18 49297
36763 13 0 9154
36764 12 0 49298
36765 12 0 8560
36766 3 0 61981
36767 3 1 61982
36768 12 0 15787
36769 12 0 17882
36770 0 1 17882
36771 0 8 10924
36772 12 0 11449
36773 12 0 21402
36774 12 0 16299
36775 12 0 44321
36776 12 0 2599
36777 12 0 48462
36778 2 6 49311
36779 12 0 49320
36780 12 0 7263
36781 7 11 16212
36782 7 8 54540
36783 3 7 54311
36784 3 7 54313
36785 12 0 49330
36786 12 0 49330
36787 12 0 36190
36788 15 0 18092
36789 15 0 7134
36790 2 6 49337
36791 2 6 49338
36792 2 6 49339
36793 12 0 13291
36794 15 0 6631
36795 15 0 6636
36796 12 0 49346
36797 15 0 20915
36798 15 0 20914
36799 0 0 1659
36800 12 0 4826
36801 15 0 6002
36802 15 0 6666
36803 12 0 13489
36804 15 0 3429
36805 15 0 26546
36806 15 0 26546
36807 12 0 48394
36808 15 0 3429
36809 15 0 36675
36810 15 0 37249
36811 15 0 7342
36812 15 0 20818
36813 15 0 7342
36814 15 0 20818
36815 12 0 24778
36816 15 0 4719
36817 15 0 4721
36818 12 0 34796
36819 12 0 39723
36820 12 0 1246
36821 15 0 4719
36822 15 0 4721
36823 15 0 37653
36824 15 0 7202
36825 12 0 31577
36826 12 0 49385
36827 12 0 35930
36828 12 0 35850
36829 15 0 6690
36830 15 0 2637
36831 0 5 21327
36832 12 0 3032
36833 12 0 3032
36834 12 0 49385
36835 12 0 35843
36836 12 0 33298
36837 9 8 11431
36838 9 8 11431
36839 9 8 11431
36840 9 8 9135
36841 9 6 811
36842 9 6 15274
36843 9 6 6270
36844 9 6 1096
36845 0 2 17882
36846 12 0 35851
36847 12 0 35852
36848 12 0 7629
36849 12 0 34751
36850 12 0 34754
36851 12 0 34753
36852 12 0 23440
36853 12 0 12904
36854 12 0 24188
36855 12 0 24188
36856 12 0 24188
36857 12 0 17923
36858 12 0 17922
36859 12 0 49406
36860 7 10 55236
36861 12 0 1246
36862 0 0 52015
36863 0 0 52014
36864 12 0 24188
36865 12 0 44269
36866 4 2 31639
36867 4 4 26871
36868 12 0 40304
36869 2 10 49422
36870 12 0 34059
36871 4 0 38671
36872 4 0 52817
36873 12 0 49584
36874 4 0 24187
36875 12 0 25472
36876 12 0 10365
36877 0 0 8927
36878 2 10 50143
36879 2 4 50204
36880 2 15 51559
36881 2 4 49233
36882 2 2 50158
36883 2 8 49223
36884 4 1 51229
36885 4 2 51200
36886 4 3 51213
36887 4 4 49473
36888 4 2 51201
36889 0 8 8026
36890 0 8 8026
36891 0 8 8026
36892 0 8 8026
36893 0 8 8026
36894 0 8 8026
36895 0 0 6009
36896 4 0 21610
36897 4 0 21610
36898 7 12 56467
36899 0 8 36862
36900 0 8 47904
36901 7 9 49931
36902 7 9 1442
36903 7 9 52259
36904 7 9 50454
36905 7 9 52247
36906 7 9 52248
36907 7 9 50453
36908 7 9 52249
36909 7 7 50593
36910 7 7 52908
36911 7 7 38648
36912 7 7 57335
36913 7 7 52705
36914 7 7 39489
36915 7 7 39490
36916 7 7 50594
36917 3 0 54249
36918 3 0 54315
36919 3 0 61268
36920 3 2 54257
36921 3 2 54317
36922 3 2 60328
36923 3 1 54262
36924 3 1 54319
36925 3 1 60331
36926 3 3 54305
36927 3 3 54324
36928 3 3 60329
36929 3 5 54264
36930 3 5 54321
36931 3 5 60327
36932 3 4 54284
36933 3 4 54322
36934 3 4 60330
36935 12 0 49441
36936 12 0 44269
36937 4 3 52499
36938 4 4 51204
36939 4 1 51555
36940 12 0 1143
36941 4 0 49625
36942 2 8 46609
36943 4 0 35359
36944 2 15 50971
36945 4 1 50973
36946 4 3 52229
36947 4 1 50974
36948 4 2 50908
36949 4 1 52225
36950 4 4 51520
36951 4 2 50979
36952 4 4 50982
36953 4 3 51300
36954 4 1 52230
36955 9 0 1246
36956 12 0 49509
36957 12 0 49519
36958 12 0 49520
36959 9 0 1246
36960 9 0 1246
36961 4 0 31498
36962 2 1 49356
36963 9 0 1246
36964 9 0 1246
36965 9 0 1246
36966 9 0 1246
36967 9 0 1246
36968 9 0 1246
36969 4 4 52500
36970 9 0 1246
36971 4 3 52226
36972 4 0 1103
36973 4 1 52231
36974 4 4 52233
36975 2 10 50988
36976 4 1 52227
36977 4 4 52998
36978 4 2 50995
36979 4 0 31905
36980 2 10 51691
36981 2 16 51924
36982 4 1 51199
36983 4 1 51925
36984 2 7 51922
36985 4 1 49474
36986 4 3 42919
36987 7 6 49549
36988 4 0 39211
36989 2 19 51931
36990 2 7 49548
36991 4 1 52361
36992 4 3 52350
36993 4 0 17776
36994 2 3 41433
36995 4 4 51932
36996 4 2 50908
36997 4 1 52340
36998 4 1 56207
36999 4 3 52342
37000 4 2 51933
37001 2 7 49526
37002 4 3 51109
37003 12 0 7733
37004 4 4 51125
37005 4 1 51154
37006 12 0 33296
37007 4 2 51164
37008 4 3 49362
37009 4 4 51269
37010 12 0 3164
37011 15 5 56954
37012 15 5 49561
37013 12 0 13885
37014 2 4 50200
37015 2 19 56890
37016 2 19 56889
37017 2 15 49206
37018 2 3 51175
37019 4 6 51091
37020 12 0 7169
37021 2 13 51152
37022 2 15 51246
37023 2 18 49202
37024 4 0 51545
37025 2 1 49227
37026 2 10 50138
37027 12 0 49582
37028 2 16 40005
37029 2 15 51168
37030 2 5 49203
37031 2 10 50133
37032 2 0 50063
37033 4 0 50191
37034 2 7 51196
37035 12 0 49583
37036 2 15 50130
37037 2 15 49373
37038 2 19 44799
37039 2 7 51268
37040 4 4 53002
37041 2 4 50198
37042 2 15 51180
37043 4 3 52235
37044 2 18 49202
37045 12 0 49586
37046 2 5 50319
37047 2 19 56891
37048 4 1 30783
37049 2 3 49226
37050 2 2 50515
37051 4 0 41655
37052 4 4 49353
37053 4 0 32008
37054 2 1 50340
37055 4 1 52234
37056 4 4 52568
37057 4 2 49354
37058 4 0 39121
37059 2 14 47158
37060 2 7 50509
37061 4 6 50511
37062 4 4 50615
37063 12 0 34059
37064 4 0 43092
37065 2 7 50514
37066 4 4 52997
37067 4 2 49369
37068 4 4 50507
37069 4 3 52232
37070 4 2 55282
37071 12 0 49587
37072 2 13 51189
37073 2 10 49232
37074 4 0 51182
37075 2 15 50121
37076 2 7 51166
37077 2 13 51241
37078 2 19 51258
37079 4 0 9835
37080 2 8 50328
37081 2 7 51597
37082 4 4 53001
37083 4 2 51598
37084 4 1 28695
37085 12 0 6376
37086 4 0 51600
37087 12 0 50825
37088 4 4 51601
37089 12 0 4664
37090 12 0 49602
37091 0 4 2616
37092 0 4 2616
37093 0 4 1093
37094 0 4 1093
37095 4 3 52343
37096 4 0 31899
37097 0 4 2616
37098 0 4 2616
37099 2 10 51602
37100 7 1 55111
37101 7 1 55105
37102 7 1 3663
37103 7 13 6381
37104 12 0 49604
37105 4 3 52421
37106 4 2 51603
37107 4 6 51453
37108 2 8 51606
37109 4 4 51577
37110 4 3 52399
37111 4 0 19785
37112 2 4 55984
37113 4 1 52398
37114 4 2 51608
37115 4 4 49876
37116 4 3 49362
37117 4 2 49363
37118 0 4 56317
37119 4 6 49611
37120 2 4 49612
37121 12 0 49613
37122 2 2 50149
37123 2 8 49616
37124 12 0 6851
37125 12 0 49586
37126 15 0 47264
37127 4 0 49650
37128 4 0 49636
37129 12 0 2515
37130 2 16 7459
37131 4 0 49641
37132 4 0 49642
37133 4 0 49643
37134 4 0 50990
37135 4 4 52500
37136 12 0 49644
37137 12 0 49645
37138 4 3 50907
37139 4 2 49369
37140 12 0 44704
37141 4 0 35437
37142 4 3 42891
37143 12 0 44704
37144 4 3 52327
37145 7 11 44705
37146 2 8 49691
37147 7 11 44705
37148 15 0 7629
37149 4 2 50908
37150 4 4 50909
37151 4 0 33728
37152 4 4 50910
37153 4 1 52225
37154 4 1 16946
37155 4 3 52323
37156 12 0 44704
37157 12 0 44704
37158 12 0 44704
37159 7 11 44705
37160 7 11 44705
37161 7 11 44705
37162 4 6 50911
37163 15 4 31755
37164 7 11 31755
37165 4 2 49354
37166 4 0 52326
37167 4 3 52316
37168 7 11 44704
37169 2 4 50987
37170 4 3 53811
37171 4 4 53806
37172 4 1 53824
37173 0 0 33173
37174 4 1 29719
37175 4 4 50917
37176 4 2 50918
37177 2 19 43088
37178 4 4 51686
37179 2 7 51688
37180 4 2 51003
37181 2 15 50971
37182 4 4 52302
37183 4 2 51689
37184 4 3 52330
37185 12 0 25467
37186 4 0 33808
37187 12 0 35407
37188 4 3 59543
37189 4 1 52328
37190 2 10 51691
37191 2 18 51692
37192 4 0 49005
37193 4 4 53810
37194 4 2 53821
37195 4 0 39122
37196 4 1 52234
37197 4 1 51374
37198 0 0 42557
37199 12 0 50821
37200 12 0 47467
37201 15 1 6371
37202 12 0 49655
37203 4 1 51266
37204 4 1 51227
37205 4 1 51199
37206 4 1 51214
37207 4 1 51252
37208 4 1 51188
37209 4 1 52530
37210 4 1 51042
37211 4 1 51187
37212 4 1 51224
37213 4 1 51188
37214 4 1 51234
37215 4 1 51198
37216 4 6 51721
37217 4 4 51722
37218 4 1 52310
37219 4 2 51723
37220 4 0 51724
37221 4 3 52309
37222 4 1 52307
37223 4 1 51235
37224 4 1 51172
37225 4 1 51556
37226 4 1 51233
37227 4 1 49361
37228 4 1 51236
37229 12 0 24778
37230 4 2 50979
37231 4 0 9086
37232 4 0 31657
37233 12 0 22192
37234 4 1 51192
37235 2 7 51726
37236 4 2 51727
37237 4 4 52995
37238 2 19 51806
37239 4 1 51191
37240 4 4 53807
37241 4 4 51808
37242 4 1 51809
37243 4 2 51728
37244 4 3 52308
37245 4 1 52312
37246 12 0 49667
37247 12 0 15773
37248 12 0 52864
37249 2 2 49681
37250 12 0 7039
37251 12 0 16452
37252 0 5 49687
37253 0 5 35584
37254 4 0 7245
37255 2 7 50996
37256 4 3 52325
37257 4 0 32323
37258 4 1 52317
37259 12 0 52864
37260 2 0 50998
37261 4 2 50999
37262 4 3 52313
37263 4 4 50609
37264 4 0 51001
37265 0 0 49761
37266 2 19 49709
37267 12 0 9135
37268 12 0 9135
37269 12 0 9135
37270 4 1 51194
37271 4 1 51161
37272 4 1 51208
37273 4 1 51153
37274 4 1 51203
37275 4 1 51199
37276 4 1 51183
37277 4 1 51534
37278 4 1 51042
37279 4 1 51044
37280 4 1 51172
37281 4 1 51135
37282 4 1 51136
37283 4 1 51218
37284 4 1 51138
37285 4 1 51140
37286 4 1 51136
37287 12 0 45186
37288 4 4 50994
37289 4 1 52324
37290 4 0 33906
37291 4 1 51004
37292 4 4 50609
37293 4 2 51003
37294 4 1 52492
37295 4 1 51051
37296 4 1 51145
37297 15 2 4841
37298 15 2 23714
37299 12 0 811
37300 12 0 12927
37301 16 6 49722
37302 12 0 7287
37303 12 0 2480
37304 12 0 35738
37305 12 0 1096
37306 12 0 35178
37307 12 0 2480
37308 2 8 49745
37309 6 2 41489
37310 2 4 49750
37311 4 0 45500
37312 15 0 21115
37313 4 0 39186
37314 12 0 65930
37315 4 2 56324
37316 4 2 49241
37317 4 2 49261
37318 4 2 56322
37319 4 2 49913
37320 4 2 49246
37321 4 2 49241
37322 4 2 51173
37323 4 2 56318
37324 4 2 56314
37325 4 2 51217
37326 9 8 11431
37327 9 8 11431
37328 9 8 11431
37329 9 8 11431
37330 9 8 11431
37331 9 8 11431
37332 9 8 11431
37333 9 8 11431
37334 9 8 11431
37335 9 8 11431
37336 9 8 11431
37337 9 8 11431
37338 9 8 11431
37339 9 8 56750
37340 9 8 56741
37341 9 8 11431
37342 9 8 11431
37343 9 8 11431
37344 9 8 56750
37345 9 8 11431
37346 9 8 11431
37347 9 8 56741
37348 9 8 9135
37349 9 8 56741
37350 12 0 1134
37351 4 2 51201
37352 4 2 49255
37353 4 2 51264
37354 4 2 49906
37355 4 2 51265
37356 4 2 49256
37357 4 1 51242
37358 12 0 49234
37359 12 0 36189
37360 2 10 55717
37361 4 1 53822
37362 4 4 53808
37363 4 4 51010
37364 4 0 51005
37365 4 3 52314
37366 4 2 51006
37367 4 4 51700
37368 4 2 51701
37369 4 1 52334
37370 4 1 52329
37371 4 0 26001
37372 15 4 49771
37373 4 3 52333
37374 4 2 51702
37375 4 2 51262
37376 4 4 51604
37377 2 15 51703
37378 4 2 49864
37379 4 4 51704
37380 4 2 51210
37381 12 0 49782
37382 4 2 56376
37383 4 1 51250
37384 2 10 50988
37385 4 2 51251
37386 4 2 49848
37387 4 2 49980
37388 4 2 51263
37389 4 2 49358
37390 4 0 51706
37391 4 2 51294
37392 4 2 49847
37393 4 2 49911
37394 4 2 49816
37395 4 4 51707
37396 4 2 51211
37397 4 0 4841
37398 4 3 49362
37399 4 2 49246
37400 4 2 49859
37401 2 7 51695
37402 4 2 49255
37403 4 2 49906
37404 4 2 49264
37405 4 2 49848
37406 4 2 49851
37407 4 3 51697
37408 4 1 53823
37409 4 2 53819
37410 2 16 51708
37411 12 0 50676
37412 12 0 49784
37413 12 0 49785
37414 4 3 49527
37415 4 3 51221
37416 12 0 49783
37417 4 3 51066
37418 4 3 51067
37419 4 3 49521
37420 4 3 51245
37421 4 3 51215
37422 4 3 51212
37423 4 3 51244
37424 4 3 51237
37425 4 3 51223
37426 4 3 51257
37427 4 3 51267
37428 4 3 51260
37429 4 3 51181
37430 3 1 39927
37431 0 0 7363
37432 12 0 49788
37433 4 3 51148
37434 4 3 51113
37435 4 3 51137
37436 4 3 51248
37437 4 3 51071
37438 12 0 49788
37439 4 3 51239
37440 4 3 51240
37441 4 3 51237
37442 4 3 51148
37443 4 3 51238
37444 4 3 59543
37445 12 8 50443
37446 4 3 51231
37447 4 3 53181
37448 4 3 56315
37449 0 2 4836
37450 4 3 51109
37451 4 3 54935
37452 0 5 49798
37453 4 3 51146
37454 4 3 51071
37455 4 3 51141
37456 4 3 51067
37457 4 3 56323
37458 4 3 51137
37459 12 0 44269
37460 15 2 11907
37461 2 6 49801
37462 4 1 49800
37463 4 2 22794
37464 0 8 50664
37465 12 0 49804
37466 4 4 56326
37467 15 0 9319
37468 4 4 51086
37469 4 4 51144
37470 4 4 49512
37471 4 4 51106
37472 4 4 56321
37473 4 4 51527
37474 4 4 56316
37475 4 4 51125
37476 4 4 51094
37477 4 4 51087
37478 4 4 52372
37479 4 4 56188
37480 4 4 51207
37481 4 4 51087
37482 4 4 51206
37483 4 4 61308
37484 4 4 51162
37485 4 4 56387
37486 4 4 51190
37487 4 4 51254
37488 0 0 18079
37489 0 0 18079
37490 0 0 18079
37491 0 0 18079
37492 0 0 18079
37493 0 0 18079
37494 0 0 18079
37495 0 0 18079
37496 0 0 18079
37497 0 0 18079
37498 0 0 18079
37499 0 0 18079
37500 12 0 13824
37501 12 0 4813
37502 12 0 12925
37503 3 3 44924
37504 9 10 1096
37505 4 4 56330
37506 4 4 56354
37507 4 4 56386
37508 4 4 49725
37509 4 4 51247
37510 4 4 51259
37511 4 4 56392
37512 4 4 51151
37513 4 4 51184
37514 4 4 51133
37515 4 4 51197
37516 4 4 51504
37517 4 4 49725
37518 4 4 56189
37519 4 4 51904
37520 4 6 51453
37521 4 6 50911
37522 4 4 51162
37523 4 0 28830
37524 4 0 26001
37525 4 0 51277
37526 4 0 51230
37527 4 0 51243
37528 4 0 23629
37529 4 0 23728
37530 4 0 9840
37531 4 0 49225
37532 4 0 51243
37533 4 0 29697
37534 2 16 40005
37535 2 10 50137
37536 2 4 49233
37537 2 10 50142
37538 12 0 7261
37539 12 0 16325
37540 12 0 8093
37541 4 0 34318
37542 12 0 3673
37543 4 0 9852
37544 4 0 34034
37545 4 0 9860
37546 4 0 6490
37547 2 4 50203
37548 4 0 35437
37549 4 0 9858
37550 16 5 49722
37551 16 3 49819
37552 4 8 43316
37553 4 7 34960
37554 4 9 43317
37555 4 0 45851
37556 4 0 39927
37557 4 0 16283
37558 4 0 52820
37559 4 0 29947
37560 4 0 51112
37561 4 0 52821
37562 4 0 22639
37563 4 0 34188
37564 4 1 51256
37565 12 0 15706
37566 4 1 51160
37567 7 3 20628
37568 12 0 2925
37569 12 0 49822
37570 12 0 9731
37571 12 0 7695
37572 12 0 15692
37573 4 8 39640
37574 4 7 5563
37575 4 9 47072
37576 12 0 32426
37577 12 0 6506
37578 4 0 34188
37579 2 4 49829
37580 12 0 16190
37581 12 0 21411
37582 0 0 29722
37583 0 0 50455
37584 0 0 37659
37585 0 0 13715
37586 15 0 49839
37587 4 2 51709
37588 7 8 49840
37589 7 3 40557
37590 4 4 51710
37591 4 0 54513
37592 4 3 57540
37593 4 2 49369
37594 4 1 54514
37595 4 0 31899
37596 2 15 49873
37597 2 15 23262
37598 15 5 49870
37599 12 0 7695
37600 12 0 1464
37601 12 0 1246
37602 7 14 57290
37603 0 6 811
37604 0 0 49880
37605 15 0 49881
37606 1 0 4584
37607 12 0 1246
37608 2 0 49891
37609 2 8 49892
37610 2 8 49893
37611 2 15 36741
37612 4 4 51520
37613 4 1 52311
37614 4 3 54516
37615 2 2 54501
37616 4 2 49357
37617 2 10 54504
37618 4 4 52568
37619 2 19 55720
37620 4 4 54039
37621 12 0 38667
37622 4 1 54519
37623 4 3 54520
37624 4 0 35472
37625 4 4 54517
37626 2 19 53117
37627 4 4 51927
37628 4 3 53118
37629 4 1 53116
37630 4 1 47068
37631 2 13 57305
37632 4 4 50507
37633 4 4 50615
37634 4 2 53120
37635 4 4 51577
37636 4 2 50908
37637 4 1 53121
37638 4 0 53122
37639 4 3 53123
37640 4 2 53124
37641 4 1 53126
37642 4 0 31657
37643 4 2 53815
37644 4 2 53820
37645 4 4 53132
37646 4 0 53133
37647 4 1 23018
37648 4 3 53134
37649 2 15 49373
37650 4 4 51459
37651 4 0 31906
37652 4 2 51460
37653 2 8 51512
37654 4 3 52363
37655 4 1 52355
37656 4 3 52360
37657 4 0 51518
37658 4 4 51520
37659 2 8 2380
37660 4 0 31282
37661 0 0 17896
37662 12 0 7137
37663 7 7 57336
37664 12 0 55088
37665 12 0 21411
37666 4 2 51519
37667 2 15 51521
37668 4 4 51632
37669 4 3 52345
37670 4 4 53809
37671 4 4 51516
37672 4 4 50991
37673 4 1 51301
37674 15 0 9319
37675 4 4 51612
37676 15 5 42378
37677 15 12 21205
37678 4 2 51613
37679 4 3 57604
37680 4 1 52347
37681 2 4 50603
37682 4 4 50510
37683 4 0 9852
37684 4 1 52529
37685 4 0 44841
37686 4 3 52397
37687 4 1 52400
37688 4 4 51615
37689 4 0 48511
37690 4 4 49876
37691 4 1 52407
37692 2 3 52414
37693 2 13 54894
37694 4 0 34189
37695 4 3 53835
37696 4 2 51939
37697 2 15 50971
37698 4 4 51577
37699 4 4 51610
37700 7 10 55240
37701 7 10 60020
37702 7 10 55241
37703 7 10 55243
37704 7 10 55242
37705 7 10 60021
37706 7 7 63661
37707 12 0 21115
37708 2 14 20618
37709 15 3 44269
37710 7 3 44269
37711 10 0 32278
37712 4 4 52568
37713 15 0 49943
37714 4 2 52565
37715 4 1 52529
37716 12 0 49944
37717 4 4 52567
37718 4 0 52569
37719 15 5 49950
37720 4 2 42947
37721 2 7 52571
37722 4 4 51520
37723 4 0 52572
37724 4 2 52573
37725 4 1 52398
37726 4 3 50612
37727 12 0 7287
37728 4 1 43096
37729 4 4 52619
37730 4 1 52620
37731 4 1 52618
37732 4 0 31664
37733 2 5 52574
37734 4 0 52576
37735 4 4 52338
37736 12 0 7695
37737 12 0 7695
37738 15 0 7134
37739 2 15 49147
37740 2 4 49146
37741 12 0 32847
37742 10 0 32276
37743 4 4 50506
37744 4 3 52467
37745 4 2 50025
37746 4 1 52544
37747 4 6 50024
37748 4 0 9657
37749 2 13 42173
37750 0 0 7273
37751 4 0 50376
37752 4 1 52464
37753 4 1 52458
37754 4 1 52545
37755 4 1 52472
37756 4 1 15063
37757 4 1 52448
37758 4 0 40413
37759 4 1 43654
37760 4 1 27601
37761 4 1 43732
37762 4 2 52520
37763 4 2 52475
37764 4 2 51715
37765 4 2 52488
37766 4 2 52513
37767 4 2 53372
37768 4 2 52515
37769 4 2 52482
37770 4 2 52514
37771 4 2 52480
37772 4 3 49362
37773 4 3 52476
37774 4 3 52481
37775 4 3 53371
37776 4 3 52501
37777 4 3 52485
37778 4 3 52473
37779 4 3 52484
37780 4 3 52502
37781 4 3 52487
37782 4 4 52477
37783 4 4 51927
37784 4 0 33728
37785 4 4 52509
37786 4 4 52483
37787 4 4 52302
37788 4 3 53817
37789 4 4 52512
37790 4 4 51704
37791 4 2 53814
37792 4 4 52450
37793 4 4 52304
37794 4 0 52454
37795 4 4 52451
37796 4 1 52453
37797 4 1 23422
37798 4 1 53825
37799 4 1 52605
37800 4 3 52610
37801 4 4 52611
37802 2 15 52445
37803 2 10 51691
37804 2 10 50536
37805 2 4 50006
37806 2 10 52446
37807 2 7 52457
37808 2 4 52455
37809 2 2 49368
37810 4 6 51721
37811 2 1 52456
37812 2 5 52460
37813 2 6 52449
37814 4 4 51577
37815 0 0 50543
37816 15 3 7273
37817 4 0 52465
37818 4 3 52359
37819 4 0 26001
37820 4 0 33856
37821 4 0 28733
37822 4 0 52459
37823 4 0 36902
37824 2 19 56898
37825 4 1 52364
37826 4 4 51934
37827 15 5 29447
37828 15 5 51020
37829 12 0 50216
37830 12 0 1143
37831 12 0 1143
37832 2 0 23904
37833 12 0 31604
37834 2 0 23904
37835 4 0 26622
37836 10 0 51567
37837 7 8 50000
37838 7 8 2618
37839 15 0 21416
37840 4 1 43086
37841 4 2 51936
37842 4 2 49378
37843 4 1 52348
37844 4 0 52614
37845 4 3 52615
37846 4 2 52616
37847 4 4 50507
37848 2 10 51938
37849 4 4 52304
37850 4 1 52347
37851 4 1 52357
37852 2 1 55709
37853 4 2 51939
37854 4 1 53826
37855 4 3 53818
37856 2 15 49373
37857 4 3 59544
37858 4 2 54902
37859 0 0 50541
37860 0 0 50544
37861 4 0 31603
37862 4 4 52512
37863 0 0 44269
37864 4 0 37840
37865 4 0 37841
37866 4 4 42849
37867 4 1 53625
37868 4 3 55009
37869 4 0 28831
37870 4 3 55011
37871 2 0 54989
37872 4 0 55012
37873 4 0 44237
37874 4 4 55019
37875 4 3 54933
37876 4 1 52334
37877 0 0 50106
37878 0 0 16325
37879 12 0 18574
37880 12 0 32546
37881 12 0 50180
37882 12 0 22793
37883 2 10 54903
37884 4 1 53893
37885 4 4 42831
37886 4 3 55006
37887 12 0 22793
37888 15 0 50183
37889 4 0 54985
37890 4 2 55007
37891 4 4 55008
37892 2 14 50189
37893 2 14 59619
37894 2 14 59619
37895 2 14 59619
37896 2 14 59619
37897 2 14 59619
37898 0 0 18079
37899 0 0 18079
37900 0 0 18079
37901 0 0 18079
37902 0 0 18079
37903 0 0 18079
37904 0 0 18079
37905 0 0 18079
37906 0 0 18079
37907 0 0 18079
37908 0 0 18079
37909 0 0 18079
37910 12 0 24153
37911 12 0 24153
37912 12 0 24153
37913 12 0 24153
37914 2 4 50213
37915 9 2 1102
37916 4 6 50214
37917 2 6 50215
37919 2 2 50451
37920 12 0 31577
37921 7 9 49932
37922 12 0 1815
37923 12 0 43101
37924 2 15 50282
37925 0 0 46209
37926 0 1 37808
37927 4 0 39129
37928 4 0 39162
37929 4 0 39162
37930 12 0 23229
37931 12 0 8093
37932 12 0 50374
37933 12 0 6506
37934 4 0 45948
37936 4 1 51284
37937 4 1 51172
37938 4 1 51370
37939 4 0 34318
37940 4 1 51301
37941 4 1 51145
37942 4 1 53251
37943 4 1 51287
37944 4 1 51368
37945 4 1 51334
37946 4 1 51338
37947 4 1 51317
37948 4 1 51208
37949 4 1 51004
37950 4 1 51355
37951 4 1 51326
37952 4 0 28812
37953 4 1 52624
37954 4 1 52623
37955 4 1 27658
37956 4 1 51388
37957 4 1 51361
37958 4 1 52516
37959 4 1 49464
37960 4 0 51278
37961 4 1 52626
37962 4 1 53257
37963 4 1 52625
37964 4 1 51359
37965 4 1 51203
37966 4 1 51044
37967 4 0 51276
37968 4 1 51369
37969 4 1 51372
37970 4 1 52493
37971 4 1 51312
37972 4 1 51339
37973 4 1 51327
37974 4 1 15218
37975 4 1 49464
37976 4 0 31889
37977 4 1 51199
37978 4 1 51304
37979 4 1 51232
37980 4 2 49247
37981 4 2 49851
37982 4 0 28830
37983 4 2 49911
37984 4 2 56470
37985 4 2 49848
37986 4 2 51264
37987 4 2 51360
37988 4 1 51375
37989 4 2 51332
37990 4 2 51318
37991 4 2 49809
37992 4 0 9852
37993 4 2 51343
37994 4 2 49842
37995 4 2 51286
37996 4 2 51392
37997 4 0 6490
37998 4 2 49903
37999 4 2 51354
38000 4 2 49255
38001 4 2 49845
38002 4 1 51373
38003 4 2 51333
38004 4 2 51319
38005 4 2 49256
38006 4 2 49258
38007 4 2 56372
38008 4 2 51316
38009 4 0 26001
38010 4 2 51164
38011 4 2 51335
38012 4 2 51356
38013 4 2 49246
38014 4 2 49251
38015 4 2 56436
38016 4 2 56446
38017 4 2 49251
38018 4 2 56450
38019 4 2 56452
38020 4 2 56457
38021 4 2 49842
38022 4 2 49920
38023 4 3 51213
38024 4 3 51148
38025 4 3 51390
38026 4 3 51358
38027 4 3 59545
38028 4 0 28812
38029 4 3 56310
38030 4 3 56443
38031 4 3 56312
38032 4 0 9658
38033 4 3 51309
38034 4 3 51320
38035 4 3 51077
38036 4 0 51275
38037 4 3 51303
38038 4 3 51293
38039 4 3 51300
38040 4 3 51260
38041 4 3 51321
38042 4 0 51280
38043 4 3 56200
38044 4 3 54933
38045 4 3 52303
38046 4 3 51394
38047 4 3 51072
38048 4 3 51221
38049 4 3 51322
38050 15 2 50456
38051 4 3 51347
38052 4 2 49847
38053 4 3 51071
38054 4 3 51357
38055 4 3 51181
38056 4 3 51311
38057 4 3 51238
38058 4 3 51213
38059 1 0 50457
38060 4 3 56447
38061 4 3 56451
38062 4 3 56453
38063 4 3 56468
38064 4 3 51351
38065 4 3 52499
38066 4 3 51077
38067 4 0 23629
38068 4 0 24087
38069 4 0 34034
38070 4 0 16283
38071 4 0 34188
38072 4 0 53466
38073 4 0 34188
38074 4 0 34188
38075 4 0 34188
38076 4 0 16283
38077 4 0 34188
38078 4 0 16283
38079 4 0 16283
38080 4 0 16283
38081 4 0 16283
38082 1 0 50459
38083 12 0 19459
38084 4 4 56393
38085 4 4 51197
38086 4 4 61308
38087 4 4 51391
38088 4 4 56370
38089 4 1 22423
38090 4 0 23728
38091 4 0 44841
38092 4 4 49512
38093 4 4 56469
38094 4 4 50905
38095 4 4 51330
38096 4 4 56195
38097 4 4 51315
38098 12 0 37860
38099 2 1 50461
38100 4 4 56394
38101 4 4 51131
38102 4 4 51393
38103 4 4 51204
38104 4 4 51288
38105 4 4 51302
38106 4 4 51162
38107 4 4 51108
38108 4 4 56138
38109 4 4 51337
38110 4 4 49478
38111 4 4 51133
38112 4 4 51297
38113 4 4 51391
38114 4 4 56445
38115 4 4 51346
38116 4 4 51331
38117 4 4 51314
38118 4 4 51397
38119 4 4 51904
38120 4 4 51899
38121 4 4 49725
38122 4 4 56454
38123 4 4 51295
38124 4 4 51087
38125 4 4 56189
38126 2 10 50143
38127 2 4 50208
38128 2 10 50146
38129 2 10 50141
38130 2 15 51365
38131 2 10 50139
38132 2 10 50147
38133 2 10 50146
38134 2 15 51364
38135 2 4 50197
38136 2 10 49232
38137 2 10 50144
38138 2 15 51367
38139 2 4 49233
38140 2 10 49232
38141 2 10 50138
38142 2 15 51366
38143 2 10 50137
38144 12 0 10924
38145 1 0 1282
38146 2 7 51377
38147 4 0 963
38148 2 5 51381
38149 12 0 50485
38150 2 18 50167
38151 2 15 50122
38152 2 4 50208
38153 2 13 51171
38154 2 7 51380
38155 2 15 50121
38156 2 1 49227
38157 2 2 50152
38158 2 7 50266
38159 2 13 51152
38160 4 0 50578
38161 4 0 51271
38162 4 0 50579
38163 4 0 50489
38164 4 0 26391
38165 0 0 50493
38166 2 3 49226
38167 2 16 40005
38168 2 2 50158
38169 2 15 51168
38170 2 4 50201
38171 2 5 50325
38172 2 18 50166
38173 2 15 51403
38174 2 4 50206
38175 2 7 31419
38176 2 4 49201
38177 2 3 51174
38178 2 1 50338
38179 2 13 51152
38180 2 13 51171
38181 2 8 50329
38182 2 8 50326
38183 2 7 49221
38184 2 15 50130
38185 2 2 50149
38186 0 0 36861
38187 2 0 51464
38188 2 13 51171
38189 2 15 49207
38190 2 15 49206
38191 2 15 50130
38192 2 16 40005
38193 2 5 49203
38194 2 3 29163
38195 2 8 49223
38196 2 0 51463
38197 2 1 51385
38198 2 7 51402
38199 2 7 49199
38200 2 18 49202
38201 2 19 57175
38202 2 19 57176
38203 2 19 57174
38204 2 19 57179
38205 2 19 57178
38206 2 19 56894
38207 2 19 56895
38208 2 2 50157
38209 2 6 50504
38210 2 6 40368
38211 2 6 50505
38212 4 0 52818
38213 4 0 45851
38214 4 0 51185
38215 2 7 50521
38216 2 0 50527
38217 4 0 50191
38218 4 0 24022
38219 4 0 35423
38220 4 0 39121
38221 4 1 43086
38222 4 1 43086
38223 4 1 30783
38224 4 0 51362
38225 1 2 50459
38226 4 0 9860
38227 4 0 9858
38228 4 0 6490
38229 9 2 1102
38230 4 0 9858
38231 4 0 9860
38232 4 0 6490
38233 0 0 50537
38234 15 2 26532
38235 2 5 45626
38236 0 0 7008
38237 2 1 53056
38238 2 13 51110
38239 2 10 49232
38240 2 10 49232
38241 2 3 50850
38242 2 15 49207
38243 2 13 50533
38244 2 1 50532
38245 2 10 50535
38246 2 3 50534
38247 2 15 49373
38248 2 10 50536
38249 2 16 50542
38250 4 0 49225
38251 4 0 26391
38252 4 0 28812
38253 4 1 15206
38254 4 1 15206
38255 4 1 23043
38256 4 1 49231
38257 4 0 50547
38258 4 0 3673
38259 4 0 7371
38260 15 0 50548
38261 15 0 9154
38262 2 10 20309
38263 15 0 50549
38264 15 0 8121
38265 15 5 44590
38266 0 8 37182
38267 15 0 3093
38268 2 14 50561
38269 15 0 48232
38270 7 8 22024
38271 7 8 44290
38272 7 8 13531
38273 15 0 50556
38274 15 0 50559
38275 4 0 50564
38276 4 1 50565
38277 4 1 50566
38278 4 1 50567
38279 4 1 50568
38280 12 0 7921
38281 12 0 7921
38282 2 8 50572
38283 12 0 1588
38284 4 0 51279
38285 4 0 50582
38286 4 0 50581
38287 4 0 50583
38288 4 0 50584
38289 4 0 45850
38290 4 0 50586
38291 0 0 3152
38292 3 0 39926
38293 4 0 51363
38294 0 0 3664
38295 4 8 51424
38296 2 6 50591
38297 2 6 50592
38298 2 10 50595
38299 15 2 26532
38300 0 0 3663
38301 15 4 50733
38302 12 0 49326
38303 12 0 6340
38304 2 1 50627
38305 12 0 50628
38306 0 8 50629
38307 1 8 34780
38308 0 8 50630
38309 4 0 50860
38310 4 0 50861
38311 4 0 50863
38312 4 0 50686
38313 4 0 50859
38314 4 0 50862
38315 2 10 50730
38316 4 1 10448
38317 12 0 34059
38318 4 1 51795
38319 12 0 9152
38320 0 0 18119
38321 12 0 17896
38322 4 0 23171
38323 12 0 50649
38324 12 0 50650
38325 12 0 41680
38326 12 0 26534
38327 9 2 1102
38328 9 2 1102
38329 12 0 50652
38330 12 0 11909
38331 4 0 32546
38332 12 0 37859
38333 12 0 32284
38334 12 0 34121
38335 12 0 926
38336 12 0 40606
38337 12 0 37860
38338 12 0 2793
38339 12 0 9134
38340 12 0 35401
38341 12 0 18047
38342 12 0 2351
38343 12 0 37859
38344 12 0 1498
38345 12 0 52701
38346 12 0 51396
38347 1 6 50663
38348 15 0 7394
38349 12 0 36687
38350 0 5 40694
38351 0 1 15794
38352 4 0 50689
38353 4 1 57171
38354 4 1 31131
38355 4 1 57172
38356 2 19 56897
38357 2 16 43111
38358 4 0 43092
38359 4 0 43092
38360 4 8 54347
38361 4 9 50537
38362 4 7 5563
38363 4 7 1103
38364 4 7 5562
38365 4 8 39640
38366 4 8 54349
38367 4 9 55823
38368 4 9 57173
38369 12 0 13354
38370 12 0 52829
38371 0 6 56642
38372 0 6 56641
38373 0 6 56643
38374 0 6 56644
38375 0 6 55478
38376 0 6 55479
38377 0 6 50675
38378 0 6 37083
38379 12 0 47969
38380 12 0 31995
38381 12 0 8383
38382 12 0 47969
38383 4 0 34188
38384 12 0 51996
38385 4 0 37549
38386 12 0 18098
38387 4 3 50680
38388 4 3 50680
38389 4 3 50680
38390 4 3 50680
38391 2 7 41615
38392 2 8 41773
38393 12 0 18053
38394 2 19 32582
38395 2 2 20550
38396 12 0 38893
38397 12 0 15789
38398 12 0 37814
38399 1 7 31783
38400 4 2 52902
38401 4 2 49794
38402 4 2 49246
38403 4 2 49253
38404 4 2 52901
38405 4 2 52584
38406 4 2 53050
38407 4 2 53051
38408 4 2 53052
38409 4 2 64114
38410 4 2 53054
38411 4 2 49920
38412 4 3 55193
38413 4 3 52950
38414 4 3 57751
38415 4 3 52951
38416 4 3 51213
38417 4 3 56692
38418 4 3 56684
38419 4 3 56690
38420 4 3 51109
38421 4 3 56688
38422 4 3 56691
38423 4 3 8098
38424 4 3 52151
38425 7 6 55477
38426 7 5 50693
38427 0 5 50696
38428 0 5 47114
38429 0 5 18084
38430 0 5 38430
38431 0 5 40852
38432 0 5 18119
38433 4 2 49256
38434 4 2 53055
38435 4 3 56687
38436 4 3 57750
38437 4 2 52906
38438 4 2 51784
38439 4 3 51293
38440 4 3 57541
38441 4 1 56696
38442 4 3 16700
38443 4 3 16706
38444 4 3 17171
38445 4 3 18418
38446 4 3 14408
38447 4 2 16972
38448 4 2 17069
38449 4 2 16994
38450 4 2 11138
38451 4 2 4486
38452 4 6 57078
38453 4 6 49480
38454 2 4 57084
38455 2 4 57083
38456 2 2 57089
38457 2 3 57087
38458 4 0 51182
38459 4 0 57081
38460 2 19 56896
38461 2 15 53470
38462 4 6 57086
38463 4 6 57085
38464 2 19 57082
38465 2 15 51533
38466 0 5 35744
38467 12 0 41541
38468 2 4 50603
38469 2 13 50708
38470 2 15 50709
38471 2 3 8256
38472 2 18 50721
38473 12 0 7134
38474 0 8 41062
38475 0 8 41061
38476 0 8 41050
38477 12 0 34925
38478 0 8 41050
38479 4 0 47773
38480 2 5 50713
38481 2 1 3797
38482 2 6 22242
38483 12 0 50724
38484 4 0 31664
38485 4 0 31664
38486 4 0 3332
38487 2 6 50715
38488 2 6 50716
38489 4 0 3332
38490 2 6 50722
38491 2 6 50718
38492 4 1 16700
38493 4 1 16701
38494 4 1 16706
38495 4 1 16702
38496 4 1 9894
38497 4 1 18422
38498 3 3 50719
38499 3 1 50740
38500 3 0 50743
38501 3 2 50744
38502 3 5 50742
38503 3 4 50741
38504 12 0 47969
38505 12 0 50725
38506 4 1 50565
38507 2 10 50729
38508 2 6 50731
38509 2 1 50732
38510 12 0 47969
38511 2 4 50736
38512 12 0 54213
38513 4 2 46626
38514 12 0 5283
38515 12 0 48310
38516 15 0 30601
38517 15 0 33239
38518 0 0 50737
38519 12 0 50739
38520 15 0 9319
38521 12 0 53379
38522 12 0 41412
38523 12 0 50746
38524 4 4 56373
38525 4 2 51286
38526 4 0 34188
38527 4 3 51310
38528 4 2 51201
38529 4 1 51369
38530 4 1 51413
38531 4 3 51411
38532 4 2 56337
38533 4 4 50753
38534 4 4 50752
38535 4 3 51414
38536 4 1 51188
38537 4 2 56397
38538 3 6 50748
38539 15 0 51978
38540 4 1 50772
38541 4 4 50770
38542 4 3 51412
38543 4 2 50771
38544 12 0 30969
38545 3 0 4777
38546 3 2 20978
38547 3 5 7221
38548 3 5 7339
38549 3 0 6006
38550 3 2 18707
38551 12 0 31577
38552 12 0 19498
38553 12 0 18089
38554 4 6 50766
38555 13 0 50802
38556 12 0 50768
38557 7 6 56646
38558 7 6 56645
38559 12 0 50775
38560 12 0 8931
38561 7 6 50776
38562 12 0 20658
38563 12 0 929
38564 12 0 18089
38565 12 0 50797
38566 12 0 50798
38567 12 0 5563
38568 15 4 50799
38569 15 4 50800
38570 15 4 50801
38571 0 8 7374
38572 4 0 43092
38573 12 0 50803
38574 12 0 50814
38575 12 0 7162
38576 15 5 40160
38577 0 0 21833
38578 15 4 36754
38579 4 0 51682
38580 2 10 50854
38581 15 0 7741
38582 15 4 36754
38583 15 0 13715
38584 15 0 7103
38585 15 0 23332
38586 15 0 35014
38587 0 0 50881
38588 4 0 37841
38589 4 0 37840
38590 4 2 56676
38591 4 2 56678
38592 4 2 52938
38593 9 1 811
38594 9 1 15274
38595 9 1 6270
38596 9 1 1096
38597 9 1 811
38598 9 1 811
38599 9 1 811
38600 12 0 50883
38601 12 0 7261
38602 2 13 50884
38603 2 13 50885
38604 2 6 32837
38605 15 0 3093
38606 12 0 50886
38607 12 0 50887
38608 15 0 3093
38609 2 6 50890
38610 12 0 6690
38611 4 0 39122
38612 15 2 19091
38613 4 0 9854
38614 4 1 51531
38615 4 3 52352
38616 4 2 51514
38617 4 0 51515
38618 2 5 51163
38619 12 0 7083
38620 12 0 50899
38621 12 0 52507
38622 12 0 2593
38623 12 0 39204
38624 12 0 34892
38625 7 8 50901
38626 0 0 51731
38627 12 0 32426
38628 15 2 50919
38629 0 0 7270
38630 12 0 50962
38631 12 0 51447
38632 2 8 52261
38633 2 1 50966
38635 4 6 50972
38636 12 0 44523
38637 12 0 7162
38638 12 0 15964
38639 12 0 51013
38640 0 7 51029
38641 0 7 51021
38642 12 0 31906
38643 0 7 9430
38644 10 0 32276
38645 4 4 51052
38646 4 4 51053
38647 4 4 51054
38648 4 4 32060
38649 4 4 51055
38650 4 4 15340
38651 4 4 25833
38652 2 10 51056
38653 12 0 17881
38654 12 0 16161
38655 12 0 21975
38656 12 0 51057
38657 0 0 51118
38658 15 2 51143
38659 12 0 51177
38660 12 0 31899
38661 4 4 51738
38662 4 0 31899
38663 4 4 51956
38664 4 1 51733
38665 4 4 51798
38666 4 4 51632
38667 4 4 51787
38668 4 4 51915
38669 4 4 51637
38670 4 4 51990
38671 4 0 31664
38672 4 0 39122
38673 12 0 51272
38674 4 0 51914
38675 4 0 51912
38676 12 0 18096
38677 12 0 24037
38678 12 0 31899
38679 0 6 811
38680 12 0 51272
38681 12 0 8619
38682 7 14 57287
38683 4 7 51588
38684 12 0 48462
38685 0 0 1093
38686 12 0 55392
38687 12 0 51396
38688 12 0 51395
38689 12 0 3673
38690 15 5 13291
38691 2 8 51405
38692 2 10 51406
38693 2 7 29677
38694 4 2 34688
38695 12 0 24156
38696 12 0 20899
38697 12 0 21845
38698 0 5 40652
38699 12 0 36902
38700 12 0 18204
38701 12 0 51425
38702 0 0 51426
38703 12 0 53378
38704 0 0 51446
38705 12 0 22436
38706 0 5 26731
38707 2 8 51427
38708 12 0 38758
38709 12 0 38758
38710 4 1 51044
38711 4 1 51145
38712 4 1 52493
38713 4 1 51208
38714 4 1 51312
38715 4 1 53251
38716 4 1 51203
38717 4 1 51334
38718 4 1 49464
38719 4 1 51370
38720 2 6 51448
38721 2 0 51449
38722 2 4 51450
38723 2 7 51451
38724 16 11 7270
38725 15 0 7270
38726 4 1 51145
38727 4 1 51312
38728 4 1 51334
38729 4 1 53251
38730 4 1 51208
38731 12 0 51452
38732 4 1 51334
38733 4 1 51370
38734 4 1 51203
38735 4 1 51370
38736 4 1 51044
38737 4 1 51203
38738 4 1 51312
38739 4 1 51044
38740 4 1 51370
38741 4 1 51145
38742 4 1 51208
38743 4 0 51279
38744 4 0 51279
38745 4 0 51279
38746 4 0 51279
38747 4 0 51279
38748 4 0 51279
38749 4 0 51279
38750 4 0 51279
38751 4 0 34318
38752 4 0 34318
38753 4 0 34318
38754 4 0 34318
38755 4 0 54070
38756 4 1 15218
38757 4 1 15218
38758 4 1 15218
38759 4 1 15218
38760 4 0 57689
38761 4 0 57688
38762 4 0 57687
38763 4 0 48007
38764 4 0 45112
38765 4 0 48007
38766 0 6 811
38767 0 6 811
38768 0 6 811
38769 0 6 811
38770 0 6 811
38771 0 6 811
38772 0 6 811
38773 0 6 811
38774 0 6 811
38775 0 6 811
38776 0 6 811
38777 0 6 811
38778 0 6 811
38779 0 6 811
38780 0 6 811
38781 0 6 811
38782 0 6 811
38783 0 6 811
38784 0 6 811
38785 0 6 811
38786 0 6 811
38787 0 6 811
38788 0 6 811
38789 0 6 811
38790 0 6 811
38791 0 6 811
38792 0 6 811
38793 0 6 811
38794 0 6 811
38795 0 6 811
38796 0 6 811
38797 0 6 811
38798 0 6 811
38799 0 6 811
38800 0 6 811
38801 0 6 811
38802 0 6 811
38803 0 6 811
38804 0 6 811
38805 0 6 811
38806 0 6 811
38807 0 6 811
38808 0 6 811
38809 0 6 811
38810 0 6 811
38811 0 6 811
38812 0 6 811
38813 0 6 811
38814 0 6 811
38815 0 6 811
38816 0 6 811
38817 0 6 811
38818 0 6 811
38819 0 6 811
38820 0 6 811
38821 0 6 811
38822 0 6 811
38823 0 6 811
38824 0 6 811
38825 0 6 811
38826 0 6 811
38827 0 6 811
38828 0 6 811
38829 0 6 811
38830 0 6 811
38831 0 6 811
38832 0 6 811
38833 0 6 811
38834 0 6 811
38835 0 6 811
38836 0 6 811
38837 0 6 811
38838 0 6 811
38839 0 6 811
38840 0 6 811
38841 0 6 811
38842 0 6 811
38843 0 6 811
38844 0 6 811
38845 0 6 811
38846 0 6 811
38847 0 6 811
38848 0 6 811
38849 0 6 811
38850 0 6 811
38851 0 6 811
38852 0 6 811
38853 0 6 811
38854 0 6 811
38855 0 6 811
38856 0 6 811
38857 0 6 811
38858 0 6 811
38859 0 6 811
38860 0 6 811
38861 0 6 811
38862 0 6 811
38863 0 6 811
38864 0 6 811
38865 0 6 811
38866 0 6 811
38867 0 6 811
38868 0 6 811
38869 0 6 811
38870 0 6 811
38871 0 6 811
38872 0 6 811
38873 0 6 811
38874 0 6 811
38875 0 6 811
38876 0 6 811
38877 0 6 811
38878 0 6 811
38879 0 6 811
38880 0 6 811
38881 0 6 811
38882 0 6 811
38883 0 6 811
38884 0 6 811
38885 0 6 811
38886 0 6 811
38887 0 6 811
38888 0 6 811
38889 0 6 811
38890 0 6 811
38891 0 6 811
38892 0 6 811
38893 0 6 811
38894 0 6 811
38895 0 6 811
38896 0 6 811
38897 0 6 811
38898 0 6 811
38899 0 6 811
38900 0 6 811
38901 0 6 811
38902 0 6 811
38903 0 6 811
38904 0 6 811
38905 0 6 811
38906 0 6 811
38907 0 6 811
38908 0 6 811
38909 0 6 811
38910 0 6 811
38911 0 6 811
38912 0 6 811
38913 0 6 811
38914 0 6 811
38915 0 6 811
38916 0 6 811
38917 0 6 811
38918 0 6 811
38919 0 6 811
38920 0 6 811
38921 0 6 811
38922 0 6 811
38923 0 6 811
38924 0 6 811
38925 0 6 811
38926 0 6 811
38927 0 6 811
38928 0 6 811
38929 0 6 811
38930 0 6 811
38931 0 6 811
38932 0 6 811
38933 0 6 811
38934 0 6 811
38935 0 6 811
38936 0 6 811
38937 0 6 811
38938 0 6 811
38939 0 6 811
38940 0 6 811
38941 0 6 811
38942 0 6 811
38943 0 6 811
38944 0 6 811
38945 0 6 811
38946 0 6 811
38947 0 6 811
38948 0 6 811
38949 0 6 811
38950 0 6 811
38951 0 6 811
38952 0 6 811
38953 0 6 811
38954 0 6 811
38955 0 6 811
38956 0 6 811
38957 0 6 811
38958 0 6 811
38959 0 6 811
38960 0 6 811
38961 0 6 811
38962 0 6 811
38963 0 6 811
38964 0 6 811
38965 0 6 811
38966 0 6 811
38967 0 6 811
38968 0 6 811
38969 0 6 811
38970 0 6 811
38971 0 6 811
38972 0 6 811
38973 0 6 811
38974 0 6 811
38975 0 6 811
38976 0 6 811
38977 0 6 811
38978 0 6 811
38979 0 6 811
38980 0 6 811
38981 0 6 811
38982 0 6 811
38983 0 6 811
38984 0 6 811
38985 0 6 811
38986 0 6 811
38987 0 6 811
38988 0 6 811
38989 0 6 811
38990 0 6 811
38991 0 6 811
38992 0 6 811
38993 0 6 811
38994 0 6 811
38995 0 6 811
38996 0 6 811
38997 0 6 811
38998 0 6 811
38999 0 6 811
39000 0 6 811
39001 0 6 811
39002 0 6 811
39003 0 6 811
39004 0 6 811
39005 0 6 811
39006 0 6 811
39007 2 19 57309
39008 2 19 57323
39009 4 6 51091
39010 4 6 51091
39011 4 6 51091
39012 4 6 51091
39013 4 2 49251
39014 15 0 1588
39015 4 2 56012
39016 4 2 49809
39017 4 2 56333
39018 4 2 56357
39019 4 2 51333
39020 4 2 51164
39021 4 2 51356
39022 4 2 49842
39023 4 2 51307
39024 2 8 51461
39025 4 2 51356
39026 4 2 49246
39027 4 2 51333
39028 4 2 56389
39029 4 2 51316
39030 4 2 51333
39031 4 2 49903
39032 2 2 51462
39033 4 2 51307
39034 4 2 56332
39035 4 2 49903
39036 4 2 51307
39037 4 2 51333
39038 4 2 51356
39039 4 2 51164
39040 4 2 49251
39041 12 0 43536
39042 4 2 49246
39043 4 3 51303
39044 4 3 51148
39045 4 3 51213
39046 4 3 51300
39047 4 3 51324
39048 4 3 51310
39049 4 3 51293
39050 4 3 51322
39051 4 3 51077
39052 4 3 51309
39053 4 3 51238
39054 4 3 51181
39055 4 3 51390
39056 4 3 51357
39057 4 3 51238
39058 4 3 51324
39059 4 3 51357
39060 4 3 51300
39061 0 8 1103
39062 4 2 49246
39063 12 0 34364
39064 4 3 51310
39065 4 3 51322
39066 4 3 51324
39067 4 3 51148
39068 4 3 51357
39069 4 3 51310
39070 4 3 51181
39071 4 3 51300
39072 4 4 51094
39073 2 19 56893
39074 4 1 15206
39075 4 4 51247
39076 4 4 51325
39077 4 4 61308
39078 4 4 51131
39079 4 4 51899
39080 4 4 51387
39081 4 4 51288
39082 4 4 51149
39083 4 4 54815
39084 4 4 54813
39085 4 4 51503
39086 4 4 54814
39087 4 4 54812
39088 4 4 54809
39089 4 4 49478
39090 4 4 56330
39091 4 4 51892
39092 4 4 51288
39093 4 4 51306
39094 4 4 51247
39095 4 4 51387
39096 4 4 51325
39097 4 4 51131
39098 4 4 51131
39099 4 4 56106
39100 4 4 51353
39101 2 2 51536
39102 4 4 51131
39103 4 4 51298
39104 4 4 51353
39105 4 4 51247
39106 4 4 51387
39107 4 4 51247
39108 4 4 51288
39109 2 10 51382
39110 2 10 51382
39111 2 10 51382
39112 2 13 51152
39113 2 13 51171
39114 2 1 49227
39115 2 1 49227
39116 2 5 50325
39117 2 8 50329
39118 4 0 54735
39119 2 3 51174
39120 2 10 50137
39121 2 10 50146
39122 2 10 50137
39123 2 6 51530
39124 4 0 54734
39125 2 15 50122
39126 2 15 50122
39127 2 7 50266
39128 2 7 51377
39129 2 15 49207
39130 2 15 49207
39131 2 18 50166
39132 2 7 49221
39133 2 15 51365
39134 2 2 50152
39135 2 2 50149
39136 2 0 51463
39137 2 0 51463
39138 2 16 40005
39139 4 4 55381
39140 2 15 35245
39141 4 0 35431
39142 2 4 50208
39143 2 4 50208
39144 2 4 49201
39145 2 4 50208
39146 4 0 35373
39147 15 0 51537
39148 15 2 51538
39149 15 0 24694
39150 12 0 51541
39151 7 11 54599
39152 9 7 8117
39153 9 7 8117
39154 12 0 51551
39155 2 13 51552
39156 12 0 51553
39157 12 0 51591
39158 12 0 7742
39159 12 0 40606
39160 12 0 51995
39161 12 0 3307
39162 12 0 51563
39163 0 0 51565
39164 12 0 34493
39165 12 0 51566
39166 12 0 51553
39167 12 0 47902
39168 4 4 51577
39169 4 3 51576
39170 4 1 51569
39171 4 2 51575
39172 4 4 49876
39173 4 6 51568
39174 4 4 51572
39175 4 4 51571
39176 4 1 51574
39177 4 2 51573
39178 4 3 51570
39179 4 4 56375
39180 4 4 51582
39181 4 1 51587
39182 4 3 51584
39183 4 2 51585
39184 2 6 5636
39185 2 16 40409
39186 2 6 51579
39187 12 0 51586
39188 4 4 53829
39189 4 3 57095
39190 4 1 54214
39191 4 2 53833
39192 4 1 53836
39193 4 0 35472
39194 4 3 53838
39195 4 4 55378
39196 4 2 54223
39197 4 4 53841
39198 4 4 53842
39199 4 0 53843
39200 2 7 53844
39201 15 0 18170
39202 2 6 7464
39203 15 0 1588
39204 15 0 1588
39205 4 1 16721
39206 12 0 51590
39207 15 0 18089
39208 4 10 51913
39209 15 0 4719
39210 15 0 4721
39211 15 0 57468
39212 15 0 57478
39213 0 8 8625
39214 4 0 38671
39215 4 2 57007
39216 4 1 56607
39217 4 3 53847
39218 15 0 6002
39219 15 0 1645
39220 15 0 20977
39221 2 6 35259
39222 15 0 2874
39223 15 0 7350
39224 4 2 53848
39225 4 1 35446
39226 2 4 35250
39227 12 0 8736
39228 4 4 53850
39229 4 0 35361
39230 4 2 53852
39231 4 0 35423
39232 4 0 35358
39233 4 6 35573
39234 4 4 55381
39235 4 4 54208
39236 4 3 54229
39237 4 2 53883
39238 12 0 51596
39239 4 4 53884
39240 4 2 53885
39241 4 1 35444
39242 4 1 53887
39243 4 3 53888
39244 4 0 35313
39245 2 5 53889
39246 4 0 35437
39247 4 2 54209
39248 4 3 53890
39249 4 4 53891
39250 4 0 35313
39251 4 3 57073
39252 4 1 56603
39253 12 0 34872
39254 4 1 54227
39255 2 10 54799
39256 2 10 55718
39257 4 0 35442
39258 4 4 53286
39259 4 2 53898
39260 4 4 57522
39261 4 4 54220
39262 4 4 53901
39263 4 3 53902
39264 12 0 51620
39265 12 0 11199
39266 12 0 37250
39267 4 4 53903
39268 12 0 51634
39269 12 0 30953
39270 2 7 53904
39271 2 15 54038
39272 4 1 35430
39273 4 1 56612
39274 4 3 53906
39275 4 2 53907
39276 4 6 53908
39277 4 0 35431
39278 4 3 54207
39279 4 2 54215
39280 4 4 53912
39281 2 4 35642
39282 4 0 35373
39283 4 2 54211
39284 4 1 55327
39285 4 1 53915
39286 15 2 57896
39287 2 7 51677
39288 4 6 51678
39289 2 10 51679
39290 2 0 51680
39291 2 7 53918
39292 4 0 35439
39293 4 4 53920
39294 4 3 57542
39295 4 1 53925
39296 2 2 35870
39297 4 1 35366
39298 4 4 55382
39299 4 2 53926
39300 0 6 20628
39301 12 0 32276
39302 0 8 7270
39303 15 5 51685
39304 0 8 7270
39305 12 0 7742
39306 4 4 53850
39307 4 3 57072
39308 4 2 54217
39309 4 1 53646
39310 4 1 55326
39311 4 0 53931
39312 2 8 46322
39313 12 0 51716
39314 12 0 27454
39315 12 0 51729
39316 12 0 1093
39317 15 0 7733
39318 12 0 7827
39319 12 0 51730
39320 4 1 51734
39321 4 1 51737
39322 4 1 51736
39323 4 1 49464
39324 12 0 51749
39325 2 0 42655
39326 12 0 51750
39327 0 1 51751
39328 12 0 6674
39329 12 0 6674
39330 4 1 51838
39331 4 1 51849
39332 4 1 51851
39333 4 1 52612
39334 7 11 54602
39335 4 1 51853
39336 4 1 51850
39337 4 1 51854
39338 7 11 54605
39339 7 11 54604
39340 7 11 54613
39341 7 11 54611
39342 7 11 54608
39343 7 11 54600
39344 2 7 53932
39345 4 4 55379
39346 4 1 52103
39347 4 1 51840
39348 4 1 51841
39349 7 15 57288
39350 7 15 57289
39351 15 0 8114
39352 7 1 45064
39353 15 0 9657
39354 7 11 57387
39355 15 0 5567
39356 15 0 8120
39357 15 0 1096
39358 15 0 1096
39359 2 1 46750
39360 15 0 1096
39361 15 0 1096
39362 12 0 2757
39363 4 1 51842
39364 4 1 51192
39365 4 1 51845
39366 4 1 49464
39367 4 1 52103
39368 4 1 51848
39369 4 4 54224
39370 2 8 51427
39371 2 7 8078
39372 4 1 49464
39373 4 2 56365
39374 4 2 51864
39375 4 2 49898
39376 4 2 51866
39377 4 2 51867
39378 4 2 51868
39379 4 3 54219
39380 4 2 51870
39381 2 1 51760
39382 2 0 51761
39383 4 2 49979
39384 4 6 51762
39385 4 2 51860
39386 4 2 53935
39387 4 2 51856
39388 4 0 35445
39389 4 0 35438
39390 4 1 54212
39391 4 3 53937
39392 4 0 35437
39393 2 8 53938
39394 2 10 35242
39395 4 4 53653
39396 4 1 53939
39397 4 3 53940
39398 4 4 53884
39399 4 2 53942
39400 4 2 49920
39401 4 0 35472
39402 4 2 51858
39403 4 4 53653
39404 4 1 35444
39405 4 3 57543
39406 4 2 51855
39407 4 0 35367
39408 4 1 54029
39409 4 1 54028
39410 4 2 51859
39411 4 2 51861
39412 4 2 49901
39413 4 2 51863
39414 4 2 51865
39415 4 1 35408
39416 2 13 55041
39417 2 1 55712
39418 15 0 18721
39419 2 3 53805
39420 2 15 35819
39421 4 0 35373
39422 2 10 54032
39423 2 4 35574
39424 2 15 54036
39425 4 1 35366
39426 2 19 54033
39427 2 15 55715
39428 4 3 51872
39429 4 3 51885
39430 4 3 51886
39431 4 3 51887
39432 4 3 51888
39433 4 3 51889
39434 12 0 7827
39435 4 3 51890
39436 4 3 59543
39437 4 3 54935
39438 4 3 51875
39439 4 3 51877
39440 4 3 51878
39441 4 3 51879
39442 4 3 51880
39443 4 3 51884
39444 4 3 51881
39445 4 3 51882
39446 4 3 51883
39447 2 1 51764
39448 4 4 51891
39449 4 4 51897
39450 4 4 51892
39451 4 4 49725
39452 4 4 51905
39453 4 4 51906
39454 4 4 51907
39455 4 4 51908
39456 2 5 51766
39457 4 4 51893
39458 4 4 51306
39459 4 4 51895
39460 4 4 51896
39461 4 4 51901
39462 4 4 51902
39463 4 4 51900
39464 4 4 51899
39465 4 4 51898
39466 4 4 51639
39467 4 4 55380
39468 2 13 35818
39469 7 1 55096
39470 4 0 35359
39471 4 4 51903
39472 4 0 35437
39473 2 19 55710
39474 4 0 51279
39475 4 0 34318
39476 0 0 7273
39477 0 0 7273
39478 4 1 56190
39479 4 1 15218
39480 4 0 52268
39481 4 0 51279
39482 4 0 51279
39483 4 0 34318
39484 4 0 34318
39485 4 0 34318
39486 2 3 50534
39487 2 2 51909
39488 2 19 56888
39489 1 8 13884
39490 2 16 51910
39491 4 1 57531
39492 4 1 54443
39493 4 1 55170
39494 4 1 56597
39495 4 1 57016
39496 4 1 54399
39497 4 1 56474
39498 4 1 54283
39499 4 1 54308
39500 4 1 57017
39501 7 11 57389
39502 7 11 57390
39503 4 4 51904
39504 12 0 1317
39505 7 11 57293
39506 12 0 24156
39507 4 3 51797
39508 4 4 51894
39509 4 2 51796
39510 12 0 3486
39511 7 11 31769
39512 15 0 37249
39513 15 0 36675
39514 4 1 54387
39515 4 1 54269
39516 15 0 15851
39517 4 1 54280
39518 4 1 54302
39519 4 1 54422
39520 0 5 40652
39521 4 1 54387
39522 2 2 51801
39523 4 1 54269
39524 15 0 37653
39525 15 0 7202
39526 7 8 51802
39527 7 8 51803
39528 4 1 54280
39529 4 1 54302
39530 4 1 54422
39531 4 2 57538
39532 15 0 44288
39533 15 0 7886
39534 4 4 51927
39535 4 4 53000
39536 4 1 52613
39537 4 3 42919
39538 4 2 56071
39539 4 2 54274
39540 12 0 18704
39541 12 0 51810
39542 4 2 54290
39543 4 2 54407
39544 4 2 54407
39545 4 2 57538
39546 4 2 54274
39547 4 2 54230
39548 4 2 54290
39549 15 0 37657
39550 15 0 19566
39551 15 0 13715
39552 15 0 7103
39553 4 2 57539
39554 4 2 54261
39555 4 2 54273
39556 4 2 54290
39557 4 2 54406
39558 4 2 54256
39559 15 0 14019
39560 4 2 54423
39561 4 2 54396
39562 15 0 3429
39563 15 0 26546
39564 4 2 54281
39565 4 2 54289
39566 12 0 51811
39567 15 0 8284
39568 15 0 2798
39569 15 0 2798
39570 15 0 3668
39571 12 0 51799
39572 12 0 51813
39573 12 0 7262
39574 12 0 20791
39575 12 0 19520
39576 12 0 15733
39577 12 0 51816
39578 4 3 54375
39579 4 3 54254
39580 4 3 54275
39581 4 3 54296
39582 4 3 54408
39583 4 3 57068
39584 16 11 7270
39585 16 11 7270
39586 16 11 7270
39587 16 11 7270
39588 4 3 57023
39589 4 3 57069
39590 4 3 57071
39591 4 3 57066
39592 4 3 57023
39593 4 3 57066
39594 4 3 57068
39595 4 3 57069
39596 4 3 57071
39597 4 3 57023
39598 12 0 51820
39599 12 0 46612
39600 0 0 51822
39601 4 3 57025
39602 4 3 57055
39603 4 3 57027
39604 4 3 57070
39605 4 4 54403
39606 4 4 55369
39607 4 4 55376
39608 4 4 56214
39609 4 4 55371
39610 4 4 54403
39611 4 4 55369
39612 4 4 55375
39613 4 4 56213
39614 12 0 51835
39615 12 0 1815
39616 12 0 51836
39617 4 4 55484
39618 4 4 55486
39619 4 4 55485
39620 4 4 55489
39621 4 4 55491
39622 4 4 55372
39623 4 4 55484
39624 4 4 55488
39625 4 4 55485
39626 4 4 55487
39627 4 4 55490
39628 4 4 57546
39629 4 4 54255
39630 4 4 54277
39631 4 4 54299
39632 4 4 54419
39633 4 4 54255
39634 4 4 54420
39635 4 4 57546
39636 4 4 54278
39637 4 4 54300
39638 4 4 54255
39639 4 4 54419
39640 4 4 57546
39641 4 4 54279
39642 4 4 54301
39643 12 0 20875
39644 9 5 15274
39645 12 0 13370
39646 12 0 33940
39647 12 0 7649
39648 4 0 24022
39649 4 0 35423
39650 4 0 34336
39651 12 0 51921
39652 4 0 31899
39653 4 0 31899
39654 12 0 8093
39655 4 0 31899
39656 15 2 51926
39657 4 3 51886
39658 2 5 51968
39659 2 7 51969
39660 4 6 51972
39661 2 4 51977
39662 2 7 51980
39663 2 4 51986
39664 12 0 51730
39665 12 0 3164
39666 0 2 46209
39667 12 0 51997
39668 12 0 9140
39669 12 0 51999
39670 12 0 40606
39671 0 1 42031
39672 4 1 52002
39673 4 1 52004
39674 4 1 56388
39675 4 1 52005
39676 4 1 42896
39677 4 4 34688
39678 4 2 42956
39679 4 3 43012
39680 4 4 50994
39681 7 1 52194
39682 7 1 52193
39683 7 1 52198
39684 7 1 52196
39685 7 1 52197
39686 7 1 52195
39687 7 2 25482
39688 2 3 52011
39689 12 0 33296
39690 7 1 31198
39691 0 5 52013
39692 9 5 1102
39693 12 0 33298
39694 12 0 2516
39695 12 0 52017
39696 12 0 52018
39697 12 0 52019
39698 0 0 52525
39699 2 10 52023
39700 12 0 23256
39701 4 2 54625
39702 4 3 54616
39703 4 4 54711
39704 4 4 54708
39705 4 3 34688
39706 4 4 55395
39707 4 2 49252
39708 4 2 49845
39709 4 2 56693
39710 4 2 49258
39711 4 2 56694
39712 2 19 54697
39713 12 0 18499
39714 2 15 54757
39715 4 10 51913
39716 4 6 56656
39717 4 4 55393
39718 4 3 54622
39719 4 1 55324
39720 4 1 54703
39721 4 1 54713
39722 4 2 54715
39723 4 4 53198
39724 4 3 54624
39725 4 4 53670
39726 4 4 54620
39727 4 2 54695
39728 4 9 25246
39729 4 4 55385
39730 2 7 57331
39731 4 1 54709
39732 4 1 54696
39733 4 1 54698
39734 4 3 57091
39735 4 1 56604
39736 4 2 52030
39737 12 0 18115
39738 0 0 18102
39739 12 0 40697
39740 12 0 31800
39741 2 1 52062
39742 2 10 52038
39743 2 10 53015
39744 2 10 52078
39745 2 10 52081
39746 2 10 52084
39747 12 0 12309
39748 12 0 26571
39749 2 4 52088
39750 2 10 52087
39751 2 8 52090
39752 2 4 52100
39753 2 5 52098
39754 2 7 52099
39756 4 2 54803
39757 4 8 54700
39758 2 5 54739
39759 4 4 55383
39760 4 4 54847
39761 4 2 54702
39762 4 3 54716
39763 2 13 56662
39764 4 4 55384
39765 4 2 54714
39766 4 0 54740
39767 4 4 54719
39768 4 2 54623
39769 2 1 57732
39770 4 1 51284
39771 4 1 52403
39772 4 1 52387
39773 4 1 51208
39774 7 1 55108
39775 4 1 52444
39776 4 3 52386
39777 4 0 52373
39778 4 4 56351
39779 4 1 52395
39780 4 3 51073
39781 4 1 51370
39782 4 4 51353
39783 4 3 52380
39784 2 10 50133
39785 4 1 51370
39786 4 0 52374
39787 4 1 51388
39788 4 3 52416
39789 4 1 51208
39790 4 4 51393
39791 4 1 51236
39792 4 0 52439
39793 4 0 52417
39794 4 1 52381
39795 4 4 52045
39796 4 3 56360
39797 4 1 51284
39798 4 0 52438
39799 4 3 52425
39800 4 1 52420
39801 4 4 56362
39802 2 8 50331
39803 4 3 52408
39804 4 1 52392
39805 4 4 56381
39806 2 7 52379
39807 4 1 15120
39808 2 10 50136
39809 4 1 52441
39810 4 1 52340
39811 4 0 34188
39812 4 1 52123
39813 4 1 51145
39814 4 1 53251
39815 4 3 52382
39816 4 1 51229
39817 4 4 49512
39818 2 18 50160
39819 4 0 34188
39820 2 15 50118
39821 4 0 34188
39822 2 15 51168
39823 2 4 50209
39824 2 1 50342
39825 4 3 52378
39826 2 7 51402
39827 4 0 52396
39828 4 1 52423
39829 2 2 52411
39830 2 13 52404
39831 4 0 52405
39832 4 0 50191
39833 4 2 52432
39834 4 2 49247
39835 4 2 51286
39836 4 2 49848
39837 4 2 49910
39838 4 2 52433
39839 4 3 52332
39840 4 0 9657
39841 4 4 56191
39842 4 2 56349
39843 4 2 52430
39844 4 6 52440
39845 4 4 52372
39846 4 3 56350
39847 4 4 56192
39848 4 0 52419
39849 4 4 52376
39850 4 3 51357
39851 4 4 51891
39852 2 15 52429
39853 2 10 50148
39854 4 3 52412
39855 4 4 52406
39856 4 2 56352
39857 4 3 52424
39858 4 1 31131
39859 4 2 56332
39860 4 4 52428
39861 4 2 51333
39862 4 2 51265
39863 4 2 52431
39864 4 2 56335
39865 2 13 50533
39866 4 3 52409
39867 4 2 56329
39868 4 2 51264
39869 4 2 52401
39870 4 1 52402
39871 4 2 52434
39872 4 3 52410
39873 4 2 52443
39874 4 6 52415
39875 4 3 52442
39876 4 2 52370
39877 4 4 51906
39878 0 0 18047
39879 4 2 49246
39880 4 3 51260
39881 4 2 49246
39882 4 4 52393
39883 0 0 18047
39884 4 3 51148
39885 4 4 51306
39886 4 2 49251
39887 4 3 51324
39888 4 4 51298
39889 4 0 53142
39890 4 4 49478
39891 4 4 51641
39892 2 10 52159
39893 4 4 52371
39894 4 1 5116
39895 4 2 17195
39896 15 2 52160
39897 4 3 52161
39898 15 2 52162
39899 15 2 52160
39900 3 0 54251
39901 3 3 35847
39902 3 0 35930
39903 15 0 51978
39904 15 0 51978
39905 3 0 54251
39906 3 0 54251
39907 3 0 54251
39908 3 0 54251
39909 3 0 54251
39910 3 0 54251
39911 3 0 54251
39912 3 2 54258
39913 7 11 31769
39914 3 2 54258
39915 3 2 54258
39916 3 2 54258
39917 3 2 54258
39918 3 2 54258
39919 3 1 54263
39920 3 1 54263
39921 4 6 52199
39922 4 6 52200
39923 4 6 52201
39924 4 6 52202
39925 4 6 38258
39926 4 6 52203
39927 3 1 54263
39928 4 6 52205
39929 4 6 52206
39930 4 6 52207
39931 4 6 52209
39932 3 1 54263
39933 3 3 54303
39934 3 3 54303
39935 3 3 54303
39936 3 3 54303
39937 3 3 54303
39938 3 3 54303
39939 3 3 54303
39940 3 3 54303
39941 3 3 54303
39942 3 3 54303
39943 3 3 54303
39944 3 3 54303
39945 3 3 54303
39946 3 5 54265
39947 3 5 54265
39948 3 5 54265
39949 3 5 54265
39950 3 5 54265
39951 3 5 54265
39952 3 5 54265
39953 3 5 54265
39954 3 5 54265
39955 3 5 54265
39956 3 5 54265
39957 3 5 54265
39958 3 5 54265
39959 3 5 54265
39960 3 5 54265
39961 3 5 54265
39962 3 5 54265
39963 3 5 54265
39964 3 5 54265
39965 3 5 54265
39966 3 5 54265
39967 3 5 54265
39968 3 4 54285
39969 0 8 20901
39970 0 8 34863
39971 0 1 47132
39972 0 8 41062
39973 15 2 3917
39974 3 4 54285
39975 3 4 54285
39976 3 4 54285
39977 3 4 54285
39978 3 4 54285
39979 3 4 54285
39980 3 4 54285
39981 3 4 54285
39982 3 4 54285
39983 3 4 54285
39984 3 4 54285
39985 3 4 54285
39986 3 4 54285
39987 2 6 52254
39988 3 4 54285
39989 3 4 54285
39990 3 4 54285
39991 3 4 54285
39992 3 4 54285
39993 2 0 52251
39994 2 2 52252
39995 2 16 52256
39996 3 0 54316
39997 3 0 54316
39998 3 0 54316
39999 3 0 54316
40000 3 0 54316
40001 3 0 54316
40002 3 0 54316
40003 3 0 54316
40004 2 8 20084
40005 2 15 2738
40006 2 7 20176
40007 2 16 16753
40008 3 1 54320
40009 3 1 54320
40010 3 1 54320
40011 3 1 54320
40012 3 2 54318
40013 3 2 54318
40014 3 2 54318
40015 3 2 54318
40016 3 2 54318
40017 3 2 54318
40018 2 19 52257
40019 2 19 9062
40020 2 19 21022
40021 2 19 25077
40022 3 3 54325
40023 3 3 54325
40024 3 3 54325
40025 3 3 54325
40026 3 3 54325
40027 3 3 54325
40028 3 3 54325
40029 3 3 54325
40030 3 3 54325
40031 3 3 54325
40032 3 3 54325
40033 3 3 54325
40034 3 3 54325
40035 0 5 18099
40036 0 5 18060
40037 3 5 55026
40038 3 5 55026
40039 3 5 55026
40040 3 5 55026
40041 3 5 55026
40042 0 5 18059
40043 3 5 55026
40044 3 5 55026
40045 3 5 55026
40046 3 5 55026
40047 3 5 55026
40048 3 5 55026
40049 3 5 55026
40050 3 5 55026
40051 3 5 55026
40052 3 5 55026
40053 3 5 55026
40054 3 5 55026
40055 3 5 55026
40056 3 5 55026
40057 3 5 55026
40058 3 5 55026
40059 3 5 55026
40060 4 1 51941
40061 4 3 54710
40062 4 1 54626
40063 4 2 54704
40064 4 0 35437
40065 4 0 35358
40066 12 0 926
40067 0 1 37814
40068 0 2 51814
40069 4 0 35373
40070 0 2 56991
40071 4 0 35359
40072 0 2 2345
40073 0 2 52490
40074 4 0 35431
40075 4 0 35423
40076 0 2 56994
40077 0 1 16325
40078 0 2 56992
40079 0 3 57031
40080 4 0 35472
40081 0 1 55318
40082 0 3 9731
40083 0 3 9731
40084 0 3 36862
40085 3 4 54323
40086 3 4 54323
40087 0 1 56993
40088 3 4 54323
40089 3 4 54323
40090 3 4 54323
40091 3 4 54323
40092 3 4 54323
40093 0 1 55319
40094 3 4 54323
40095 3 4 54323
40096 3 4 54323
40097 0 2 57032
40098 3 4 54323
40099 3 4 54323
40100 3 4 54323
40101 3 4 54323
40102 3 4 54323
40103 3 4 54323
40104 3 4 54323
40105 3 4 54323
40106 3 4 54323
40107 4 0 35313
40108 4 0 35367
40109 0 2 37811
40110 0 0 12566
40111 3 0 58601
40112 3 0 58601
40113 3 0 58601
40114 3 0 58601
40115 3 0 58601
40116 3 0 58601
40117 3 0 58601
40118 3 0 58601
40119 3 1 56636
40120 3 1 56636
40121 3 1 56636
40122 3 1 56636
40123 3 2 58714
40124 3 2 58714
40125 3 2 58714
40126 3 2 58714
40127 3 2 58714
40128 3 2 58714
40129 3 3 60326
40130 3 3 60326
40131 3 3 60326
40132 3 3 60326
40133 3 3 60326
40134 3 3 60326
40135 3 3 60326
40136 3 3 60326
40137 3 3 60326
40138 3 3 60326
40139 3 3 60326
40140 3 3 60326
40141 3 3 60326
40142 3 5 60324
40143 3 5 60324
40144 3 5 60324
40145 3 5 60324
40146 3 5 60324
40147 3 5 60324
40148 3 5 60324
40149 3 5 60324
40150 3 5 60324
40151 3 5 60324
40152 3 5 60324
40153 3 5 60324
40154 3 5 60324
40155 3 5 60324
40156 3 5 60324
40157 3 5 60324
40158 3 5 60324
40159 3 5 60324
40160 3 5 60324
40161 3 5 60324
40162 3 5 60324
40163 3 5 60324
40164 3 4 60325
40165 3 4 60325
40166 3 4 60325
40167 3 4 60325
40168 3 4 60325
40169 3 4 60325
40170 3 4 60325
40171 3 4 60325
40172 3 4 60325
40173 3 4 60325
40174 3 4 60325
40175 3 4 60325
40176 3 4 60325
40177 3 4 60325
40178 3 4 60325
40179 3 4 60325
40180 3 4 60325
40181 3 4 60325
40182 3 4 60325
40183 2 15 52258
40184 4 3 54770
40185 4 4 54790
40186 4 2 54714
40187 4 4 54787
40188 4 4 54620
40189 2 4 54760
40190 2 16 57301
40191 4 7 34960
40192 4 0 52465
40193 4 3 54800
40194 4 1 53622
40195 7 11 3663
40196 4 3 54849
40197 4 1 54779
40198 4 1 56602
40199 7 11 53139
40200 4 2 54762
40201 4 3 54783
40202 0 5 42827
40203 4 4 54767
40204 4 4 51008
40205 4 2 54792
40206 4 4 55394
40207 4 10 51913
40208 2 6 54772
40209 4 3 57075
40210 4 4 54768
40211 0 1 57024
40212 0 1 55320
40213 0 1 44797
40214 0 1 37844
40215 0 1 45612
40216 0 1 44796
40217 0 1 44795
40218 4 4 52272
40219 4 4 52287
40220 4 4 52275
40221 4 4 52276
40222 4 4 52277
40223 4 4 52278
40224 4 4 52279
40225 4 2 52280
40226 4 2 52281
40227 4 2 52282
40228 4 2 52283
40229 4 2 52284
40230 4 2 52288
40231 4 2 52286
40232 3 4 39930
40233 2 10 54796
40234 4 1 54782
40235 4 3 57544
40236 4 1 54789
40237 4 3 57094
40238 4 2 54778
40239 2 13 56658
40240 4 4 53669
40241 4 4 54784
40242 4 3 54781
40243 4 2 54775
40244 2 4 54793
40245 2 19 54774
40246 4 1 54763
40247 4 1 54769
40248 7 10 52290
40249 4 2 54804
40250 4 1 35430
40251 4 1 35312
40252 4 1 35444
40253 4 1 35366
40254 4 1 35446
40255 4 0 35442
40256 4 0 35361
40257 4 0 35439
40258 4 0 35429
40259 4 4 54784
40260 4 2 54792
40261 4 4 54843
40262 4 3 54852
40263 4 4 55389
40264 2 4 54557
40265 2 2 54834
40266 4 6 54755
40267 4 9 54871
40268 4 7 34961
40269 4 1 56085
40270 4 2 57008
40271 4 1 54713
40272 4 3 57077
40273 4 0 54844
40274 4 4 54839
40275 4 3 54845
40276 2 7 53592
40277 4 2 54872
40278 4 4 55389
40279 4 4 54767
40280 2 10 55774
40281 2 15 55719
40282 4 3 54616
40283 4 3 54848
40284 2 19 54866
40285 4 2 54846
40286 4 1 55325
40287 4 1 54769
40288 4 3 54867
40289 4 1 55324
40290 4 1 52491
40291 4 2 57525
40292 4 3 52303
40293 4 4 52304
40294 4 4 51612
40295 4 4 52302
40296 4 2 54841
40297 4 4 55393
40298 4 4 54847
40299 4 3 54865
40300 2 10 54870
40301 4 1 54840
40302 4 3 54835
40303 4 1 54874
40304 4 2 54623
40305 4 2 53289
40306 4 4 55386
40307 4 4 52294
40308 0 0 52293
40309 4 4 52295
40310 4 4 52383
40311 4 4 52297
40312 4 4 52298
40313 4 4 52384
40314 4 4 52300
40315 4 3 54865
40316 4 4 54881
40317 4 4 55389
40318 4 4 54891
40319 4 2 54879
40320 4 4 54787
40321 4 8 34954
40322 4 9 50456
40323 4 2 54715
40324 4 3 57074
40325 4 1 54876
40326 4 1 54789
40327 4 3 57076
40328 4 4 53198
40329 4 2 54841
40330 4 4 55385
40331 4 3 54889
40332 4 4 54839
40333 4 2 54702
40334 4 4 54708
40335 2 19 54977
40336 2 7 54893
40337 4 7 34960
40338 4 1 54875
40339 4 1 54883
40340 4 3 57544
40341 4 2 54762
40342 4 8 43434
40343 2 8 54560
40344 4 3 57545
40345 2 7 54878
40346 2 18 54886
40347 4 4 54914
40348 2 10 55711
40349 4 2 54882
40350 4 0 54614
40351 4 1 55325
40352 4 3 54890
40353 4 1 18948
40354 4 0 52385
40355 15 2 47892
40356 0 5 40697
40357 0 5 35584
40358 0 5 7071
40359 0 5 25475
40360 15 0 6691
40361 15 0 37424
40362 4 2 54970
40363 4 4 54912
40364 12 0 3410
40365 4 4 54767
40366 4 4 53198
40367 4 3 54770
40368 2 15 54974
40369 4 0 35437
40370 4 0 35431
40371 4 0 35442
40372 4 0 35429
40373 4 0 35445
40374 4 0 35373
40375 4 0 35313
40376 4 1 54973
40377 4 4 53670
40378 4 0 35358
40379 4 2 54972
40380 4 1 54971
40381 4 1 54788
40382 4 0 35442
40383 2 13 57324
40384 2 1 57248
40385 2 3 57465
40386 2 15 57466
40387 4 0 35373
40388 2 10 56236
40389 12 0 45931
40390 0 0 52469
40391 15 0 19284
40392 15 0 4775
40393 15 0 7393
40394 12 0 44290
40395 2 4 57250
40396 2 7 56663
40397 12 0 52474
40398 4 1 51941
40399 4 0 35472
40400 4 6 57003
40401 4 6 57263
40402 2 0 55906
40403 4 1 35446
40404 0 3 9731
40405 4 1 35312
40406 2 5 56959
40407 2 7 55975
40408 2 15 54463
40409 4 2 57009
40410 4 1 35430
40411 7 11 52489
40412 4 0 35359
40413 0 2 52490
40414 4 4 54790
40415 4 1 57018
40416 4 1 57532
40417 4 1 54276
40418 4 1 54268
40419 4 1 56599
40420 4 1 57020
40421 4 1 55167
40422 4 1 55169
40423 4 1 56476
40424 4 1 55172
40425 12 0 44523
40426 4 0 44357
40427 4 0 53194
40428 4 4 53653
40429 2 13 53195
40430 4 0 53197
40431 4 0 53285
40432 4 0 53291
40433 4 0 45362
40434 2 5 52522
40435 2 1 52523
40436 2 6 52524
40437 4 2 53289
40438 4 3 53654
40439 4 2 53657
40440 4 4 49999
40441 4 4 49998
40442 4 4 49685
40443 4 4 49996
40444 4 4 49995
40445 4 1 55072
40446 4 4 53655
40447 4 1 54387
40448 4 1 55073
40449 4 1 55075
40450 4 1 55074
40451 4 3 57545
40452 2 4 52540
40453 4 4 53290
40454 4 1 55072
40455 2 10 53294
40456 4 1 54387
40457 4 1 55073
40458 4 1 55075
40459 4 1 55074
40460 4 2 55218
40461 4 2 57536
40462 4 2 55224
40463 4 2 55228
40464 2 8 52542
40465 4 2 55227
40466 4 2 55218
40467 4 2 57536
40468 4 2 55224
40469 4 2 55228
40470 4 2 55227
40471 4 2 55228
40472 4 2 55219
40473 4 2 57537
40474 4 0 53560
40475 4 6 53562
40476 4 0 37840
40477 4 0 37841
40478 2 6 52556
40479 4 4 46351
40480 2 8 23875
40481 4 4 46351
40482 0 0 3486
40483 4 0 40036
40484 16 11 52559
40485 2 6 52560
40486 4 0 39212
40487 2 1 52564
40488 2 4 49366
40489 2 10 62285
40490 4 3 52360
40491 2 7 53563
40492 4 0 52575
40493 4 2 55226
40494 4 2 55227
40495 4 2 55076
40496 4 2 55077
40497 2 6 53559
40498 4 2 42410
40499 4 2 55078
40500 4 2 55079
40501 2 4 50213
40502 4 2 55080
40503 4 3 55214
40504 4 3 55210
40505 4 3 55211
40506 4 3 55212
40507 4 3 55213
40508 4 3 57057
40509 4 3 57059
40510 4 3 57061
40511 4 4 53658
40512 4 3 57062
40513 4 3 57064
40514 4 3 57057
40515 4 3 57059
40516 4 3 57061
40517 4 3 57062
40518 4 3 57064
40519 4 2 53659
40520 4 3 57060
40521 4 3 57058
40522 4 3 57065
40523 4 3 57057
40524 4 3 57063
40525 4 4 55788
40526 4 1 53649
40527 4 4 55790
40528 4 4 55229
40529 4 4 55793
40530 4 4 57006
40531 4 0 53630
40532 4 0 45465
40533 7 1 7375
40534 2 0 52579
40535 2 5 53225
40536 7 2 52838
40537 2 1 52583
40538 7 2 7841
40539 4 2 53635
40540 2 0 52585
40541 4 2 53637
40542 2 0 52586
40543 4 3 57545
40544 4 4 55788
40545 4 4 55791
40546 4 4 55229
40547 4 4 55792
40548 4 4 57022
40549 4 3 53661
40550 4 4 55492
40551 12 0 52617
40552 4 4 55494
40553 2 7 52609
40554 4 4 55493
40555 4 1 55325
40556 4 4 55497
40557 4 4 55499
40558 4 1 53660
40559 4 4 55492
40560 4 1 53664
40561 4 1 53663
40562 4 1 53652
40563 4 4 55495
40564 4 3 53666
40565 4 4 55493
40566 4 2 53667
40567 4 4 55496
40568 4 4 55498
40569 4 4 55173
40570 4 4 55174
40571 4 4 57547
40572 4 4 55177
40573 4 4 55209
40574 4 4 55173
40575 4 4 55180
40576 4 4 57547
40577 4 4 55179
40578 4 4 55208
40579 4 4 55173
40580 4 4 55174
40581 4 4 57547
40582 15 0 6418
40583 4 4 55178
40584 4 4 55181
40585 4 0 52459
40586 4 0 52632
40587 12 0 24152
40588 4 3 53668
40589 4 4 53655
40590 4 4 53670
40591 4 4 53671
40592 4 4 53672
40593 4 0 52633
40594 4 2 53673
40595 2 4 52645
40596 4 6 52646
40597 4 6 52655
40598 2 4 52656
40599 4 0 7899
40600 12 0 17786
40601 4 0 52664
40602 4 1 54788
40603 12 0 7359
40604 4 4 45324
40605 2 10 51056
40606 2 10 52667
40607 2 6 52669
40608 2 1 52670
40609 2 0 52671
40610 15 0 41438
40611 15 0 41438
40612 15 0 41438
40613 15 0 41440
40614 15 0 41440
40615 15 0 41440
40616 15 0 41441
40617 15 0 41441
40618 15 0 41441
40619 15 0 41442
40620 15 0 41442
40621 15 0 41442
40622 15 0 19486
40623 15 0 19486
40624 15 0 19486
40625 15 0 41438
40626 15 0 41438
40627 15 0 41438
40628 15 0 41440
40629 15 0 41440
40630 15 0 41440
40631 15 0 41441
40632 15 0 41441
40633 15 0 41441
40634 15 0 41442
40635 15 0 41442
40636 15 0 41442
40637 15 0 19486
40638 15 0 19486
40639 15 0 19486
40640 12 0 7234
40641 13 0 22377
40642 12 0 52676
40643 4 0 52678
40644 2 8 52679
40645 12 0 7407
40646 4 4 46351
40647 4 4 46351
40648 4 4 52297
40649 4 4 52297
40650 4 4 45748
40651 4 4 45748
40652 13 0 22377
40653 15 2 20629
40654 4 1 45335
40655 4 1 45335
40656 4 1 45335
40657 4 1 45335
40658 4 1 50012
40659 4 1 50012
40660 4 1 50012
40661 4 1 50012
40662 4 1 51007
40663 4 1 51007
40664 4 1 51007
40665 4 1 51007
40666 12 0 1096
40667 0 5 45198
40668 4 6 52694
40669 4 4 51675
40670 4 6 52861
40671 4 4 51131
40672 4 4 54827
40673 4 4 51207
40674 4 4 54828
40675 4 4 54829
40676 12 0 7367
40677 0 1 42031
40678 4 0 35358
40679 4 0 35437
40680 4 0 35373
40681 4 0 35359
40682 4 0 53630
40683 4 0 54045
40684 4 0 29947
40685 4 0 54046
40686 12 0 7627
40687 15 0 52702
40688 4 4 54051
40689 4 4 54050
40690 12 0 52703
40691 4 4 54059
40692 4 3 54052
40693 4 3 54053
40694 4 2 54055
40695 4 2 54056
40696 4 1 56606
40697 4 1 54058
40698 4 0 54063
40699 4 0 54062
40700 4 6 54069
40701 4 6 54068
40702 2 15 54464
40703 2 7 54471
40704 2 13 57481
40705 4 7 34959
40706 4 7 34960
40707 4 7 34961
40708 4 9 57574
40709 4 9 34956
40710 4 9 34958
40711 4 8 54481
40712 4 8 54483
40713 4 8 54484
40714 4 10 51913
40715 4 10 51913
40716 2 16 54465
40717 4 0 33728
40718 4 0 38541
40719 4 0 44358
40720 4 0 44086
40721 4 1 54667
40722 4 1 54673
40723 4 1 54674
40724 4 1 33096
40725 0 0 52704
40726 12 0 20733
40727 4 0 8926
40728 12 0 39725
40729 2 6 52706
40730 12 0 19316
40731 12 0 52708
40732 13 0 22477
40733 4 4 54619
40734 4 4 54678
40735 4 4 51807
40736 4 3 54681
40737 4 3 54682
40738 4 2 54684
40739 4 2 54685
40740 4 1 54686
40741 4 1 54687
40742 4 4 56996
40743 4 4 56997
40744 12 0 36187
40745 4 4 56062
40746 4 3 56998
40747 4 3 57093
40748 4 2 56999
40749 4 2 57011
40750 4 1 57001
40751 4 1 57002
40752 10 0 54562
40753 10 0 57300
40754 4 0 33436
40755 4 4 51628
40756 4 3 52484
40757 4 2 52480
40758 4 1 52491
40759 2 2 52724
40760 4 1 52726
40761 4 1 52737
40762 4 1 57521
40763 4 1 52732
40764 4 1 52734
40765 4 1 52736
40766 4 1 52735
40767 4 0 36444
40768 7 3 31202
40769 7 3 52739
40770 2 4 52740
40771 7 2 52741
40772 7 3 57379
40773 0 8 7409
40774 0 8 52745
40775 15 5 59465
40776 0 6 31199
40777 15 5 40160
40778 4 4 55801
40779 4 4 55500
40780 4 4 55821
40781 4 4 55819
40782 4 4 55820
40783 4 4 55806
40784 4 4 55817
40785 4 4 55816
40786 4 4 55811
40787 4 4 58717
40788 4 4 58853
40789 4 4 58791
40790 4 4 62199
40791 4 4 60864
40792 4 4 60895
40793 4 4 49999
40794 4 4 49999
40795 4 4 49999
40796 12 0 24156
40797 4 4 55802
40798 4 4 55841
40799 4 4 55840
40800 0 6 31199
40801 4 4 55807
40802 4 4 55839
40803 4 4 55838
40804 4 4 55812
40805 4 4 55837
40806 4 4 55836
40807 4 4 58792
40808 4 4 58855
40809 4 4 58718
40810 4 4 62198
40811 4 4 60865
40812 4 4 60915
40813 4 4 49998
40814 4 4 49998
40815 4 4 49998
40816 4 4 55803
40817 4 4 57533
40818 4 4 55528
40819 4 4 55808
40820 4 4 57534
40821 4 4 55531
40822 4 10 51913
40823 4 4 55813
40824 4 4 57535
40825 4 4 55723
40826 4 4 58793
40827 4 4 58720
40828 4 4 59568
40829 4 4 61830
40830 4 4 61554
40831 4 4 61470
40832 4 10 51913
40833 4 4 49685
40834 4 4 49685
40835 4 4 49685
40836 4 4 55804
40837 4 4 55834
40838 4 4 55835
40839 4 10 51913
40840 4 4 55809
40841 4 4 55831
40842 4 4 55833
40843 12 0 40697
40844 4 4 55814
40845 4 4 55829
40846 4 4 55830
40847 4 4 58794
40848 4 4 58721
40849 4 4 58854
40850 4 4 62196
40851 4 4 60200
40852 4 4 60898
40853 4 4 49996
40854 4 4 49996
40855 4 4 49996
40856 4 4 55805
40857 4 4 55505
40858 4 4 55828
40859 4 4 55810
40860 4 4 55512
40861 4 4 55827
40862 4 4 55815
40863 4 4 55733
40864 4 4 55826
40865 4 0 36444
40866 4 4 58795
40867 4 10 51913
40868 4 4 58722
40869 4 4 58860
40870 4 4 61831
40871 4 4 60866
40872 4 4 60908
40873 4 4 49995
40874 4 4 49995
40875 4 10 51913
40876 4 4 49995
40877 4 4 55645
40878 4 4 55650
40879 4 4 55754
40880 4 4 55755
40881 4 4 59245
40882 4 4 59251
40883 4 4 61472
40884 4 4 62208
40885 4 4 48661
40886 4 4 48669
40887 4 4 55635
40888 4 4 55753
40889 4 4 59240
40890 4 4 61477
40891 4 4 48664
40892 7 3 52779
40893 7 3 52780
40894 2 7 52781
40895 4 0 57759
40896 16 11 58828
40897 16 11 58828
40898 4 4 55821
40899 16 11 58828
40900 16 11 58828
40901 16 11 58828
40902 16 11 58828
40903 16 11 58828
40904 4 4 55820
40905 4 4 55816
40906 16 11 58828
40907 4 4 58853
40908 16 11 58828
40909 16 11 58828
40910 4 4 60895
40911 4 4 50001
40912 16 11 58828
40913 16 11 58828
40914 16 11 58828
40915 16 11 58828
40916 16 11 58828
40917 12 0 52787
40918 4 4 55841
40919 16 11 58828
40920 16 11 58828
40921 16 11 58828
40922 16 11 58828
40923 16 11 58828
40924 16 11 58828
40925 4 4 55839
40926 4 4 55837
40927 4 4 58855
40928 4 4 60915
40929 4 4 48640
40930 4 4 55528
40931 4 4 55531
40932 4 4 55723
40933 4 4 58857
40934 4 4 61470
40935 4 4 48740
40936 4 4 55835
40937 4 4 55833
40938 4 4 55830
40939 4 4 58854
40940 4 4 60898
40941 4 4 50002
40942 4 4 54816
40943 4 4 54825
40944 12 0 4826
40945 12 0 35178
40946 12 0 3673
40947 12 0 34753
40948 16 11 52559
40949 4 4 54823
40950 4 4 54826
40951 4 4 54824
40952 4 4 54074
40953 4 4 54822
40954 4 4 54072
40955 4 4 54816
40956 4 4 54821
40957 4 4 54819
40958 4 4 54820
40959 4 4 54818
40960 4 4 55828
40961 4 4 55827
40962 4 4 55826
40963 4 4 58860
40964 4 4 60908
40965 4 4 50003
40966 4 4 60017
40967 2 13 52809
40968 2 13 52810
40969 12 0 7367
40970 12 0 39239
40971 12 0 37879
40972 4 4 55634
40973 4 4 55651
40974 4 4 55727
40975 4 4 55728
40976 4 4 59241
40977 4 4 59246
40978 4 4 61471
40979 4 4 61473
40980 4 4 48660
40981 4 4 48663
40982 4 4 55726
40983 4 4 59238
40984 4 4 61476
40985 4 4 48662
40986 4 3 56926
40987 4 3 56926
40988 4 3 56925
40989 4 3 56925
40990 4 3 56922
40991 4 3 56922
40992 4 3 58864
40993 4 3 58864
40994 4 3 61553
40995 4 3 61553
40996 4 3 49969
40997 4 3 49969
40998 4 3 56940
40999 4 3 56939
41000 4 3 56938
41001 4 3 58866
41002 4 3 60883
41003 4 3 48611
41004 4 3 56940
41005 4 3 56939
41006 4 3 56938
41007 4 3 58866
41008 4 3 60883
41009 4 3 48611
41010 4 3 56936
41011 4 3 56935
41012 4 3 56934
41013 4 3 64904
41014 4 3 64922
41015 4 3 48613
41016 4 3 56936
41017 4 3 56935
41018 4 3 56934
41019 4 3 64904
41020 4 3 64922
41021 4 3 48613
41022 2 6 52830
41023 4 3 56932
41024 4 3 56944
41025 4 3 56931
41026 4 3 56928
41027 4 3 58867
41028 4 3 60891
41029 4 3 48615
41030 4 3 56932
41031 4 3 56931
41032 4 3 56928
41033 4 3 58867
41034 4 3 60891
41035 4 3 48615
41036 4 3 56942
41037 4 3 56941
41038 4 3 59053
41039 4 3 61280
41040 4 3 48616
41041 4 3 56944
41042 4 3 56942
41043 4 3 56941
41044 4 3 59053
41045 4 3 61280
41046 4 3 48616
41047 4 3 56945
41048 4 3 56948
41049 4 3 56949
41050 4 3 56947
41051 4 3 59262
41052 4 3 61463
41053 4 3 48674
41054 4 3 56950
41055 4 3 59255
41056 4 3 61466
41057 4 3 48675
41058 12 0 44246
41059 4 3 56946
41060 4 3 59265
41061 4 3 61467
41062 4 3 48673
41063 4 3 56945
41064 4 3 56946
41065 4 3 59265
41066 4 3 61467
41067 4 3 48673
41068 4 3 56947
41069 4 3 56948
41070 4 3 59262
41071 4 3 61463
41072 4 3 48674
41073 4 3 56949
41074 4 3 56950
41075 4 3 59255
41076 4 3 61466
41077 4 3 48675
41078 4 3 56926
41079 4 3 56925
41080 4 3 56922
41081 4 3 58864
41082 4 3 61553
41083 4 3 49969
41084 4 3 56965
41085 4 3 55847
41086 4 3 55848
41087 4 3 58802
41088 4 3 60192
41089 4 3 53567
41090 2 10 52835
41091 0 6 36529
41092 16 2 58832
41093 0 6 31198
41094 16 2 58832
41095 16 2 58832
41096 16 2 58832
41097 16 2 58832
41098 16 2 58832
41099 16 2 58832
41100 16 2 58832
41101 16 2 58832
41102 16 2 58832
41103 16 2 58832
41104 16 2 58832
41105 16 2 58832
41106 16 2 58832
41107 16 2 58832
41108 16 2 58832
41109 16 2 58832
41110 16 2 58832
41111 0 6 52839
41112 4 1 45782
41113 4 6 52178
41114 4 4 54076
41115 12 0 9145
41116 4 4 54075
41117 4 6 52862
41118 0 6 52863
41119 7 2 52864
41120 9 4 1096
41121 4 0 52868
41122 9 4 1096
41123 9 4 1096
41124 9 4 1096
41125 7 1 52742
41126 4 4 54811
41127 4 4 55300
41128 4 4 54809
41129 4 4 54810
41130 12 0 52889
41131 12 0 4136
41132 12 0 16265
41133 15 2 62988
41134 4 3 56940
41135 4 3 56939
41136 4 3 56938
41137 4 3 58866
41138 4 3 60883
41139 4 3 48611
41140 4 3 56966
41141 4 3 55844
41142 4 3 55614
41143 4 3 59681
41144 4 3 61457
41145 4 3 48611
41146 7 3 7268
41147 7 2 46698
41148 4 3 56936
41149 4 3 56935
41150 4 3 56934
41151 4 3 64904
41152 4 3 64922
41153 4 3 48613
41154 4 3 56967
41155 4 3 56145
41156 4 3 56143
41157 4 3 58804
41158 4 3 62161
41159 4 3 48613
41160 4 3 56932
41161 12 0 40710
41162 4 3 56931
41163 7 7 52909
41164 6 3 62931
41165 6 2 18275
41166 0 1 64140
41167 7 3 7326
41168 2 3 57237
41169 0 8 7409
41170 0 8 7409
41171 0 8 7409
41172 0 8 7409
41173 0 8 7409
41174 0 8 7409
41175 2 1 52923
41176 2 10 52920
41177 2 7 52919
41178 7 3 52918
41179 12 0 16265
41180 2 10 52921
41181 2 1 52941
41182 2 7 50271
41183 2 15 51403
41184 2 15 51403
41185 2 4 52926
41186 2 7 53477
41187 2 7 53477
41188 2 5 53478
41189 4 4 52931
41190 4 4 51612
41191 0 8 13291
41192 0 8 13291
41193 0 8 13291
41194 0 8 13291
41195 0 8 13291
41196 0 8 13291
41197 12 0 16265
41198 4 3 56928
41199 4 3 58867
41200 4 3 60891
41201 4 3 48615
41202 4 3 56968
41203 4 3 55854
41204 4 3 55855
41205 4 3 58805
41206 4 3 60195
41207 4 3 48615
41208 4 3 56944
41209 4 3 56942
41210 4 3 56941
41211 4 3 59053
41212 4 3 61280
41213 4 3 48616
41214 4 3 56969
41215 4 3 55626
41216 4 3 55618
41217 4 3 58807
41218 4 3 61461
41219 4 3 48616
41220 4 3 48673
41221 4 3 48674
41222 4 3 48675
41223 4 3 55638
41224 4 3 56970
41225 4 3 59266
41226 4 3 61468
41227 4 3 48673
41228 4 3 55652
41229 4 3 56972
41230 4 3 59268
41231 4 3 61465
41232 4 3 48675
41233 4 3 55646
41234 4 3 56971
41235 4 3 59264
41236 4 3 61462
41237 4 3 48674
41238 4 1 56697
41239 2 7 50270
41240 2 4 50197
41241 2 16 52939
41242 2 8 50334
41243 2 0 50076
41244 2 15 52943
41245 2 16 52942
41246 2 5 52948
41247 7 7 29946
41248 4 0 52955
41249 4 0 52956
41250 4 0 52957
41251 4 0 52958
41252 4 0 52959
41253 4 0 52960
41254 4 0 52961
41255 4 0 52962
41256 2 6 12857
41257 2 5 52966
41258 12 0 52971
41259 2 8 52968
41260 12 0 42619
41261 2 1 52972
41262 12 0 30953
41263 2 7 41089
41264 4 2 56681
41265 12 0 52979
41266 3 6 54468
41267 12 0 40632
41268 4 2 55398
41269 4 2 55399
41270 4 2 55874
41271 4 2 55404
41272 4 2 55862
41273 4 2 55417
41274 4 2 56421
41275 4 2 59046
41276 4 2 61447
41277 4 2 48591
41278 4 2 55404
41279 4 2 55417
41280 4 2 56421
41281 4 2 59046
41282 4 2 61447
41283 4 2 48591
41284 4 2 55397
41285 3 6 54469
41286 4 2 56418
41287 4 2 59410
41288 4 2 60856
41289 4 2 49966
41290 4 2 55398
41291 4 2 55397
41292 4 2 56418
41293 4 2 59410
41294 4 2 60856
41295 4 2 49966
41296 4 2 55872
41297 4 2 56419
41298 4 2 59414
41299 4 2 60860
41300 4 2 48603
41301 4 2 55874
41302 4 2 55872
41303 4 2 56419
41304 4 2 59414
41305 4 2 60860
41306 4 2 48603
41307 3 6 54469
41308 4 2 55861
41309 4 2 56420
41310 4 2 59442
41311 4 2 61969
41312 4 2 49968
41313 4 2 55862
41314 4 2 55861
41315 4 2 56420
41316 4 2 59442
41317 4 2 61969
41318 4 2 49968
41319 4 2 55411
41320 4 2 56417
41321 4 2 59411
41322 4 2 60858
41323 4 2 48602
41324 4 2 55399
41325 4 2 55411
41326 4 2 56417
41327 4 2 59412
41328 4 2 60858
41329 4 2 48602
41330 4 2 55643
41331 4 2 55647
41332 4 2 55632
41333 3 6 54469
41334 3 6 54466
41335 3 6 54469
41336 12 0 52989
41337 15 0 3257
41338 15 0 7411
41339 3 6 54469
41340 12 0 52981
41341 12 0 18052
41342 2 10 52991
41343 2 7 52993
41344 4 4 52304
41345 4 4 52996
41346 4 4 52999
41347 4 4 53003
41348 4 4 53004
41349 4 4 53110
41350 4 4 52302
41351 4 4 51604
41352 4 4 53005
41353 4 4 50991
41354 4 4 51710
41355 4 4 54830
41356 4 4 53007
41357 4 4 53008
41358 2 6 53012
41359 12 0 53019
41360 2 2 53014
41361 12 0 48725
41362 12 0 43599
41363 12 0 6690
41364 2 10 53160
41365 2 10 53017
41366 12 0 53013
41367 0 8 22651
41368 15 0 53020
41369 15 0 53021
41370 2 8 53022
41371 2 8 53023
41372 12 0 53149
41373 15 0 4138
41374 0 5 18060
41375 3 6 54469
41376 3 6 54469
41377 3 6 54469
41378 3 6 54469
41379 3 6 54469
41380 3 6 54467
41381 3 6 54467
41382 3 6 54467
41383 2 4 53030
41384 2 4 53032
41385 3 6 54467
41386 4 4 55310
41387 4 4 55311
41388 4 4 55312
41389 3 6 54467
41390 12 0 53039
41391 4 4 53036
41392 4 4 53037
41393 12 0 53042
41394 4 4 53038
41395 3 6 54467
41396 3 6 54467
41397 3 6 54467
41398 3 6 54467
41399 12 0 7064
41400 3 6 54469
41401 3 6 54467
41402 9 10 1102
41403 9 10 6270
41404 9 10 6270
41405 9 10 6270
41406 9 10 6270
41407 9 10 6270
41408 9 10 6270
41409 9 10 6270
41410 9 10 6270
41411 9 10 6270
41412 9 10 6270
41413 9 10 6270
41414 9 10 6270
41415 9 10 6270
41416 9 10 6270
41417 9 10 6270
41418 9 10 6270
41419 9 10 6270
41420 9 10 6270
41421 9 10 6270
41422 9 10 6270
41423 9 10 6270
41424 12 0 13002
41425 4 0 53043
41426 0 0 53044
41427 0 8 34282
41428 13 0 22377
41429 3 5 54295
41430 12 0 53049
41431 12 0 53057
41432 3 0 54292
41433 3 0 54292
41434 3 0 54292
41435 3 0 54292
41436 3 0 54292
41437 3 0 54292
41438 3 0 54292
41439 3 0 54292
41440 3 1 54294
41441 3 1 54294
41442 3 1 54294
41443 3 1 54294
41444 3 2 54293
41445 3 2 54293
41446 3 2 54293
41447 3 2 54293
41448 3 2 54293
41449 3 2 54293
41450 3 3 54307
41451 3 3 54307
41452 3 3 54307
41453 3 3 54307
41454 3 3 54307
41455 3 3 54307
41456 3 3 54307
41457 3 3 54307
41458 3 3 54307
41459 3 3 54307
41460 3 3 54307
41461 3 3 54307
41462 3 3 54307
41463 3 4 54298
41464 3 4 54298
41465 3 4 54298
41466 3 4 54298
41467 3 4 54298
41468 3 4 54298
41469 3 4 54298
41470 3 4 54298
41471 3 4 54298
41472 3 4 54298
41473 3 4 54298
41474 3 4 54298
41475 3 4 54298
41476 3 4 54298
41477 3 4 54298
41478 3 4 54298
41479 3 4 54298
41480 3 4 54298
41481 3 4 54298
41482 3 5 54295
41483 3 5 54295
41484 3 5 54295
41485 3 5 54295
41486 3 5 54295
41487 3 5 54295
41488 3 5 54295
41489 3 5 54295
41490 3 5 54295
41491 3 5 54295
41492 3 5 54295
41493 3 5 54295
41494 3 5 54295
41495 3 5 54295
41496 3 5 54295
41497 3 5 54295
41498 3 5 54295
41499 3 5 54295
41500 3 5 54295
41501 3 5 54295
41502 3 5 54295
41503 12 0 36190
41504 12 0 53069
41505 12 0 53070
41506 12 0 53071
41507 12 0 53076
41508 15 5 56884
41509 0 8 1007
41510 7 5 57460
41511 7 5 57461
41512 4 1 53082
41513 4 1 53090
41514 12 0 53080
41515 4 1 53084
41516 4 1 55367
41517 16 7 58839
41518 16 7 58839
41519 4 1 51140
41520 4 1 53086
41521 4 1 52491
41522 4 1 53087
41523 4 1 53088
41524 16 7 58839
41525 4 1 53084
41526 16 7 58839
41527 16 7 58839
41528 4 1 53082
41529 16 7 58839
41530 16 7 58839
41531 16 7 58839
41532 16 7 58839
41533 16 7 58839
41534 16 7 58839
41535 16 7 58839
41536 16 7 58839
41537 16 7 58839
41538 16 7 58839
41539 16 7 58839
41540 16 7 58839
41541 16 7 58839
41542 16 7 58839
41543 4 1 53092
41544 4 1 53093
41545 4 1 53094
41546 4 1 53381
41547 16 7 58839
41548 4 1 53096
41549 4 1 53097
41550 4 1 53098
41551 4 1 51355
41552 16 7 58839
41553 4 1 53096
41554 4 1 53097
41555 4 1 51355
41556 12 0 53100
41557 12 0 20657
41558 12 0 53103
41559 9 10 15274
41560 9 10 15274
41561 9 10 15274
41562 9 10 15274
41563 9 10 15274
41564 9 10 15274
41565 9 10 15274
41566 9 10 15274
41567 9 10 15274
41568 9 10 15274
41569 9 10 15274
41570 9 10 15274
41571 9 10 15274
41572 9 10 15274
41573 9 10 15274
41574 9 10 15274
41575 9 10 15274
41576 9 10 6270
41577 9 10 6270
41578 9 10 6270
41579 9 10 6270
41580 9 10 6270
41581 9 10 6270
41582 9 10 6270
41583 2 1 53106
41584 6 3 40524
41585 12 0 53100
41586 6 2 40200
41587 4 0 39984
41588 4 0 47522
41589 4 0 47095
41590 4 0 47294
41591 4 1 27088
41592 4 1 27088
41593 7 5 56047
41594 7 5 56046
41595 7 5 56048
41596 10 0 53109
41597 1 1 33942
41598 1 3 21202
41599 1 0 34780
41600 1 0 34796
41601 0 6 42716
41602 0 6 42717
41603 0 6 42716
41604 0 6 42717
41605 0 6 42717
41606 0 6 42717
41607 4 1 42615
41608 4 1 42615
41609 4 1 55336
41610 4 1 55335
41611 0 6 53111
41612 12 0 53112
41613 2 3 53113
41614 12 0 42706
41615 12 0 7096
41616 4 2 56423
41617 4 2 59416
41618 4 2 61455
41619 4 2 48676
41620 4 2 56424
41621 4 2 59418
41622 4 2 61453
41623 4 2 48678
41624 4 2 56422
41625 4 2 59415
41626 4 2 61450
41627 4 2 48681
41628 4 2 55643
41629 4 2 56423
41630 4 2 59416
41631 4 2 61455
41632 4 2 48676
41633 4 2 55647
41634 4 2 56424
41635 4 2 59418
41636 4 2 61453
41637 4 2 48678
41638 4 2 55632
41639 4 2 56422
41640 4 2 59415
41641 4 2 61450
41642 4 2 48681
41643 4 2 55867
41644 4 2 55431
41645 4 2 55876
41646 4 2 55435
41647 4 2 55859
41648 4 2 55858
41649 4 2 55857
41650 4 2 58796
41651 4 2 62214
41652 4 2 48599
41653 4 2 55873
41654 4 2 55869
41655 4 2 58799
41656 4 2 62213
41657 4 2 48597
41658 4 2 55862
41659 4 2 55861
41660 4 2 56420
41661 4 2 59442
41662 4 2 61969
41663 4 2 48599
41664 4 2 55874
41665 4 2 55872
41666 4 2 56419
41667 4 2 59414
41668 4 2 60860
41669 4 2 48597
41670 4 2 55740
41671 4 2 55432
41672 4 2 58798
41673 4 2 62212
41674 4 2 48739
41675 4 2 55399
41676 4 2 55411
41677 4 2 56417
41678 4 2 59411
41679 4 2 60858
41680 4 2 48739
41681 4 2 55742
41682 4 2 55439
41683 4 2 58800
41684 4 2 60929
41685 4 2 48598
41686 9 10 6270
41687 9 10 6270
41688 9 10 6270
41689 9 10 6270
41690 9 10 6270
41691 2 0 52583
41692 9 10 6270
41693 9 10 6270
41694 9 10 6270
41695 2 6 53115
41696 9 10 6270
41697 9 10 6270
41698 9 10 6270
41699 9 10 6270
41701 9 10 6270
41702 9 10 6270
41703 9 10 6270
41704 9 10 6270
41705 9 10 6270
41706 9 10 6270
41707 9 10 6270
41708 9 10 6270
41709 9 10 6270
41710 9 10 6270
41711 9 10 6270
41712 4 2 55404
41713 4 2 55417
41714 4 2 56421
41715 4 2 59046
41716 4 2 61447
41717 4 2 48598
41718 9 10 6270
41719 9 10 6270
41720 9 10 6270
41721 9 10 6270
41722 9 10 6270
41723 9 10 6270
41724 9 10 6270
41725 9 10 6270
41726 9 10 6270
41727 9 10 6270
41728 9 10 6270
41729 0 5 53135
41730 9 10 6270
41731 0 5 18091
41732 9 10 6270
41733 9 10 6270
41734 9 10 6270
41735 9 10 6270
41736 9 10 6270
41737 9 10 6270
41738 9 10 6270
41739 9 10 6270
41740 9 10 6270
41741 7 12 53136
41742 9 10 6270
41743 9 10 6270
41744 9 10 6270
41745 7 12 53137
41746 2 2 53138
41747 9 10 6270
41748 2 7 48879
41749 10 7 48879
41750 2 6 53147
41751 0 5 36728
41752 2 0 53145
41753 2 1 52564
41754 4 6 53146
41755 2 14 50146
41756 4 0 53242
41757 4 2 49813
41758 4 3 56344
41759 4 4 52428
41760 4 1 53244
41761 4 2 53245
41762 4 3 53246
41763 4 4 53243
41764 2 0 53161
41765 4 2 55866
41766 4 2 55865
41767 4 2 61799
41768 4 2 62211
41769 4 2 49965
41770 4 2 55398
41771 4 2 55397
41772 4 2 56418
41773 4 2 59410
41774 4 2 60856
41775 4 2 49965
41776 12 0 7270
41777 9 10 6270
41778 9 10 6270
41779 9 10 6270
41780 9 10 6270
41781 9 10 6270
41782 9 10 6270
41783 9 10 6270
41784 9 10 6270
41785 9 10 6270
41786 9 10 6270
41787 9 10 6270
41788 9 10 6270
41789 9 10 6270
41790 9 10 6270
41791 9 10 6270
41792 9 10 6270
41793 9 10 6270
41794 9 10 6270
41795 9 10 6270
41796 9 10 6270
41797 9 10 6270
41798 9 10 6270
41799 9 10 6270
41800 7 8 53166
41801 7 8 53167
41802 7 8 53168
41803 7 8 50901
41804 7 8 53169
41805 7 8 53170
41806 7 8 53171
41807 7 8 53172
41808 7 8 51803
41809 7 8 53173
41810 7 8 54747
41811 7 8 53175
41812 7 8 53176
41813 7 8 53177
41814 7 8 53178
41815 2 6 60069
41816 2 1 53200
41817 9 10 6270
41818 9 10 6270
41819 9 10 6270
41820 9 10 6270
41821 2 10 53207
41822 2 4 50603
41823 4 4 53005
41824 2 4 53201
41825 2 15 53206
41826 4 1 53233
41827 4 2 55748
41828 4 2 55749
41829 4 2 57524
41830 4 2 55747
41831 4 2 55642
41832 4 2 59304
41833 4 2 62215
41834 4 2 48677
41835 4 2 55648
41836 4 2 59305
41837 4 2 62216
41838 4 2 48679
41839 4 2 55633
41840 4 2 59303
41841 4 2 62217
41842 4 2 48682
41843 12 0 13885
41844 4 3 56366
41845 4 4 49725
41846 4 4 53235
41847 4 1 55541
41848 4 1 55545
41849 4 1 55539
41850 4 1 55549
41851 4 1 55897
41852 4 1 55560
41853 4 1 55561
41854 4 1 58847
41855 4 1 60157
41856 4 1 50007
41857 4 1 55895
41858 4 1 55890
41859 4 1 59202
41860 4 1 61421
41861 4 1 49963
41862 4 1 55888
41863 4 1 55885
41864 4 1 58849
41865 4 1 60893
41866 4 1 49964
41867 4 1 55570
41868 4 1 55569
41869 4 1 58850
41870 4 1 60161
41871 4 1 50010
41872 4 1 55881
41873 4 1 55878
41874 4 1 58848
41875 4 1 60151
41876 4 1 49960
41877 4 1 55644
41878 4 1 55637
41879 4 1 55654
41880 4 1 55673
41881 4 1 59296
41882 4 1 61481
41883 4 1 48686
41884 4 1 55661
41885 4 1 59301
41886 4 1 61483
41887 4 1 48688
41888 15 0 1282
41889 2 6 53192
41890 4 1 53238
41891 4 2 53240
41892 4 1 55670
41893 4 1 59298
41894 4 1 61484
41895 4 1 48687
41896 4 1 55641
41897 4 1 55750
41898 4 1 59294
41899 4 1 61478
41900 4 1 48686
41901 4 1 55653
41902 4 1 55752
41903 4 1 59299
41904 4 1 61479
41905 4 3 56378
41906 4 1 48688
41907 4 1 56444
41908 4 1 55751
41909 4 1 59297
41910 4 1 61480
41911 4 1 48687
41912 4 1 55545
41913 4 1 55560
41914 4 1 55561
41915 4 1 58847
41916 4 1 60157
41917 4 1 50007
41918 4 1 55897
41919 4 1 55895
41920 4 1 55890
41921 4 1 59202
41922 4 1 61421
41923 4 1 49963
41924 4 1 55539
41925 4 1 55888
41926 4 1 55885
41927 4 1 58849
41928 4 1 60893
41929 4 1 49964
41930 4 1 55549
41931 4 1 55570
41932 4 4 53241
41933 4 1 55569
41934 4 1 58850
41935 4 1 60161
41936 4 1 50010
41937 4 1 55541
41938 4 1 55881
41939 4 1 55878
41940 4 1 58848
41941 4 1 60151
41942 4 1 49960
41943 4 1 56437
41944 4 1 55590
41945 4 1 55735
41946 4 1 59576
41947 4 1 60168
41948 4 1 50007
41949 4 1 56442
41950 4 1 55896
41951 4 1 55894
41952 4 1 49963
41953 4 1 59624
41954 4 1 61422
41955 4 1 49963
41956 4 1 56439
41957 4 1 55889
41958 4 1 55886
41959 4 1 58755
41960 4 1 61423
41961 4 1 49964
41962 4 1 55595
41963 4 1 55575
41964 4 1 55734
41965 4 1 58967
41966 4 1 60169
41967 4 1 50010
41968 4 1 56438
41969 4 1 55882
41970 4 1 55880
41971 4 1 58753
41972 4 1 61419
41973 4 1 49960
41974 4 4 54071
41975 4 4 54073
41976 0 6 39340
41977 2 5 53226
41978 2 5 53227
41979 2 5 53228
41980 2 5 53229
41981 2 5 53230
41982 2 5 53231
41983 2 5 53232
41984 4 1 53250
41985 4 1 53252
41986 4 1 53253
41987 2 10 53255
41988 12 0 53254
41989 12 0 12018
41990 4 1 56429
41991 4 1 56149
41992 4 1 56153
41993 4 1 63408
41994 4 1 60183
41995 4 1 50007
41996 4 1 56434
41997 4 1 56163
41998 4 1 58785
41999 4 1 61420
42000 4 1 49963
42001 4 1 56156
42002 4 1 56432
42003 4 1 56426
42004 4 1 56164
42005 4 1 58788
42006 4 1 63203
42007 4 1 49964
42008 4 1 56428
42009 4 1 56159
42010 4 1 56158
42011 4 1 58789
42012 4 1 61425
42013 4 1 50010
42014 4 1 56431
42015 4 1 56154
42016 4 1 56160
42017 4 1 58786
42018 4 1 61418
42019 4 1 49960
42020 4 0 39162
42021 4 0 39162
42022 4 0 39162
42023 4 0 39162
42024 4 0 39162
42025 4 0 39162
42026 4 0 39162
42027 4 0 39162
42028 4 0 39162
42029 4 0 39162
42030 4 0 39162
42031 4 0 39162
42032 4 0 39162
42033 4 0 39162
42034 4 0 39162
42035 4 0 39162
42036 4 0 39162
42037 4 0 39162
42038 4 0 39162
42039 4 0 39162
42040 4 0 39162
42041 4 0 39162
42042 4 0 39162
42043 4 0 39162
42044 4 0 39162
42045 4 0 39162
42046 4 0 39162
42047 4 0 39162
42048 4 0 39162
42049 4 0 39162
42050 4 0 39162
42051 4 0 39162
42052 4 0 39162
42053 4 0 39162
42054 4 0 39162
42055 4 1 55663
42056 4 1 55663
42057 4 1 55663
42058 4 1 55663
42059 4 1 55663
42060 4 1 49738
42061 4 1 49738
42062 4 1 55663
42063 4 1 55663
42064 4 1 55663
42065 4 1 55663
42066 4 1 55663
42067 4 1 49738
42068 4 1 49738
42069 4 1 55663
42070 4 1 55663
42071 4 1 55663
42072 4 1 55663
42073 4 1 55663
42074 4 1 49738
42075 4 1 49738
42076 4 1 61562
42077 4 1 61563
42078 4 1 61648
42079 4 1 61563
42080 4 1 61562
42081 4 1 61564
42082 4 1 42615
42083 4 1 53264
42084 4 2 39736
42085 4 1 53264
42086 4 1 53264
42087 4 1 53264
42088 4 2 53265
42089 4 1 53264
42090 4 1 53264
42091 4 1 53910
42092 4 2 3708
42093 4 1 51140
42094 4 2 27687
42095 4 1 53270
42096 4 1 53271
42097 4 2 28822
42098 4 2 53273
42099 4 2 36771
42100 4 1 55340
42101 4 1 55341
42102 4 1 55330
42103 4 1 51587
42104 12 0 7999
42105 12 0 19149
42106 12 0 18072
42107 12 0 53277
42108 12 0 53279
42109 12 0 7340
42110 4 0 39129
42111 4 1 55334
42112 4 0 39129
42113 4 1 55331
42114 4 0 39129
42115 4 0 39129
42116 4 0 39129
42117 4 0 39129
42118 4 0 39129
42119 4 0 39129
42120 4 0 39129
42121 4 0 39129
42122 4 0 48071
42123 4 0 56635
42124 4 0 37840
42125 4 0 37840
42126 4 0 37841
42127 4 0 37841
42128 4 0 47095
42129 4 0 47095
42130 4 0 47095
42131 4 0 47095
42132 4 0 47095
42133 4 0 47095
42134 4 0 47095
42135 4 0 47095
42136 4 0 47095
42137 4 0 47095
42138 9 10 6270
42139 2 10 53318
42140 2 2 53319
42141 3 8 2516
42142 3 0 61981
42143 3 0 61981
42144 3 0 61981
42145 3 1 61982
42146 3 1 61982
42147 12 0 24156
42148 3 2 61983
42149 3 2 61983
42150 3 2 61983
42151 3 0 61981
42152 3 0 61981
42153 3 0 61981
42154 3 0 61981
42155 3 1 61982
42156 3 2 61983
42157 3 2 61983
42158 3 2 61983
42159 12 0 53325
42160 12 0 53326
42161 2 7 53327
42162 12 0 53329
42163 12 0 1625
42164 12 0 53333
42165 2 10 53361
42166 2 15 53362
42167 2 15 53363
42168 2 4 39358
42169 2 5 53364
42170 7 11 53373
42171 7 11 53374
42172 9 2 15274
42173 9 2 15274
42174 9 2 15274
42175 9 2 15274
42176 9 2 15274
42177 9 2 15274
42178 9 2 15274
42179 9 2 15274
42180 9 2 811
42181 9 2 811
42182 9 2 811
42183 9 2 811
42184 9 2 811
42185 9 2 811
42186 9 2 811
42187 9 2 811
42188 9 2 811
42189 9 2 811
42190 9 2 811
42191 9 2 811
42192 9 2 811
42193 9 2 811
42194 9 2 811
42195 9 2 811
42196 9 2 811
42197 9 2 1096
42198 9 2 1096
42199 9 2 1096
42200 9 2 1096
42201 9 2 1096
42202 9 2 1096
42203 12 0 53380
42204 12 0 53380
42205 12 0 53382
42206 2 0 56240
42207 2 0 56204
42208 2 0 56208
42209 2 0 56202
42210 2 0 60811
42211 2 0 49150
42212 2 0 56240
42213 2 0 56240
42214 2 0 56240
42215 2 15 56227
42216 2 15 56227
42217 2 15 56227
42218 2 13 55950
42219 2 13 55949
42220 2 13 55949
42221 2 4 55953
42222 2 4 55953
42223 2 7 57299
42224 2 7 57299
42225 3 8 55024
42226 2 0 56204
42227 2 0 56208
42228 2 0 56202
42229 2 0 60825
42230 2 0 49150
42231 2 0 56204
42232 2 0 56208
42233 2 0 56202
42234 2 0 60809
42235 2 0 49150
42236 2 0 56204
42237 2 0 56208
42238 2 0 58932
42239 2 0 49152
42240 2 0 49152
42241 2 15 56226
42242 2 15 56411
42243 2 15 56227
42244 2 15 60817
42245 2 15 49141
42246 12 0 53392
42247 2 15 56226
42248 2 15 56411
42249 2 15 56227
42250 2 15 60846
42251 2 15 49141
42252 12 0 53399
42253 7 5 54964
42254 2 15 56226
42255 2 15 56411
42256 2 15 56227
42257 2 15 60817
42258 2 15 49141
42259 2 13 56257
42260 2 13 55948
42261 2 13 55945
42262 2 13 60821
42263 2 13 49145
42264 2 13 56256
42265 2 13 55946
42266 2 13 55944
42267 2 13 60831
42268 2 13 49139
42269 2 13 56256
42270 2 13 55946
42271 2 13 55944
42272 2 13 60830
42273 2 13 49139
42274 2 4 55955
42275 2 4 55954
42276 2 4 58957
42277 2 4 60839
42278 2 4 49136
42279 2 4 55955
42280 2 4 55954
42281 2 4 58957
42282 2 4 60807
42283 2 4 49136
42284 2 7 57298
42285 2 7 57297
42286 2 7 58965
42287 2 7 60840
42288 2 7 49143
42289 2 7 57298
42290 2 7 57297
42291 2 7 58965
42292 2 7 60840
42293 2 7 49143
42294 2 1 55927
42295 2 5 56957
42296 2 6 55965
42297 2 8 57464
42298 9 10 6270
42299 9 10 6270
42300 9 10 6270
42301 9 10 6270
42302 9 10 6270
42303 9 10 6270
42304 9 10 6270
42305 9 10 6270
42306 9 10 6270
42307 9 10 6270
42308 9 10 6270
42309 9 10 6270
42310 9 10 6270
42311 9 10 6270
42312 9 10 6270
42313 9 10 6270
42314 9 10 6270
42315 9 10 6270
42316 2 1 55925
42317 2 1 55926
42318 2 1 55927
42319 2 1 60813
42320 2 1 49149
42321 2 5 56956
42322 2 5 56955
42323 2 5 58961
42324 2 5 60808
42325 2 5 49993
42326 2 6 55966
42327 2 6 56412
42328 2 6 55965
42329 2 6 60837
42330 2 6 49142
42331 2 8 57463
42332 2 8 57462
42333 2 8 57464
42334 2 8 60823
42335 2 8 49137
42336 4 0 28682
42337 4 0 29697
42338 4 0 53407
42339 4 0 31604
42340 4 0 35367
42341 4 0 53455
42342 0 0 53408
42343 2 15 56247
42344 2 4 56241
42345 2 15 56220
42346 2 15 56247
42347 2 15 56258
42348 2 15 60848
42349 2 15 49147
42350 0 0 53433
42351 2 4 56255
42352 2 4 56410
42353 2 4 58959
42354 2 4 60818
42355 2 4 49146
42356 2 10 56238
42357 2 10 47994
42358 2 10 49148
42359 2 10 56252
42360 4 0 53409
42361 4 0 53412
42362 2 10 56409
42363 4 0 53411
42364 2 10 56238
42365 4 0 53972
42366 2 10 60806
42367 2 10 47994
42368 4 0 53414
42369 4 0 53415
42370 4 0 53417
42371 4 0 53418
42372 4 0 53419
42373 4 0 53420
42374 4 0 53421
42375 4 0 53423
42376 4 0 53424
42377 4 0 53425
42378 4 0 53426
42379 4 0 53428
42380 4 0 53429
42381 0 0 53432
42382 2 10 56238
42383 2 10 56252
42384 2 10 56409
42385 2 10 56238
42386 2 10 60816
42387 2 10 47994
42388 2 10 56248
42389 2 10 56259
42390 2 10 56413
42391 2 10 56248
42392 2 10 60849
42393 2 10 47994
42394 12 0 53380
42395 4 0 53454
42396 16 5 58834
42397 16 5 58834
42398 16 5 58834
42399 16 5 58834
42400 16 5 58834
42401 16 5 58834
42402 16 5 58834
42403 16 5 58834
42404 16 5 58834
42405 16 5 58834
42406 16 5 58834
42407 16 5 58834
42408 16 5 58834
42409 16 5 58834
42410 16 5 58834
42411 16 5 58834
42412 16 5 58834
42413 4 0 53453
42414 16 5 58834
42415 16 5 58834
42416 16 5 58834
42417 16 5 58834
42418 4 0 53456
42419 12 0 13082
42420 0 8 22652
42421 0 8 30690
42422 13 0 22071
42423 12 0 53461
42424 12 0 50798
42425 10 0 53462
42426 2 10 53464
42427 2 7 55891
42428 0 5 57314
42429 0 5 57318
42430 0 5 57315
42431 0 5 40637
42432 0 5 6342
42433 0 5 57313
42434 0 5 57317
42435 2 15 53471
42436 0 0 57312
42437 0 0 47763
42438 0 0 57316
42439 0 0 6342
42440 7 11 53473
42441 12 0 53474
42442 12 0 53472
42443 2 4 53476
42444 2 16 38679
42445 2 2 55930
42446 2 18 55933
42447 2 3 56175
42448 2 19 56614
42449 2 16 38679
42450 2 16 38679
42451 2 16 38679
42452 2 16 38679
42453 16 9 58841
42454 16 9 58841
42455 16 9 58841
42456 16 9 58841
42457 16 9 58841
42458 16 9 58841
42459 16 9 58841
42460 16 9 58841
42461 16 9 58841
42462 16 9 58841
42463 16 9 58841
42464 16 9 58841
42465 16 9 58841
42466 16 9 58841
42467 16 9 58841
42468 16 9 58841
42469 16 9 58841
42470 16 9 58841
42471 16 9 58841
42472 16 9 58841
42473 16 9 58841
42474 0 8 39193
42475 12 0 34751
42476 12 0 7629
42477 2 8 53483
42478 2 8 53484
42479 12 0 53485
42480 12 0 50963
42481 12 0 56648
42482 13 0 7737
42483 2 16 60853
42484 2 3 56176
42485 2 3 56177
42486 2 3 56175
42487 2 3 60844
42488 2 3 49393
42489 2 2 55929
42490 2 2 55928
42491 2 2 58933
42492 2 2 60833
42493 2 2 49140
42494 2 18 55932
42495 2 18 55931
42496 2 18 58935
42497 2 18 49138
42498 2 18 60828
42499 12 0 56648
42500 0 6 55060
42501 2 19 56616
42502 2 19 56617
42503 2 19 56613
42504 2 19 60851
42505 2 19 46606
42506 2 4 53529
42507 2 6 53530
42508 4 6 53532
42509 2 6 53533
42510 12 0 39446
42511 2 19 56614
42512 2 19 56616
42513 2 19 56617
42514 2 19 56613
42515 2 19 60805
42516 2 19 46606
42517 2 19 56614
42518 2 19 56616
42519 2 19 56617
42520 2 19 56613
42521 2 19 60836
42522 2 19 46606
42523 4 0 39505
42524 4 0 39505
42525 4 0 39505
42526 4 0 39505
42527 4 0 39505
42528 4 0 39505
42529 4 0 39505
42530 4 0 39505
42531 4 0 39505
42532 4 0 39505
42533 4 0 39505
42534 4 0 39505
42535 4 0 39505
42536 4 0 39505
42537 4 0 39505
42538 4 0 39505
42539 4 0 39505
42540 4 0 39505
42541 12 0 53538
42542 12 0 38747
42543 4 6 53550
42544 2 4 53551
42545 0 1 57717
42546 7 3 24052
42547 2 8 53553
42548 0 1 8546
42549 4 4 43886
42550 4 2 45779
42551 4 3 53564
42552 4 4 43886
42553 4 1 44949
42554 4 2 45780
42555 4 3 53564
42556 4 6 56885
42557 4 6 56414
42558 4 6 56886
42559 4 6 56887
42560 4 6 59214
42561 4 6 56501
42562 4 6 49155
42563 4 6 56415
42564 4 6 56416
42565 4 6 56415
42566 4 6 60854
42567 4 6 49153
42568 4 6 56414
42569 4 6 56415
42570 4 6 56416
42571 4 6 56414
42572 4 6 51721
42573 4 6 49153
42574 4 8 34953
42575 4 8 34953
42576 4 8 9659
42577 4 8 9659
42578 4 8 9659
42579 4 8 9659
42580 4 8 9659
42581 4 8 9659
42582 4 8 34953
42583 4 8 34953
42584 4 8 34953
42585 4 8 34953
42586 4 8 34953
42587 4 8 34953
42588 4 8 34953
42589 4 8 34953
42590 0 5 33681
42591 4 8 34953
42592 4 8 34953
42593 4 9 25246
42594 4 9 25246
42595 4 9 46045
42596 4 9 46045
42597 4 9 46045
42598 4 9 46045
42599 4 9 46045
42600 4 9 46045
42601 4 9 25246
42602 4 9 25246
42603 4 9 25246
42604 4 9 25246
42605 4 9 25246
42606 4 9 25246
42607 4 9 25246
42608 4 9 25246
42609 4 9 25246
42610 4 9 25246
42611 4 7 34960
42612 4 7 1103
42613 4 7 1103
42614 4 7 1103
42615 4 7 1103
42616 4 7 1103
42617 4 7 1103
42618 4 10 51913
42619 4 10 51913
42620 4 10 51913
42621 4 10 51913
42622 4 10 51913
42623 4 10 51913
42624 12 0 53325
42625 4 4 39539
42626 4 4 39540
42627 4 4 44561
42628 4 4 45932
42629 4 4 39543
42630 4 4 41133
42631 4 4 41134
42632 4 4 41135
42633 4 4 41136
42634 4 4 41137
42635 4 4 41133
42636 4 4 41134
42637 4 4 41135
42638 4 4 41136
42639 4 4 41137
42640 12 0 53565
42641 7 2 40555
42642 4 0 39126
42643 4 0 39128
42644 4 0 39124
42645 4 0 32008
42646 4 0 53566
42647 4 0 39214
42648 9 10 6270
42649 9 10 6270
42650 9 10 6270
42651 9 10 6270
42652 9 10 6270
42653 9 10 6270
42654 4 4 39539
42655 4 4 39540
42656 4 4 44561
42657 4 4 45932
42658 4 4 39543
42659 4 3 41144
42660 4 3 41145
42661 4 3 44009
42662 4 3 41148
42663 4 3 41149
42664 4 3 41144
42665 4 3 41145
42666 4 3 41147
42667 4 3 41148
42668 4 3 41149
42669 4 3 41144
42670 4 3 41145
42671 4 3 44009
42672 4 3 41148
42673 4 3 41149
42674 4 3 40623
42675 4 3 40624
42676 4 3 42882
42677 4 3 40626
42678 4 3 40628
42679 12 0 53569
42680 4 2 41443
42681 4 2 47172
42682 4 2 41445
42683 4 2 41758
42684 4 2 41446
42685 4 2 41443
42686 4 2 47172
42687 4 2 41445
42688 4 2 41758
42689 4 2 41446
42690 4 2 41443
42691 4 2 47172
42692 4 2 41445
42693 4 2 41758
42694 4 2 41446
42695 4 2 41138
42696 4 2 44876
42697 4 2 41140
42698 4 2 41142
42699 4 2 41143
42700 12 0 53573
42701 3 8 54312
42702 3 8 54314
42703 4 1 41154
42704 4 1 41794
42705 4 1 41155
42706 4 1 42171
42707 4 1 41157
42708 4 1 41154
42709 4 1 41794
42710 4 1 41155
42711 4 1 42171
42712 4 1 41157
42713 4 1 40622
42714 4 1 41234
42715 4 1 40059
42716 4 1 40056
42717 4 1 39952
42718 4 1 41706
42719 4 1 45149
42720 4 1 45236
42721 4 1 44788
42722 4 1 41713
42723 4 4 54817
42724 4 4 53007
42725 4 4 52233
42726 4 4 53577
42727 4 4 51577
42728 4 4 50615
42729 4 4 53578
42730 4 4 52568
42731 4 2 56715
42732 12 0 53581
42733 12 0 52981
42734 16 8 58830
42735 16 8 58830
42736 16 8 58830
42737 16 8 58830
42738 16 8 58830
42739 16 8 58830
42740 16 8 58830
42741 16 8 58830
42742 16 8 58830
42743 16 8 58830
42744 16 8 58830
42745 16 8 58830
42746 16 8 58830
42747 16 8 58830
42748 16 8 58830
42749 16 8 58830
42750 16 8 58830
42751 16 8 58830
42752 16 8 58830
42753 16 8 58830
42754 16 8 58830
42755 2 4 53593
42756 4 0 34802
42757 2 7 53602
42758 4 1 53633
42759 2 4 53603
42760 4 1 53625
42761 4 2 53632
42762 4 2 53626
42763 4 3 56342
42764 0 0 53619
42765 4 4 53639
42766 4 3 53627
42767 4 4 49734
42768 4 4 53629
42769 12 0 44246
42770 12 0 5283
42771 12 0 53675
42772 12 0 9129
42773 2 10 53677
42774 12 0 53680
42775 2 2 53690
42776 2 3 34116
42777 0 5 53692
42778 0 5 6345
42779 0 5 53694
42780 12 0 53695
42781 12 0 53696
42782 12 0 53697
42783 12 0 53698
42784 12 0 20692
42785 4 1 56093
42786 2 7 56004
42787 4 1 56034
42788 4 1 56007
42789 4 1 55901
42790 4 1 55476
42791 4 0 56103
42792 4 1 56141
42793 4 0 31603
42794 2 10 50147
42795 4 1 56055
42796 4 0 56045
42797 12 0 20692
42798 4 2 56081
42799 2 8 50326
42800 4 2 56012
42801 4 2 56577
42802 4 2 56333
42803 4 2 55908
42804 4 2 56132
42805 4 2 49919
42806 4 2 56578
42807 2 7 55892
42808 4 0 52417
42809 4 2 56579
42810 4 3 51873
42811 2 15 56140
42812 4 0 52373
42813 4 3 56582
42814 4 3 55903
42815 4 3 56092
42816 4 3 56585
42817 4 3 56587
42818 4 3 56136
42819 2 4 50201
42820 4 3 51885
42821 4 3 56589
42822 2 3 31210
42823 2 4 50199
42824 2 1 51385
42825 4 4 51899
42826 4 4 56018
42827 4 4 56106
42828 2 10 50142
42829 4 4 50905
42830 4 4 56102
42831 2 15 56076
42832 4 4 56596
42833 4 4 56598
42834 4 4 51297
42835 4 4 56600
42836 4 4 56584
42837 12 0 21206
42838 12 0 7061
42839 12 0 53699
42840 12 0 48462
42841 4 1 56056
42842 4 1 56011
42843 4 1 52491
42844 4 1 56105
42845 4 0 55905
42846 4 1 56091
42847 4 1 56137
42848 2 15 50125
42849 4 1 56005
42850 4 1 51192
42851 4 7 1103
42852 4 7 34960
42853 4 7 34960
42854 4 7 34960
42855 4 7 34960
42856 4 0 6543
42857 2 10 50141
42858 2 18 56001
42859 2 5 50316
42860 4 6 55904
42861 2 15 50121
42862 2 13 56025
42863 2 16 56113
42864 4 0 49229
42865 4 2 56006
42866 4 2 56009
42867 4 2 49928
42868 2 4 50203
42869 4 2 49920
42870 4 2 56021
42871 4 2 56580
42872 4 2 56098
42873 2 6 53703
42874 4 2 49979
42875 4 2 56581
42876 4 4 51297
42877 4 4 51900
42878 4 4 51904
42879 4 4 51904
42880 4 4 51895
42881 4 4 55845
42882 4 4 56391
42883 4 4 56042
42884 4 4 56133
42885 4 4 51891
42886 4 3 56583
42887 4 3 49362
42888 4 3 51886
42889 4 3 56601
42890 4 3 56099
42891 4 3 56590
42892 4 3 51886
42893 4 3 54933
42894 12 0 13082
42895 4 3 56575
42896 4 3 56576
42897 16 3 58829
42898 16 3 58829
42899 16 3 58829
42900 16 3 58829
42901 16 3 58829
42902 16 3 58829
42903 16 3 58829
42904 16 3 58829
42905 16 3 58829
42906 16 3 58829
42907 16 3 58829
42908 16 3 58829
42909 16 3 58829
42910 16 3 58829
42911 16 3 58829
42912 16 3 58829
42913 16 3 58829
42914 16 3 58829
42915 16 3 58829
42916 16 3 58829
42917 16 3 58829
42918 12 0 53699
42919 2 1 49149
42920 2 7 53708
42921 2 2 53709
42922 12 0 31755
42923 2 10 53723
42924 2 10 53724
42925 2 10 53725
42926 12 0 36727
42927 12 0 1438
42928 12 0 53745
42929 15 0 16205
42930 15 0 7342
42931 15 0 20818
42932 2 7 53774
42933 2 7 53773
42934 2 8 53775
42935 2 8 53776
42936 4 6 53777
42937 4 6 53778
42938 4 6 53779
42939 2 4 53780
42940 2 4 53781
42941 2 10 53786
42942 0 5 54527
42943 2 1 23904
42944 2 15 23248
42945 2 7 25648
42946 2 2 30926
42947 2 10 45947
42948 2 4 34109
42949 4 4 29964
42950 4 3 15809
42951 4 3 30925
42952 4 2 28179
42953 7 11 9152
42954 16 4 58836
42955 16 4 58836
42956 16 4 58836
42957 16 4 58836
42958 16 4 58836
42959 16 4 58836
42960 16 4 58836
42961 16 4 58836
42962 16 4 58836
42963 16 4 58836
42964 16 4 58836
42965 16 4 58836
42966 16 4 58836
42967 16 4 58836
42968 16 4 58836
42969 16 4 58836
42970 16 4 58836
42971 16 4 58836
42972 16 4 58836
42973 16 4 58836
42974 16 4 58836
42975 12 0 31760
42976 12 0 31755
42977 12 0 31760
42978 12 0 31760
42979 12 0 31760
42980 12 0 31760
42981 12 0 31760
42982 12 0 31760
42983 12 0 31760
42984 4 2 25700
42985 4 1 29798
42986 0 8 53790
42987 4 0 56181
42988 4 0 56182
42989 4 0 56178
42990 4 0 56179
42991 4 0 6337
42992 4 0 24784
42993 0 5 39118
42994 0 5 22194
42995 0 5 53135
42996 0 5 54533
42997 0 5 39720
42998 0 5 53858
42999 0 5 54529
43000 0 5 39117
43001 0 5 39718
43002 0 8 40541
43003 15 0 34104
43004 0 5 44291
43005 0 5 54532
43006 12 0 7287
43007 7 11 56115
43008 2 1 60263
43009 7 8 53856
43010 7 8 53857
43011 7 8 25475
43012 7 8 52981
43013 7 8 53859
43014 2 10 53860
43015 0 5 53864
43016 10 0 32746
43017 9 5 15274
43018 9 5 15274
43019 9 5 15274
43020 9 5 15274
43021 9 5 15274
43022 9 5 15274
43023 9 5 15274
43024 9 5 15274
43025 9 5 15274
43026 9 5 15274
43027 9 5 15274
43028 9 5 15274
43029 9 5 15274
43030 9 5 15274
43031 9 5 15274
43032 9 5 15274
43033 9 5 15274
43034 9 5 15274
43035 9 5 15274
43036 9 5 15274
43037 9 5 15274
43038 7 2 7627
43039 12 0 31755
43040 4 1 35556
43041 4 1 53960
43042 4 1 53953
43043 4 2 53959
43044 4 2 36481
43045 4 2 36480
43046 4 3 53971
43047 4 3 35557
43048 4 3 35554
43049 4 4 35555
43050 4 4 35550
43051 4 4 36077
43052 4 1 53955
43053 4 4 53947
43054 4 2 53963
43055 4 3 53969
43056 4 3 53970
43057 4 4 53975
43058 4 2 53956
43059 12 0 37293
43060 4 1 53973
43061 4 4 53974
43062 4 4 53980
43063 4 4 53981
43064 4 4 53975
43065 4 4 53978
43066 4 4 53983
43067 4 4 53984
43068 4 4 54462
43069 4 4 54459
43070 4 4 54460
43071 4 4 54461
43072 4 1 54448
43073 4 1 54449
43074 4 1 54447
43075 4 1 14658
43076 4 2 54454
43077 4 2 54453
43078 4 2 54451
43079 4 2 54452
43080 4 3 54457
43081 4 3 54458
43082 4 3 54456
43083 4 3 54455
43084 12 0 37877
43085 4 6 54064
43086 0 5 18099
43087 0 5 6410
43088 0 0 54066
43089 12 0 13799
43090 12 0 38757
43091 2 7 54098
43092 4 6 54099
43093 2 10 54100
43094 12 0 38760
43095 12 0 1317
43096 12 0 54102
43097 0 6 54103
43098 7 11 38475
43099 12 0 57505
43100 12 0 19488
43101 12 0 34500
43102 7 11 43520
43103 7 11 54612
43104 7 11 54601
43105 7 11 54607
43106 7 11 54609
43107 7 11 54610
43108 7 11 54603
43109 7 11 54606
43110 2 6 54107
43111 2 1 54113
43112 2 4 54109
43113 2 4 54110
43114 2 6 54111
43115 7 1 55102
43116 7 1 55107
43117 7 1 55099
43118 7 1 55106
43119 7 1 55110
43120 7 1 55097
43121 7 1 55101
43122 7 1 55100
43123 7 1 55104
43124 7 1 55113
43125 7 1 55098
43126 7 1 55103
43127 7 1 55112
43128 12 0 21794
43129 4 3 56722
43130 4 3 52333
43131 4 3 53236
43132 4 3 56718
43133 4 3 56716
43134 12 0 38758
43135 0 0 20220
43136 12 0 57504
43137 12 0 50875
43138 12 0 57502
43139 12 0 57503
43140 12 0 9110
43141 12 0 38759
43142 12 0 57516
43143 12 0 18168
43144 12 0 57515
43145 7 14 57291
43146 7 15 57292
43147 12 0 34500
43148 12 0 21115
43149 12 0 46254
43150 15 0 35847
43151 12 0 54158
43152 2 10 54168
43153 12 0 47133
43154 4 0 54171
43155 4 0 54175
43156 4 0 54177
43157 4 0 54176
43158 12 0 54178
43159 12 0 54182
43160 4 1 54189
43161 4 2 54194
43162 4 3 54195
43163 4 4 54196
43164 4 1 57269
43165 4 2 57270
43166 12 0 54198
43167 4 3 51888
43168 4 4 57264
43169 12 0 54202
43170 7 11 16211
43171 4 1 57267
43172 4 2 57268
43173 4 3 56485
43174 4 4 57271
43175 2 0 54203
43176 4 4 49734
43177 4 0 56875
43178 4 0 56874
43179 4 0 56873
43180 4 0 41951
43181 4 1 49464
43182 4 2 51715
43183 4 3 54933
43184 4 4 51577
43185 2 19 56148
43186 2 19 57177
43187 2 16 56150
43188 2 16 56100
43189 4 0 51243
43190 4 0 56027
43191 4 0 56035
43192 4 0 56104
43193 4 1 56072
43194 4 2 56591
43195 4 3 56135
43196 2 10 54266
43197 4 4 56097
43198 4 4 51927
43199 2 4 54267
43200 4 1 56131
43201 4 2 56054
43202 4 3 56595
43203 4 4 56033
43204 4 1 56026
43205 2 5 54286
43206 12 0 54291
43207 4 2 56605
43208 4 3 56608
43209 4 4 56609
43210 4 1 56017
43211 4 2 56610
43212 4 3 56014
43213 4 4 51932
43214 12 0 54338
43215 12 0 48232
43216 2 10 54348
43217 12 0 35851
43218 12 0 4714
43219 2 10 54409
43220 2 10 54421
43221 2 7 54433
43222 4 6 54434
43223 2 10 54435
43224 2 2 54437
43225 12 0 54438
43226 2 10 54439
43227 2 10 54440
43228 10 0 54441
43229 12 0 37555
43230 0 8 13710
43231 0 8 13710
43232 0 8 13707
43233 0 8 13707
43234 0 8 37278
43235 0 8 37278
43236 0 5 38430
43237 0 8 34432
43238 12 0 54473
43239 12 0 35930
43240 12 0 54474
43241 12 0 54482
43242 12 0 54486
43243 12 0 54487
43244 4 0 12567
43245 4 0 31603
43246 4 0 31616
43247 4 0 31800
43248 4 0 4284
43249 4 0 9836
43250 4 0 54488
43251 4 0 34189
43252 4 0 39120
43253 4 0 31664
43254 12 0 47969
43255 4 2 56726
43256 4 2 54952
43257 4 2 56695
43258 4 2 54950
43259 12 0 54486
43260 4 2 56701
43261 4 2 56720
43262 4 2 54925
43263 4 2 54924
43264 4 2 54920
43265 4 2 57622
43266 4 2 57621
43267 2 7 36376
43268 0 5 54494
43269 12 0 31604
43270 12 0 54498
43271 4 2 54923
43272 12 0 6490
43273 4 2 56719
43274 12 0 54503
43275 12 0 29174
43276 12 0 54505
43277 4 0 44841
43278 4 1 54512
43279 4 4 51520
43280 4 4 52500
43281 2 1 54521
43282 4 0 33906
43283 4 1 54522
43284 2 18 54525
43285 4 0 34204
43286 4 2 54523
43287 4 1 52348
43288 12 0 52705
43289 12 0 50663
43290 12 0 54524
43291 12 0 54526
43292 4 6 54541
43293 4 6 54542
43294 4 6 54543
43295 4 6 54544
43296 2 0 54545
43297 12 0 54552
43298 12 0 54555
43299 12 0 54552
43300 4 0 54556
43301 4 0 54559
43302 0 8 40107
43303 0 8 40107
43304 0 8 40107
43305 4 1 51925
43306 4 0 53042
43307 15 0 40753
43308 10 0 40753
43309 4 0 51280
43310 4 4 52931
43311 4 3 50612
43312 4 2 51519
43313 4 1 54579
43314 12 0 31120
43315 12 0 54598
43316 16 11 58827
43317 9 10 6270
43318 9 10 6270
43319 9 10 6270
43320 9 10 6270
43321 15 0 35852
43322 12 0 54629
43323 12 0 22304
43324 12 0 57518
43325 15 0 54649
43326 15 0 54648
43327 4 0 54646
43328 15 0 21469
43329 15 0 54653
43330 15 0 12410
43331 16 11 58827
43332 16 11 58827
43333 15 0 3673
43334 16 11 58827
43335 16 11 58827
43336 16 11 52559
43337 16 11 52559
43338 16 3 59343
43339 16 8 58831
43340 16 2 58833
43341 15 0 54654
43342 16 5 58835
43343 16 4 58837
43344 16 7 58838
43345 1 0 39459
43346 15 0 21202
43347 15 0 21202
43348 4 0 54722
43349 4 0 54723
43350 16 3 59343
43351 16 3 59343
43352 0 0 33467
43353 4 4 51615
43354 16 3 59343
43355 16 3 59343
43356 16 3 59343
43357 16 8 58831
43358 4 0 54999
43359 16 8 58831
43360 16 8 58831
43361 16 8 58831
43362 16 8 57365
43363 4 1 55000
43364 16 8 58831
43365 16 2 58833
43366 16 2 58833
43367 16 2 58833
43368 16 2 58833
43369 16 2 58833
43370 16 5 58835
43371 16 5 58835
43372 16 5 58835
43373 16 5 58835
43374 16 5 58835
43375 4 1 55001
43376 16 4 58837
43377 16 4 58837
43378 16 4 58837
43379 16 4 58837
43380 16 4 58837
43381 16 7 58838
43382 4 0 44703
43383 16 7 54596
43384 16 7 54596
43385 16 7 58838
43386 16 7 58838
43387 4 4 51927
43388 16 7 58838
43389 16 9 58840
43390 16 9 58840
43391 16 9 58840
43392 16 9 58840
43393 16 9 58840
43394 16 9 58840
43395 16 1 58843
43396 16 1 58843
43397 16 1 58843
43398 16 1 58843
43399 16 1 58843
43400 16 1 58843
43401 4 1 55014
43402 4 4 55015
43403 4 2 50908
43404 4 0 39212
43405 4 4 50507
43406 4 1 28693
43407 2 4 57084
43408 4 0 39126
43409 2 6 55017
43410 4 3 55018
43411 12 0 54732
43412 16 1 58842
43413 16 1 58842
43414 16 1 58842
43415 16 1 58842
43416 16 1 58842
43417 16 1 58842
43418 16 1 58842
43419 16 1 58842
43420 16 1 58842
43421 16 1 58842
43422 16 1 58842
43423 16 1 58842
43424 16 1 58842
43425 16 1 58842
43426 16 1 58842
43427 16 1 58842
43428 16 1 58842
43429 16 1 58842
43430 16 1 58842
43431 16 1 58842
43432 16 1 58842
43433 4 2 56706
43434 4 2 56703
43435 4 2 56702
43436 4 2 56704
43437 4 2 56709
43438 4 2 56705
43439 4 2 56708
43440 12 0 54524
43441 12 0 54524
43442 4 3 54935
43443 4 3 52363
43444 4 3 56585
43445 4 3 54937
43446 4 3 54932
43447 4 3 56735
43448 4 3 56736
43449 4 3 54933
43450 4 3 56728
43451 4 3 56733
43452 4 3 57620
43453 4 3 55018
43454 4 3 56729
43455 4 3 50611
43456 4 3 56731
43457 4 3 56732
43458 4 3 56587
43459 4 3 56711
43460 4 3 56712
43461 4 3 51109
43462 0 0 18102
43463 0 4 3331
43464 0 4 3331
43465 0 4 3331
43466 0 4 3331
43467 0 4 1093
43468 0 4 1093
43469 4 3 56724
43470 0 0 18117
43471 0 0 18099
43472 0 0 18115
43473 0 0 18119
43474 2 10 54736
43475 4 3 54932
43476 4 2 52514
43477 2 6 54737
43478 0 5 54539
43479 2 15 54741
43480 0 5 54539
43481 4 2 51715
43482 4 0 31664
43483 4 0 41731
43484 4 2 55207
43485 9 10 6270
43486 4 0 63017
43487 2 7 54742
43488 0 5 54743
43489 0 0 63121
43490 0 5 54746
43491 0 5 3428
43492 0 5 53174
43493 12 0 54748
43494 12 0 54750
43495 4 2 55206
43496 0 5 53880
43497 9 10 6270
43498 4 0 31664
43499 4 0 18059
43500 4 4 53286
43501 7 8 18046
43502 4 2 55205
43503 4 2 56699
43504 15 0 29902
43505 9 5 15274
43506 9 5 15274
43507 9 5 15274
43508 9 5 15274
43509 9 5 15274
43510 9 5 15274
43511 12 0 54771
43512 12 0 54771
43513 12 0 54795
43514 15 0 44964
43515 4 0 54808
43516 15 5 42378
43517 15 2 62988
43518 0 5 54854
43519 15 0 8932
43520 15 0 19528
43521 15 0 32335
43522 15 0 54962
43523 0 5 54855
43524 12 0 54856
43525 2 4 54899
43526 12 0 54904
43527 12 0 54905
43528 12 0 54910
43529 12 0 54909
43530 0 1 37808
43531 0 1 37807
43532 2 1 54947
43533 16 6 58825
43534 16 6 58825
43535 16 6 58826
43536 16 6 58825
43537 16 6 58825
43538 16 6 58825
43539 16 6 58826
43540 15 0 54953
43541 16 6 58825
43542 16 6 58825
43543 16 6 58825
43544 16 6 58826
43545 16 6 58825
43546 16 6 58825
43547 16 6 58825
43548 16 6 58825
43549 16 6 58825
43550 16 6 58825
43551 16 6 58825
43552 16 6 58825
43553 16 6 58825
43554 16 6 58825
43555 4 0 54963
43556 15 0 31783
43557 7 11 54965
43558 7 11 13489
43559 7 11 54966
43560 7 11 54967
43561 7 11 20899
43562 7 11 54968
43563 7 11 54969
43564 12 0 1282
43565 4 1 56737
43566 4 1 56738
43567 12 0 54980
43568 12 0 54987
43569 0 1 54994
43570 0 1 54995
43571 7 8 24694
43572 7 8 55023
43573 4 0 55033
43574 15 0 34561
43575 15 0 26381
43576 15 0 8932
43577 15 0 37424
43578 2 8 55034
43579 2 8 55038
43580 2 7 46410
43581 2 4 48329
43582 4 0 39123
43583 4 1 55040
43584 4 1 55048
43585 4 1 55042
43586 4 4 35276
43587 4 4 55047
43588 4 4 55044
43589 10 0 55045
43590 4 2 35290
43591 4 2 55046
43592 4 2 55049
43593 4 3 36436
43594 4 3 55050
43595 4 3 55054
43596 2 10 55059
43597 9 10 6270
43598 2 15 55062
43599 15 5 59466
43600 2 6 53147
43601 2 1 52564
43602 7 1 4135
43603 7 1 15791
43604 7 1 37857
43605 7 1 17889
43606 7 1 37849
43607 7 1 37846
43608 12 0 55088
43609 12 0 55089
43610 12 0 55093
43611 2 7 8090
43612 2 16 47933
43613 2 15 43846
43614 7 1 55320
43615 12 0 55095
43616 12 0 55115
43617 2 10 55120
43618 2 10 55121
43619 2 10 55122
43620 7 1 55318
43621 7 1 55319
43622 15 0 9632
43623 2 1 55162
43624 15 0 9632
43625 2 0 55166
43626 0 0 55185
43627 15 0 55217
43628 15 0 55217
43629 15 0 55217
43630 15 0 55217
43631 15 0 55217
43632 15 0 55217
43633 15 0 55217
43634 15 0 55217
43635 15 0 55217
43636 15 0 55217
43637 15 0 55217
43638 15 0 55217
43639 15 0 55217
43640 15 0 55217
43641 15 0 55217
43642 15 0 55248
43643 15 0 55248
43644 15 0 55248
43645 15 0 55249
43646 7 8 55251
43647 7 8 18535
43648 4 0 52268
43649 4 0 52268
43650 13 0 55252
43651 2 20 20619
43652 7 8 24131
43653 15 0 9134
43654 4 0 55787
43655 4 0 55959
43656 4 0 55956
43657 4 0 55960
43658 15 0 55284
43659 2 15 55261
43660 4 0 55264
43661 4 0 55980
43662 12 0 55262
43663 4 0 55981
43664 4 0 55982
43665 12 0 55263
43666 4 0 55264
43667 4 0 55265
43668 12 0 55268
43669 12 0 31477
43670 12 0 55271
43671 16 6 58826
43672 16 6 58826
43673 16 6 58826
43674 16 11 58827
43675 15 0 55248
43676 15 0 55248
43677 15 0 55248
43678 15 0 55248
43679 15 0 55248
43680 15 0 55248
43681 15 0 55248
43682 15 0 55248
43683 15 0 55248
43684 15 0 55248
43685 15 0 55248
43686 15 0 55248
43687 15 0 55248
43688 12 0 55272
43689 12 0 55273
43690 12 0 55274
43691 12 0 55275
43692 2 8 55276
43693 12 0 26858
43694 15 0 55285
43695 0 5 18078
43696 0 5 18078
43697 12 0 55278
43698 15 2 55280
43699 12 0 55281
43700 4 2 55287
43701 15 0 55288
43702 15 0 55288
43703 15 0 55288
43704 15 0 55288
43705 15 0 55288
43706 15 0 55288
43707 15 0 55288
43708 15 0 55288
43709 15 0 55288
43710 15 0 55288
43711 15 0 55288
43712 15 0 55288
43713 15 0 55288
43714 15 0 55288
43715 15 0 55288
43716 15 0 55288
43717 15 0 55288
43718 15 0 55288
43719 15 0 55288
43720 15 0 55288
43721 15 0 55288
43722 15 0 55288
43723 15 0 55288
43724 12 0 28682
43725 16 7 58838
43726 12 0 55293
43727 4 2 54256
43728 4 2 54423
43729 4 2 54396
43730 4 2 54281
43731 4 2 54289
43732 4 1 54387
43733 4 1 54387
43734 4 3 54408
43735 4 3 54375
43736 4 3 54275
43737 4 3 54296
43738 4 3 54254
43739 4 4 54253
43740 4 4 48928
43741 4 4 54432
43742 4 4 54403
43743 4 4 54405
43744 4 4 54403
43745 4 4 54272
43746 4 4 54271
43747 4 4 54310
43748 4 4 54309
43749 4 2 57538
43750 4 2 54407
43751 4 2 54406
43752 4 2 54407
43753 4 2 57539
43754 4 2 57538
43755 4 2 54274
43756 4 2 54273
43757 4 2 54290
43758 4 2 54290
43759 4 2 54290
43760 4 2 54274
43761 4 2 54230
43762 4 3 54260
43763 4 3 54398
43764 4 3 45014
43765 4 3 54424
43766 4 3 45014
43767 4 3 54259
43768 4 3 54397
43769 4 3 54397
43770 4 3 45228
43771 4 3 45228
43772 4 3 54306
43773 4 3 54304
43774 4 3 54304
43775 4 3 54259
43776 4 3 54282
43777 4 1 57530
43778 4 1 54418
43779 4 1 54276
43780 4 1 54268
43781 4 1 54297
43782 4 1 54422
43783 4 1 54422
43784 4 1 54280
43785 4 1 54302
43786 4 1 54280
43787 4 1 54399
43788 4 1 54431
43789 4 1 54283
43790 4 1 54270
43791 4 1 54308
43792 4 1 54269
43793 4 4 54255
43794 4 4 54255
43795 4 4 57546
43796 4 4 54420
43797 4 4 54419
43798 4 4 54277
43799 4 4 54419
43800 4 4 57546
43801 4 4 57546
43802 4 4 54279
43803 4 4 54278
43804 4 4 54301
43805 4 4 54300
43806 4 4 54299
43807 4 4 54255
43808 4 1 54269
43809 4 4 54253
43810 4 1 54302
43811 4 4 48928
43812 4 4 54371
43813 4 4 51834
43814 4 4 54405
43815 4 4 54370
43816 4 4 54272
43817 4 4 54271
43818 4 4 54288
43819 4 4 54287
43820 4 2 54261
43821 12 0 55294
43822 4 2 54261
43823 12 0 55295
43824 15 4 1317
43825 16 6 58825
43826 16 6 58825
43827 16 6 58825
43828 2 19 56560
43829 4 0 6337
43830 4 3 51299
43831 4 4 51906
43832 2 8 50326
43833 2 7 56343
43834 2 10 50138
43835 2 4 50208
43836 4 0 56783
43837 4 0 56782
43838 4 0 56786
43839 4 1 56496
43840 4 2 51860
43841 4 3 56205
43842 4 4 52372
43843 4 6 56501
43844 4 4 51892
43845 4 4 56569
43846 4 4 51904
43847 4 4 51895
43848 4 4 51899
43849 4 0 35359
43850 0 8 55297
43851 15 0 55298
43852 15 0 50746
43853 0 8 22071
43854 0 8 9154
43855 4 1 56034
43856 4 1 55367
43857 4 1 55901
43858 2 10 50133
43859 4 1 56509
43860 4 4 55301
43861 4 1 26064
43862 4 1 56573
43863 4 1 52420
43864 4 4 55302
43865 4 4 55306
43866 4 1 56571
43867 16 2 58832
43868 16 2 58832
43869 16 2 58832
43870 4 4 50905
43871 2 7 55309
43872 4 1 52068
43873 2 19 56562
43874 4 0 56567
43875 2 0 50073
43876 9 2 18164
43877 4 0 53242
43878 4 1 56572
43879 4 1 56565
43880 2 19 56479
43881 4 1 53244
43882 4 1 52491
43883 2 8 50326
43884 4 0 51280
43885 2 5 50325
43886 4 0 50191
43887 4 2 56493
43888 2 4 50203
43889 4 1 56488
43890 2 13 51152
43891 4 2 56484
43892 4 2 56335
43893 2 19 57391
43894 4 2 49979
43895 4 2 56568
43896 4 2 56564
43897 2 0 51463
43898 2 0 51463
43899 2 1 51385
43900 2 16 56482
43901 4 3 56495
43902 4 4 51297
43903 4 0 51243
43904 4 2 51865
43905 4 2 51860
43906 4 2 56400
43907 4 2 49918
43908 4 2 56359
43909 4 2 56334
43910 4 2 56510
43911 2 15 49207
43912 4 2 56504
43913 4 2 53055
43914 4 2 56497
43915 2 15 49206
43916 2 4 50210
43917 2 15 56140
43918 2 18 50162
43919 2 15 49206
43920 2 10 50145
43921 2 10 50133
43922 2 7 49199
43923 2 7 49199
43924 4 1 56566
43925 4 1 56557
43926 4 0 56558
43927 2 10 50141
43928 2 2 56508
43929 2 5 50325
43930 4 4 51896
43931 4 3 56485
43932 4 3 56483
43933 4 3 51884
43934 4 3 56561
43935 4 3 56512
43936 4 3 56331
43937 4 3 52303
43938 4 4 54812
43939 4 4 56371
43940 4 4 56574
43941 4 4 49725
43942 4 4 51899
43943 4 4 56563
43944 4 4 51899
43945 4 4 56505
43946 4 4 56500
43947 4 4 51906
43948 4 3 56346
43949 10 0 41435
43950 12 0 31029
43951 15 5 56306
43952 15 5 57552
43953 15 5 56307
43954 15 5 57480
43955 15 5 56174
43956 15 5 56368
43957 15 5 44588
43958 15 5 56380
43959 15 5 56368
43960 15 5 44588
43961 15 5 56380
43962 15 5 56650
43963 15 5 56649
43964 15 5 56647
43965 15 5 36142
43966 12 0 55391
43967 2 7 55346
43968 12 0 55316
43969 4 1 55370
43970 4 1 55368
43971 4 1 52493
43972 4 1 55363
43973 4 1 51301
43974 4 1 55366
43975 4 1 55364
43976 4 3 56374
43977 4 3 56570
43978 4 3 51873
43979 4 3 54195
43980 4 3 51882
43981 4 3 56499
43982 4 3 49362
43983 12 0 55351
43984 12 0 34752
43985 12 0 55362
43986 15 5 57480
43987 0 6 6270
43988 4 1 56114
43989 4 4 56216
43990 4 2 56117
43991 4 2 56121
43992 4 0 48510
43993 4 0 43407
43994 4 4 53912
43995 4 1 56122
43996 4 3 53830
43997 12 0 55452
43998 4 3 56120
43999 4 0 39123
44000 4 4 56127
44001 12 0 16452
44002 4 1 56126
44003 4 3 54865
44004 4 3 56128
44005 4 1 35312
44006 4 4 56129
44007 4 2 54623
44008 4 1 56215
44009 12 0 55463
44010 12 0 19520
44011 4 2 56130
44012 0 2 55462
44013 4 0 43122
44014 4 0 56514
44015 4 0 56513
44016 4 1 56521
44017 4 0 35358
44018 4 1 56522
44019 4 1 56527
44020 4 1 56537
44021 4 1 56539
44022 4 0 31138
44023 4 0 56553
44024 4 2 56540
44025 4 1 28693
44026 4 1 56538
44027 4 1 56070
44028 2 15 52445
44029 2 7 52571
44030 4 3 56541
44031 4 4 56542
44032 4 6 50607
44033 4 0 40035
44034 4 0 9857
44035 4 0 56781
44036 4 2 56516
44037 4 3 56517
44038 4 4 56518
44039 4 0 56558
44040 4 4 52304
44041 4 2 56523
44042 4 3 56524
44043 4 4 56526
44044 4 2 57523
44045 4 3 56534
44046 4 4 56532
44047 12 0 42619
44048 12 0 55088
44049 0 5 53864
44050 2 20 55572
44051 2 15 55573
44052 2 4 55574
44053 2 6 57482
44054 4 2 55608
44055 4 2 55611
44056 2 0 55588
44057 4 4 55605
44058 4 4 55612
44059 4 3 55604
44060 4 3 55603
44061 4 1 55606
44062 4 1 55607
44063 4 0 55609
44064 0 0 18169
44065 0 0 37858
44066 3 2 54318
44067 12 0 40103
44068 12 0 40106
44069 12 0 40395
44070 12 0 55664
44071 0 5 24131
44072 0 5 53880
44073 4 0 55773
44074 4 0 34188
44075 12 0 40403
44076 3 6 54469
44077 15 5 56368
44078 3 6 54469
44079 15 5 44588
44080 15 5 56380
44081 3 6 54469
44082 3 6 54469
44083 15 5 56368
44084 3 6 54469
44085 15 5 44588
44086 15 5 56380
44087 3 6 54467
44088 3 6 54467
44089 3 6 54467
44090 4 3 15809
44091 2 15 3363
44092 2 8 23264
44093 2 3 28636
44094 2 4 21956
44095 2 10 20298
44096 2 7 29769
44097 4 0 37841
44098 4 0 37840
44099 4 4 28282
44100 4 4 29971
44101 4 3 34651
44102 4 3 34697
44103 4 2 25687
44104 4 1 55691
44105 4 2 34643
44106 4 2 43065
44107 4 1 23737
44108 2 19 55698
44109 4 3 57526
44110 4 3 58223
44111 4 4 55695
44112 4 4 55696
44113 0 0 55689
44114 0 5 56112
44115 12 0 55700
44116 4 1 55757
44117 4 2 55760
44118 2 16 55762
44119 9 5 1102
44120 4 4 55772
44121 4 4 55758
44122 4 3 55763
44123 4 4 55771
44124 12 0 40395
44125 12 0 40103
44126 12 0 40103
44127 12 0 7918
44128 7 6 55780
44129 12 0 55785
44130 12 0 55783
44131 12 0 55781
44132 12 0 55786
44133 12 0 55782
44134 12 0 55784
44135 12 0 40399
44136 12 0 55786
44137 12 0 55961
44138 12 0 55996
44139 12 0 55994
44140 12 0 55947
44141 12 0 55823
44142 7 11 44704
44143 12 0 31756
44144 12 0 31762
44145 12 0 31762
44146 12 0 31762
44147 12 0 31762
44148 15 4 31755
44149 12 0 55997
44150 12 0 55995
44151 15 5 56308
44152 12 0 40395
44153 12 0 8031
44154 12 0 31756
44155 12 0 31756
44156 12 0 31756
44157 12 0 31756
44158 15 4 31755
44159 12 0 55863
44160 15 5 56308
44161 7 11 44704
44162 2 7 55796
44163 7 11 44704
44164 15 5 56308
44165 12 0 31762
44166 2 15 55818
44167 4 1 51004
44168 15 5 56308
44169 2 5 55822
44170 4 2 51003
44171 4 3 55825
44172 2 1 55824
44173 2 15 51703
44174 2 10 50536
44175 15 5 56308
44176 4 4 51686
44177 15 5 56308
44178 15 5 56307
44179 4 2 55856
44180 4 1 55877
44181 4 2 55884
44182 4 3 55900
44183 4 4 53132
44184 12 0 31755
44185 12 0 31755
44186 12 0 55773
44187 2 7 50514
44188 4 1 55943
44189 4 3 55962
44190 4 2 55964
44191 2 1 53056
44192 2 0 55974
44193 2 15 49373
44194 4 2 55976
44195 4 4 49876
44196 4 1 55993
44197 4 4 55990
44198 4 4 55983
44199 2 4 55984
44200 4 1 55989
44201 4 4 55986
44202 4 1 55987
44203 4 2 55988
44204 4 3 55991
44205 4 4 55992
44206 15 0 19497
44207 15 0 19498
44208 15 0 929
44209 10 0 7111
44210 4 0 23171
44211 4 1 53085
44212 12 0 56067
44213 4 0 6497
44214 2 19 9063
44215 4 0 7271
44216 4 1 56070
44217 2 15 56069
44218 2 1 56086
44219 2 10 56080
44220 12 0 56079
44221 15 5 59338
44222 12 0 56075
44223 15 5 56647
44224 15 5 56647
44225 15 5 56649
44226 15 5 56649
44227 2 1 56157
44228 0 5 56118
44229 15 5 59337
44230 15 5 44588
44231 15 5 44588
44232 2 4 56123
44233 4 6 56124
44234 15 5 56347
44235 15 5 56347
44236 2 6 7459
44237 2 7 20502
44238 2 7 56142
44239 4 4 56180
44240 4 4 56183
44241 2 13 56203
44242 4 1 56190
44243 4 4 56196
44244 2 5 56206
44245 2 3 56210
44246 12 0 27454
44247 4 4 55312
44248 4 3 56218
44249 2 8 56219
44250 2 7 52928
44251 12 0 41488
44252 2 1 56245
44253 4 0 56181
44254 4 0 56181
44255 4 0 56181
44256 4 1 56260
44257 4 3 56261
44258 4 2 56262
44259 12 0 31755
44260 12 0 56263
44261 12 0 56263
44262 12 0 56263
44263 12 0 56263
44264 12 0 56263
44265 12 0 56263
44266 12 0 56263
44267 12 0 56263
44268 12 0 56264
44269 12 0 56264
44270 12 0 56264
44271 12 0 56264
44272 12 0 56264
44273 12 0 56264
44274 12 0 56264
44275 12 0 56264
44276 12 0 31755
44277 12 0 56265
44278 12 0 56265
44279 12 0 56265
44280 12 0 56265
44281 12 0 56265
44282 12 0 56265
44283 4 0 44357
44284 12 0 56265
44285 12 0 56265
44286 12 0 56266
44287 12 0 56266
44288 12 0 56266
44289 12 0 56266
44290 12 0 56266
44291 12 0 56266
44292 12 0 56266
44293 12 0 56266
44294 12 0 31755
44295 4 3 56267
44296 4 4 56269
44297 4 2 56399
44298 15 0 56283
44299 15 0 1442
44300 15 0 56288
44301 12 0 56864
44302 4 1 56293
44303 4 2 56295
44304 12 0 56867
44305 4 3 56296
44306 4 4 56297
44307 12 0 48394
44308 4 0 53042
44309 4 1 56301
44310 2 15 56302
44311 2 7 56304
44312 4 4 56305
44313 4 6 42409
44314 0 4 56319
44315 0 4 56320
44316 7 11 44704
44317 7 11 44704
44318 7 11 44704
44319 12 0 56361
44320 12 0 56363
44321 12 0 56364
44322 7 11 56385
44323 7 11 56385
44324 7 11 56385
44325 0 2 17904
44326 12 0 31755
44327 0 2 57010
44328 0 2 57005
44329 0 2 57012
44330 0 2 57013
44331 0 2 57014
44332 0 2 57021
44333 4 2 56398
44334 4 0 41951
44335 4 0 51243
44336 4 0 56339
44337 4 0 56664
44338 4 1 51044
44339 4 2 53245
44340 4 3 51357
44341 4 4 51899
44342 4 2 56054
44343 4 1 56056
44344 4 3 51324
44345 4 4 51902
44346 4 1 56870
44347 4 2 56871
44348 4 3 56869
44349 4 4 56872
44350 4 1 56011
44351 4 2 51857
44352 4 4 51927
44353 4 3 51883
44354 4 3 51310
44355 4 1 56784
44356 4 2 56785
44357 4 4 56787
44358 4 1 52441
44359 4 2 49903
44360 4 3 51195
44361 4 4 51131
44362 4 4 56759
44363 4 3 51884
44364 4 2 56758
44365 4 1 51145
44366 4 1 52387
44367 4 2 56774
44368 4 3 52485
44369 4 4 50752
44370 4 1 49464
44371 4 2 51857
44372 4 3 51883
44373 4 4 51577
44374 4 0 9857
44375 4 0 34204
44376 4 0 9657
44377 4 0 9852
44378 4 1 56011
44379 4 2 51857
44380 4 3 51883
44381 4 4 49876
44382 4 1 51370
44383 4 4 56777
44384 4 3 51310
44385 4 2 50025
44386 4 0 56764
44387 4 0 56766
44388 4 0 56765
44389 4 0 51280
44390 4 0 9860
44391 4 0 32008
44392 4 0 43701
44393 2 18 50166
44394 2 19 55296
44395 2 19 55296
44396 4 1 51145
44397 4 2 49251
44398 4 3 51884
44399 4 4 52406
44400 4 0 31603
44401 4 0 34034
44402 4 0 15420
44403 4 0 9859
44404 4 1 56788
44405 4 2 52514
44406 4 3 52412
44407 4 4 56789
44408 4 1 52530
44409 4 2 56791
44410 4 3 56792
44411 4 4 52302
44412 4 4 52302
44413 15 5 53078
44414 12 0 47149
44415 2 10 56238
44416 2 10 56238
44417 2 10 56252
44418 2 10 56252
44419 2 10 56409
44420 2 10 56409
44421 2 10 56238
44422 2 10 56238
44423 2 10 60816
44424 2 10 60804
44425 2 10 47994
44426 2 10 47994
44427 4 3 52945
44428 4 3 55018
44429 4 1 27088
44430 15 0 55248
44431 4 1 27088
44432 16 6 56592
44433 12 0 56637
44434 12 0 56639
44435 0 0 56640
44436 4 3 56673
44437 4 3 55018
44438 4 3 56675
44439 2 7 56651
44440 4 2 56680
44441 4 2 56679
44442 4 2 56677
44443 4 3 56672
44444 4 3 55018
44445 4 3 56725
44446 1 8 20342
44447 11 3 56652
44448 11 2 56653
44449 0 6 811
44450 12 0 43101
44451 7 12 56467
44452 7 12 56657
44453 0 6 811
44454 2 16 30956
44455 0 6 811
44456 0 6 811
44457 0 6 811
44458 0 6 811
44459 12 0 7629
44460 12 0 7629
44461 12 0 7629
44462 12 0 56665
44463 0 6 811
44464 15 0 56667
44465 0 6 811
44466 0 6 811
44467 0 6 811
44468 15 0 7695
44469 0 6 811
44470 0 6 811
44471 9 8 56741
44472 9 8 56741
44473 9 8 56750
44474 12 0 9429
44475 7 11 11448
44476 12 0 58369
44477 12 0 4826
44478 12 0 58371
44479 12 0 58370
44480 12 0 56780
44481 0 0 34389
44482 0 0 56790
44483 9 8 56750
44484 9 8 56741
44485 9 8 56741
44486 9 8 56750
44487 9 8 56750
44488 9 8 56741
44489 9 8 56741
44490 9 8 56741
44491 9 8 56741
44492 9 8 56750
44493 0 6 811
44494 9 8 56750
44495 9 8 56750
44496 9 8 56750
44497 0 6 811
44498 9 8 56741
44499 7 1 36512
44500 7 1 18724
44501 7 1 56795
44502 9 3 1096
44503 9 3 1096
44504 2 3 57236
44505 2 15 56796
44506 0 8 8928
44507 0 8 11448
44508 9 6 37858
44509 9 1 6270
44510 9 1 6270
44511 9 1 6270
44512 9 1 6270
44513 9 1 6270
44514 9 1 6270
44515 9 1 6270
44516 9 1 6270
44517 9 1 6270
44518 9 1 6270
44519 9 1 6270
44520 9 1 6270
44521 9 1 6270
44522 9 1 6270
44523 9 1 6270
44524 9 1 6270
44525 9 1 6270
44526 9 1 6270
44527 9 1 6270
44528 9 1 6270
44529 12 0 8931
44530 9 1 6270
44531 9 1 6270
44532 9 1 6270
44533 9 1 6270
44534 9 1 6270
44535 9 1 6270
44536 9 1 6270
44537 9 1 6270
44538 9 1 6270
44539 9 1 6270
44540 9 1 6270
44541 9 1 6270
44542 9 1 6270
44543 9 1 6270
44544 9 1 6270
44545 9 1 6270
44546 9 1 1096
44547 9 1 1096
44548 9 1 1096
44549 9 1 1096
44550 9 1 1096
44551 9 1 1096
44552 9 1 1096
44553 9 1 1096
44554 15 5 58859
44555 15 5 39461
44556 15 5 39460
44557 15 5 42161
44558 15 5 59464
44559 9 1 6270
44560 9 1 6270
44561 9 1 6270
44562 9 1 6270
44563 9 1 6270
44564 9 6 15274
44565 9 6 15274
44566 9 6 15274
44567 9 6 15274
44568 9 6 15274
44569 12 0 31029
44570 0 5 18060
44571 0 5 18114
44572 0 5 18085
44573 0 5 21845
44574 0 5 40852
44575 0 5 18059
44576 0 0 39448
44577 12 0 31029
44578 15 0 9733
44579 4 0 23716
44580 15 0 53565
44581 13 0 31029
44582 13 0 31029
44583 4 2 56868
44584 9 1 1096
44585 9 1 1096
44586 9 1 1096
44587 9 1 1096
44588 9 1 1096
44589 9 1 1096
44590 4 3 56876
44591 4 3 56876
44592 4 3 56869
44593 4 1 56870
44594 4 2 56868
44595 4 2 56871
44596 4 4 56872
44597 4 0 23716
44598 7 2 25482
44599 0 0 56877
44600 9 0 1103
44601 0 0 56878
44602 9 0 3426
44603 2 6 56879
44604 2 10 46701
44605 15 1 56881
44606 0 0 58017
44607 0 5 6372
44608 0 5 40841
44609 0 5 6413
44610 0 0 6343
44611 2 14 54107
44612 0 0 6425
44613 0 0 40695
44614 15 1 7287
44615 15 1 28859
44616 0 5 47919
44617 0 5 18060
44618 0 5 18060
44619 0 5 18060
44620 0 5 18060
44621 0 0 18080
44622 0 0 47356
44623 0 0 18078
44624 0 0 47763
44625 0 0 18079
44626 0 0 8383
44627 0 0 56985
44628 0 0 47763
44629 0 0 8383
44630 0 0 47763
44631 12 0 6371
44632 0 0 8383
44633 4 0 56978
44634 4 0 56976
44635 2 3 56908
44636 2 4 56901
44637 2 18 56909
44638 2 7 56903
44639 2 8 56902
44640 2 1 40300
44641 2 13 56907
44642 2 0 39387
44643 2 2 56904
44644 2 16 26361
44645 2 5 56905
44646 0 7 11908
44647 4 0 57029
44648 4 0 57033
44649 4 4 56883
44650 12 0 13291
44651 12 0 13291
44652 2 15 39978
44653 12 0 37850
44654 2 6 56910
44655 2 10 56912
44656 12 0 56914
44657 4 0 31899
44658 4 0 39212
44659 4 0 31604
44660 4 0 9658
44661 4 0 6490
44662 4 0 23713
44663 15 0 56915
44664 4 0 39210
44665 4 0 9854
44666 4 2 55359
44667 4 1 56924
44668 4 1 56927
44669 4 3 56929
44670 4 4 56930
44671 4 3 56937
44672 4 2 56943
44673 4 1 56951
44674 4 1 56953
44675 4 3 56958
44676 4 2 56963
44677 4 4 56964
44678 4 0 56981
44679 4 0 56995
44680 15 4 56982
44681 4 0 3258
44682 4 0 45351
44683 4 0 34336
44684 16 8 58830
44685 4 3 51883
44686 4 2 56988
44687 4 1 51733
44688 4 0 39432
44689 15 5 39239
44690 15 5 59468
44691 4 4 51899
44692 4 0 57042
44693 4 0 50486
44694 4 0 57043
44695 4 4 51904
44696 4 2 56516
44697 4 3 57051
44698 0 0 57052
44699 15 0 57623
44700 7 11 7714
44701 12 0 40395
44702 12 0 40395
44703 2 15 57080
44704 12 0 16265
44705 2 7 57090
44706 2 10 57097
44707 15 5 56308
44708 2 5 31265
44709 9 0 1103
44710 12 0 57168
44711 12 0 35620
44712 4 0 39915
44713 12 0 23721
44714 9 0 3426
44715 2 3 57220
44716 0 0 21845
44717 0 0 37845
44718 0 0 37861
44719 4 0 57578
44720 4 0 26537
44721 15 2 57246
44722 0 5 57242
44723 15 2 59502
44724 12 0 36861
44725 12 0 36861
44726 2 4 57257
44727 2 7 57258
44728 0 1 57028
44729 12 0 38477
44730 4 1 44949
44731 4 0 6487
44732 4 2 57302
44733 2 4 57308
44734 2 4 57332
44735 2 0 57334
44736 2 7 52928
44737 4 0 57337
44738 15 2 57375
44739 7 3 57360
44740 4 2 45782
44741 4 3 45782
44742 4 4 45782
44743 4 1 15337
44744 15 0 45938
44745 2 7 57384
44746 2 15 49373
44747 2 4 57385
44748 2 10 50535
44749 0 5 50876
44750 0 5 57416
44751 0 0 32231
44752 15 0 57467
44753 15 0 57468
44754 15 0 57469
44755 15 0 37651
44756 15 0 8283
44757 15 0 57470
44758 15 0 57471
44759 15 0 57468
44760 15 0 18095
44761 15 0 57472
44762 15 0 57467
44763 15 0 7134
44764 15 0 18092
44765 15 0 37654
44766 15 0 28257
44767 15 0 53565
44768 15 0 18092
44769 15 0 37654
44770 15 0 23332
44771 15 0 35014
44772 15 0 18092
44773 15 0 57474
44774 15 0 30601
44775 15 0 33239
44776 15 0 57475
44777 15 0 57476
44778 15 0 8381
44779 15 0 29087
44780 15 0 57477
44781 15 0 19569
44782 15 0 57477
44783 15 0 41153
44784 12 0 57488
44785 4 0 58015
44786 4 0 58011
44787 4 0 58014
44788 4 0 58013
44789 12 0 21333
44790 12 0 7287
44791 0 5 57528
44792 0 0 928
44793 9 0 1103
44794 15 0 58059
44795 15 0 57529
44796 4 0 57511
44797 4 0 13117
44798 4 0 57566
44799 4 0 57510
44800 4 0 58603
44801 4 0 6560
44802 4 0 57617
44803 4 0 59492
44804 0 0 39888
44805 0 0 39888
44806 0 0 18173
44807 0 0 57517
44808 12 0 54629
44809 12 0 57519
44810 15 0 57548
44811 9 0 1103
44812 0 0 57549
44813 0 0 57551
44814 4 0 15966
44815 0 6 811
44816 0 0 47314
44817 0 0 56640
44818 0 0 58062
44819 15 2 59467
44820 15 2 32426
44821 2 5 57599
44822 15 2 19089
44823 15 2 57527
44824 15 2 15798
44825 15 2 59495
44826 15 2 19091
44827 15 2 17284
44828 15 2 20629
44829 15 2 41547
44832 0 0 57619
44833 15 0 57619
44834 7 8 4112
44835 7 11 19496
44836 0 5 59857
44837 0 5 59855
44838 0 5 59858
44839 0 5 59854
44840 0 5 59856
44841 15 2 57630
44842 15 5 41547
44843 15 5 41547
44844 0 0 6338
44845 2 5 33731
44846 2 5 33830
44847 2 5 33017
44848 2 5 35710
44849 0 0 57664
44851 9 5 2757
44852 7 11 11994
44853 7 11 37842
44854 0 5 50879
44855 0 5 6624
44856 7 8 7416
44857 15 5 41547
44858 9 5 9135
44859 9 5 9135
44860 9 5 9135
44861 9 5 9135
44862 9 5 9135
44865 4 0 52575
44866 0 0 8928
44867 0 0 8928
44869 4 0 55773
44870 4 0 34188
44871 12 0 55782
44872 12 0 55784
44873 12 0 55786
44874 12 0 40399
44875 12 0 40395
44876 12 0 40395
44877 12 0 55863
44878 12 0 55995
44879 12 0 55997
44880 12 0 55823
44881 12 0 55947
44882 12 0 55994
44883 12 0 55996
44884 12 0 55961
44885 15 5 44739
44890 12 0 14019
44891 4 2 55647
44892 4 2 55647
44893 4 2 55749
44894 4 4 55651
44895 4 4 55650
44896 4 3 56949
44897 4 3 56949
44898 4 3 55652
44899 4 1 55653
44900 4 1 55654
44901 4 4 55312
44902 4 4 55311
44903 4 3 57526
44904 4 3 58223
44905 4 3 58223
44906 4 2 57700
44907 4 2 57700
44908 4 2 57705
44909 4 1 57707
44910 4 1 57706
44912 4 0 39984
44914 4 0 57709
44915 2 14 34365
44916 9 2 15274
44917 9 2 15274
44918 9 3 15274
44919 9 3 15274
44920 16 8 58831
44921 12 0 18050
44922 16 11 58827
44923 16 7 58838
44924 2 1 57733
44926 2 8 52261
44928 16 11 58828
44930 4 2 57749
44931 4 2 57748
44932 9 1 1096
44933 9 1 1096
44934 4 0 52459
44935 4 0 52632
44936 0 6 57753
44937 9 4 6270
44938 9 4 6270
44939 0 3 37851
44940 0 5 47113
44941 0 5 40652
44943 0 0 2516
44944 9 8 56750
44945 9 8 56750
44946 0 6 6270
44947 0 6 811
44948 2 1 50965
44949 4 4 45782
44950 12 0 57760
44951 7 2 11449
44952 2 6 40367
44953 0 5 25466
44954 9 5 15274
44955 16 8 58830
44956 9 0 1317
44957 12 0 57782
44958 7 11 18080
44963 0 6 31387
44964 0 0 57819
44965 15 2 7573
44970 15 2 57877
44971 15 2 51143
44972 15 2 31202
44973 15 2 57886
44974 15 2 57887
44977 9 5 1102
44978 12 0 57897
44980 15 2 57899
44981 12 0 51447
44982 15 2 57915
44983 15 2 57916
44984 15 2 13489
44986 12 0 3664
44987 15 0 29691
44988 12 0 57922
44989 15 0 57923
44990 10 0 58368
44991 15 0 57925
44992 15 0 57926
44993 15 0 57927
44994 12 0 57928
44996 15 0 6337
44997 15 0 57930
44998 15 2 57931
45000 12 0 19496
45002 15 2 57942
45003 12 0 57950
45005 12 0 57952
45006 0 3 54994
45007 0 3 57030
45008 0 3 57028
45009 0 3 54995
45010 4 0 55265
45011 0 0 58557
45013 0 0 58558
45014 0 0 58554
45015 0 0 58555
45016 0 0 58559
45017 0 0 58556
45018 0 0 58553
45019 0 0 58552
45020 0 0 58551
45021 0 0 58550
45022 15 2 57931
45024 4 0 31498
45026 12 0 7061
45028 12 0 7061
45029 12 0 7061
45030 12 0 7061
45031 12 0 7061
45032 12 0 7061
45033 12 0 7061
45034 12 0 7061
45035 12 0 7061
45036 12 0 7061
45037 4 0 57994
45038 0 0 57996
45039 0 0 57996
45041 2 5 60428
45045 12 0 1312
45046 12 0 45984
45047 0 0 58224
45048 2 1 58002
45049 2 14 58498
45050 9 8 11431
45052 4 2 46626
45053 2 5 58012
45054 3 8 22652
45055 2 5 2775
45056 0 6 6270
45057 0 0 50458
45058 12 0 2757
45059 9 8 56750
45060 0 6 6270
45061 2 14 58186
45062 12 0 2757
45063 0 0 58057
45064 12 0 36540
45067 4 0 57617
45070 12 0 36540
45072 15 0 58062
45073 2 14 58372
45074 2 8 59509
45075 2 4 59077
45076 2 0 59078
45077 2 15 59583
45078 2 15 59080
45080 12 0 18075
45081 2 6 58123
45082 12 0 33941
45083 12 0 58154
45084 4 0 58153
45085 2 15 58166
45086 2 16 58948
45087 7 11 58413
45088 9 4 1096
45089 9 4 1096
45090 9 4 1096
45091 9 4 1096
45092 9 4 1096
45093 9 4 1096
45094 9 1 1096
45095 9 1 1096
45096 9 1 1096
45097 9 1 1096
45098 9 1 1096
45099 9 1 1096
45100 9 1 1096
45101 9 1 1096
45102 9 2 1096
45103 9 2 1096
45104 9 2 1096
45105 9 2 1096
45106 4 0 43837
45107 4 4 59701
45108 4 2 59741
45109 4 3 59631
45110 2 7 59382
45111 4 4 59713
45112 4 0 44841
45113 4 0 35367
45114 4 9 25246
45115 4 0 61864
45116 4 0 35358
45117 4 1 59730
45118 4 3 59280
45119 4 1 61867
45120 2 20 58167
45121 12 0 58169
45122 12 0 58170
45123 2 4 8568
45124 2 8 58171
45125 15 5 25132
45126 0 0 58179
45127 12 0 48534
45128 2 10 59623
45129 2 7 59079
45130 2 3 59581
45131 4 0 59068
45132 2 13 58897
45133 4 0 39211
45134 4 4 59702
45135 4 1 58980
45136 4 2 59136
45137 2 3 58902
45138 4 1 58998
45139 4 4 59708
45140 4 4 59210
45141 4 2 58763
45142 2 7 58939
45143 4 3 59273
45144 4 10 51913
45145 4 7 34960
45146 4 1 59027
45147 2 4 58909
45148 4 0 59249
45149 4 2 59100
45150 4 1 61871
45151 4 3 59153
45152 4 0 31603
45153 4 0 34318
45154 4 0 31604
45155 4 0 39211
45156 4 1 59042
45157 4 0 33808
45158 4 0 59320
45159 4 2 59066
45160 4 4 59064
45161 4 4 59700
45162 4 2 59738
45163 4 4 53629
45164 4 3 59660
45165 2 1 58876
45166 4 4 59707
45167 4 4 59207
45168 4 0 44841
45169 4 9 61970
45170 2 19 59390
45171 2 10 58920
45172 2 15 36741
45173 2 4 36741
45174 2 1 47771
45175 2 18 58378
45176 2 14 58187
45177 2 14 58188
45178 2 14 58189
45179 2 14 58190
45180 15 2 25593
45181 4 2 59043
45182 4 4 54517
45183 4 3 59067
45184 4 3 59044
45185 4 2 59112
45186 4 1 61862
45187 4 3 59284
45188 15 0 34863
45189 15 0 54648
45190 15 0 2618
45191 15 0 58192
45192 12 0 47701
45193 4 0 39209
45194 15 0 58198
45195 15 0 58199
45196 15 0 54648
45197 15 0 58200
45198 15 0 1442
45199 15 0 6615
45200 15 0 53169
45201 15 0 4718
45202 15 0 58201
45203 2 4 59082
45204 2 0 59510
45205 2 8 59595
45206 4 0 9860
45207 4 0 43701
45208 2 7 59511
45209 4 1 59073
45210 2 3 59582
45211 4 2 49378
45212 2 10 59626
45213 4 0 48508
45214 2 15 59585
45215 4 3 59074
45216 4 4 54517
45217 4 4 59075
45218 4 4 55986
45219 4 0 59069
45220 4 2 51519
45221 4 3 59076
45222 2 15 59594
45223 4 0 39210
45224 4 1 51374
45225 4 4 61879
45226 4 4 59191
45227 4 3 59252
45228 4 4 59710
45229 12 0 50216
45230 12 0 50216
45231 12 0 50216
45232 4 2 59743
45233 2 8 58947
45234 2 10 58931
45235 4 0 39125
45236 4 0 40051
45237 4 2 59128
45238 4 1 59733
45239 4 3 59272
45240 4 1 61875
45241 4 4 59695
45242 4 1 58997
45243 4 0 35437
45244 4 3 59248
45245 4 2 59744
45246 2 15 59369
45247 4 0 52632
45248 4 4 59697
45249 4 3 59248
45250 4 0 43407
45251 4 4 59715
45252 4 4 59205
45253 4 1 59015
45254 4 10 51913
45255 4 9 54871
45256 2 10 58927
45257 2 19 59389
45258 4 1 59735
45259 4 3 59271
45260 4 2 59094
45261 2 3 58899
45262 4 0 48510
45263 4 0 59318
45264 4 4 61876
45265 4 2 59744
45266 2 7 58937
45267 4 4 59714
45268 4 4 54711
45269 4 4 59213
45270 4 8 34954
45271 4 0 61877
45272 4 1 59508
45273 4 1 59006
45274 4 3 59257
45275 4 1 59728
45276 0 1 45156
45277 0 1 45437
45278 12 0 4722
45279 0 5 53864
45280 4 0 61552
45281 12 0 58208
45282 2 5 58912
45283 4 4 59302
45284 2 13 59378
45285 4 0 9860
45286 4 0 59324
45287 2 7 59383
45288 4 3 59766
45289 4 1 59721
45290 15 4 58209
45291 4 1 58987
45292 4 0 59311
45293 4 2 59759
45294 2 19 59392
45295 4 4 59217
45296 2 16 58949
45297 4 0 39124
45298 2 7 58941
45299 4 4 59158
45300 4 3 59778
45301 4 3 59773
45302 4 2 59590
45303 4 0 11990
45304 4 4 59232
45305 4 4 59748
45306 4 1 58979
45307 4 3 59770
45308 4 0 59524
45309 2 3 58901
45310 4 4 59306
45311 2 6 58916
45312 4 2 59096
45313 4 0 59313
45314 4 0 58973
45315 2 4 58736
45316 4 3 59763
45317 4 1 59029
45318 4 1 58995
45319 4 1 35430
45320 4 4 59704
45321 4 4 59753
45322 4 1 58985
45323 12 0 58625
45324 4 2 59101
45325 4 2 58761
45326 4 0 35313
45327 2 2 58878
45328 12 0 24131
45329 4 3 59633
45330 4 4 59150
45331 2 7 58940
45332 2 15 59376
45333 4 3 59764
45334 4 4 59716
45335 4 4 58229
45336 4 4 58231
45337 4 4 58230
45338 4 4 58330
45339 4 4 58233
45340 4 4 58229
45341 4 4 58247
45342 4 4 58231
45343 4 4 58329
45344 4 4 58249
45345 4 2 58239
45346 4 2 59573
45347 4 2 58335
45348 4 2 58337
45349 4 2 58243
45350 4 2 58242
45351 4 2 58239
45352 4 2 58243
45353 4 2 58335
45354 4 2 58337
45355 4 2 58250
45356 4 2 59574
45357 4 2 58334
45358 4 2 59055
45359 4 2 58243
45360 4 3 58338
45361 4 3 59656
45362 4 3 58256
45363 4 3 58257
45364 4 3 58253
45365 4 1 59670
45366 4 1 58258
45367 4 1 59431
45368 4 1 59517
45369 4 1 58262
45370 4 4 58265
45371 4 4 59612
45372 4 4 59611
45373 4 4 59617
45374 4 4 59618
45375 4 4 59610
45376 4 4 58270
45377 4 4 59611
45378 4 2 59757
45379 4 4 59614
45380 4 4 59616
45381 4 4 59610
45382 4 4 59611
45383 4 4 58275
45384 4 4 59613
45385 4 4 59615
45386 4 1 58284
45387 4 1 58331
45388 4 1 58332
45389 4 1 58333
45390 4 1 58283
45391 4 1 58284
45392 4 1 58331
45393 4 1 58283
45394 4 1 58332
45395 4 1 58333
45396 4 2 58287
45397 4 2 58288
45398 4 2 59648
45399 4 2 58290
45400 4 2 58291
45401 4 3 58293
45402 4 3 59647
45403 4 3 58339
45404 4 3 58296
45405 4 3 59485
45406 4 3 58293
45407 4 3 59061
45408 4 3 59647
45409 4 3 58339
45410 4 3 58296
45411 4 3 59485
45412 4 3 59646
45413 4 3 59488
45414 4 3 58298
45415 4 3 58301
45416 4 3 58639
45417 4 1 59396
45418 4 0 39124
45419 4 1 58302
45420 4 1 58327
45421 4 1 58328
45422 4 1 58307
45423 4 1 59723
45424 4 4 58308
45425 4 4 59677
45426 4 4 58309
45427 4 4 58311
45428 4 4 58312
45429 4 4 58308
45430 4 4 58313
45431 4 4 59677
45432 4 4 58314
45433 4 4 58315
45434 4 4 59204
45435 4 1 61871
45436 4 7 34961
45437 2 7 58943
45438 4 0 31905
45439 4 2 59184
45440 4 3 59139
45441 4 1 61873
45442 2 4 58908
45443 4 0 7271
45444 4 3 59632
45445 4 4 59197
45446 4 1 61881
45447 4 0 44703
45448 2 15 59373
45449 2 13 58895
45450 4 6 61884
45451 4 0 39123
45452 4 4 59201
45453 4 2 59746
45454 4 3 59236
45455 4 2 59755
45456 4 0 44841
45457 2 10 58930
45458 2 1 58874
45459 4 0 9852
45460 4 3 59159
45461 4 1 58996
45462 4 2 59121
45463 2 4 59365
45464 4 1 59672
45466 4 0 59237
45467 4 3 59148
45468 4 1 61887
45469 4 0 43095
45470 4 6 65031
45471 4 0 44086
45472 4 4 59706
45473 4 2 59737
45474 4 3 59270
45479 2 10 58925
45480 4 0 9858
45481 4 4 59699
45482 4 2 59127
45483 4 1 59727
45484 2 15 58881
45485 4 0 48507
45486 4 1 59002
45487 4 4 61889
45488 4 1 59732
45489 2 13 59387
45490 4 0 59319
45491 4 2 58747
45492 4 2 59132
45493 4 1 58977
45494 2 13 59379
45495 4 0 43407
45496 4 1 59035
45497 4 1 59988
45498 2 6 58915
45499 4 1 54686
45500 12 0 58345
45501 4 4 59696
45502 4 4 59711
45503 4 0 31616
45504 4 3 59185
45505 4 4 59194
45506 0 0 44303
45507 4 0 34132
45508 4 1 59726
45509 4 8 54700
45510 4 7 34960
45511 2 19 59391
45512 4 2 59123
45513 4 3 59166
45514 4 1 59015
45515 4 0 34336
45516 2 8 58946
45517 4 0 54999
45518 4 0 59269
45519 4 2 59129
45520 4 1 59009
45521 2 5 58910
45522 4 0 59322
45523 4 2 59739
45524 4 3 61885
45525 4 0 43095
45527 2 15 58888
45528 2 1 58347
45529 4 1 59028
45530 4 0 50376
45531 4 3 61886
45532 4 1 59989
45533 2 6 58913
45534 4 0 53042
45535 4 0 59317
45536 4 2 59740
45537 4 1 59037
45538 4 0 31604
45539 4 0 48512
45540 4 0 45948
45541 4 1 51736
45542 4 4 59219
45543 4 3 59274
45544 4 3 59258
45547 4 2 59742
45548 4 2 58641
45549 4 1 59731
45550 4 4 55389
45551 4 4 59224
45552 4 4 59209
45553 4 3 59145
45554 4 3 59157
45555 4 2 59111
45556 4 2 59084
45557 4 1 58978
45558 4 1 58990
45559 4 4 53671
45560 4 4 59667
45561 4 4 59212
45562 4 3 59168
45563 4 3 59652
45564 4 2 59117
45565 4 2 59093
45566 4 1 59433
45567 4 1 61873
45568 12 0 7061
45569 12 0 7061
45570 2 18 58880
45574 4 0 59981
45575 2 0 58377
45577 4 0 59977
45578 4 0 59976
45579 4 0 59974
45580 4 0 59975
45581 4 0 59978
45582 4 0 59979
45583 4 0 59983
45584 4 0 59982
45585 4 0 59980
45586 15 5 58398
45587 4 6 59295
45588 4 1 59001
45589 15 5 58399
45590 15 5 58400
45591 15 5 58401
45592 15 5 58402
45593 15 5 58403
45594 4 4 59712
45595 15 5 58404
45596 15 5 58406
45597 15 5 58407
45599 4 4 59703
45601 16 11 58828
45602 16 11 58828
45603 16 11 58828
45604 16 11 58828
45605 2 15 60171
45606 15 2 51720
45607 2 15 58884
45608 4 0 45362
45609 4 0 59321
45610 4 3 59658
45611 4 2 59745
45612 2 4 61654
45613 2 10 58921
45614 4 0 24646
45615 4 3 59649
45616 4 2 59135
45617 4 0 58971
45618 4 1 59034
45619 4 1 59032
45620 2 15 58885
45621 0 2 44797
45622 16 11 58828
45623 16 11 58828
45624 10 0 41435
45625 16 3 58829
45626 4 1 58419
45627 4 0 9852
45628 0 6 811
45629 4 1 58418
45630 2 0 58420
45631 4 0 18155
45632 15 0 41438
45633 15 0 41438
45634 15 0 41438
45635 15 0 41438
45636 15 0 41438
45637 15 0 41438
45638 15 0 41441
45639 15 0 41441
45640 15 0 41441
45641 15 0 41440
45642 15 0 41440
45643 15 0 41440
45644 15 0 41440
45645 15 0 41440
45646 15 0 41440
45647 15 0 41441
45648 15 0 41441
45649 15 0 41441
45650 15 0 41442
45651 15 0 41442
45652 15 0 41442
45653 15 0 41442
45654 15 0 41442
45655 15 0 41442
45656 15 0 19486
45657 15 0 19486
45658 15 0 19486
45659 15 0 19486
45660 15 0 19486
45661 15 0 19486
45663 4 4 59694
45664 4 0 58541
45665 4 1 59734
45666 4 0 58538
45667 4 0 58542
45668 4 0 58536
45669 4 0 58540
45670 4 0 58535
45671 4 0 58537
45672 4 0 58539
45673 4 0 58543
45674 4 0 58544
45675 4 0 53560
45676 4 4 59167
45677 4 2 59116
45679 4 3 59775
45680 4 4 59747
45682 4 6 59289
45685 2 15 59374
45686 4 2 59761
45687 4 3 59769
45688 4 0 52632
45689 4 0 52459
45690 4 0 52632
45691 4 0 52459
45692 2 8 58439
45693 15 5 58440
45694 4 1 59718
45695 2 10 58923
45696 4 0 31907
45697 4 4 59229
45698 4 4 59754
45699 4 0 48509
45700 2 7 58942
45701 4 3 59768
45702 4 0 52632
45703 4 0 59326
45704 4 1 54674
45705 0 0 34342
45706 12 0 58463
45707 4 6 59288
45708 4 4 59300
45709 4 2 59105
45711 4 3 59776
45712 4 4 59138
45713 2 19 58952
45714 12 0 58577
45715 12 0 58578
45716 12 0 58579
45717 12 0 58580
45718 12 0 58584
45719 12 0 58581
45720 12 0 58582
45721 12 0 58583
45722 12 0 58585
45723 12 0 58586
45724 15 0 58497
45725 15 5 47934
45726 2 4 58502
45727 2 7 58503
45728 2 14 40609
45729 2 14 58506
45730 2 14 58505
45731 16 3 58829
45732 16 3 58829
45733 16 3 58829
45734 16 3 58829
45735 16 3 58829
45736 16 8 58830
45737 16 8 58830
45738 16 8 58830
45739 16 8 58830
45740 16 8 58830
45741 16 2 58832
45742 16 2 58832
45743 16 2 58832
45744 16 2 58832
45745 16 2 58832
45746 16 2 58832
45747 16 2 58832
45748 2 14 58507
45749 2 14 50138
45750 2 14 58509
45751 2 14 58510
45752 2 14 58512
45753 16 5 58834
45754 2 14 58514
45755 16 5 58834
45756 16 5 58834
45757 16 5 58834
45758 16 5 58834
45759 2 14 58806
45760 16 5 58834
45761 16 4 58836
45762 16 4 58836
45763 2 14 58520
45764 16 4 58836
45765 2 14 59445
45766 16 4 58836
45767 16 4 58836
45768 16 4 58836
45769 16 4 58836
45770 16 7 58839
45771 16 7 58839
45772 16 7 58839
45773 1 2 20503
45774 9 2 811
45775 16 7 58839
45776 16 7 58839
45777 16 7 58839
45778 16 7 58839
45779 16 9 58841
45780 16 9 58841
45781 16 9 58841
45782 16 9 58841
45783 16 9 58841
45784 0 0 58548
45785 16 9 58841
45786 0 0 58546
45787 0 0 58547
45788 0 0 58545
45789 16 9 58841
45790 16 1 58842
45791 0 0 58549
45792 16 1 58842
45793 16 1 58842
45794 16 1 58842
45795 16 1 58842
45796 13 0 58526
45797 16 1 58842
45798 0 0 58526
45799 16 6 58825
45800 16 6 58825
45801 15 5 59690
45802 15 5 59690
45803 16 6 58825
45804 16 6 58825
45805 16 6 58825
45806 16 6 58825
45808 4 0 31800
45809 4 0 45948
45810 4 1 55663
45811 4 1 49738
45812 4 0 51280
45813 4 0 31603
45814 0 0 58545
45815 0 0 58546
45816 0 0 58547
45817 0 0 58523
45819 4 0 48508
45820 4 0 48512
45821 4 0 48507
45822 4 0 48510
45823 4 0 6543
45824 4 4 58746
45825 4 4 58770
45826 4 4 58756
45827 4 3 58743
45828 4 3 58773
45829 4 2 58747
45830 4 2 58745
45831 4 1 58769
45832 4 1 59722
45833 4 4 58748
45834 4 4 58750
45835 4 4 58749
45836 4 3 58760
45837 4 3 58758
45838 4 2 58761
45839 4 2 58762
45840 4 1 61878
45841 4 4 58767
45842 4 4 58774
45843 4 4 58766
45844 4 3 58764
45845 4 3 58765
45846 4 2 58763
45847 4 2 58772
45848 4 1 58768
45849 4 0 55956
45850 4 0 55265
45851 4 0 55265
45852 4 0 55265
45853 4 0 55265
45854 4 0 55265
45855 0 0 58549
45856 4 6 58575
45857 0 0 44303
45858 2 20 20619
45859 4 0 31616
45860 4 0 58587
45861 2 14 58588
45862 3 0 58601
45863 12 0 58589
45864 4 2 59758
45865 4 1 59020
45866 4 0 48007
45867 4 3 59765
45868 2 8 59364
45869 4 2 59091
45870 2 3 58900
45871 4 0 59327
45872 2 2 58739
45873 4 1 59040
45874 4 0 31616
45875 15 0 39463
45876 2 4 58736
45877 4 6 59287
45878 15 0 39463
45879 3 0 58601
45880 3 1 56636
45881 3 1 56636
45882 3 2 58714
45883 3 0 58601
45884 2 6 53115
45886 2 10 58919
45887 4 6 61838
45888 4 4 59170
45889 4 0 39505
45890 4 0 39505
45891 4 0 39505
45892 2 4 59367
45893 4 2 59092
45894 4 1 59012
45895 4 3 59772
45896 0 0 57996
45897 0 0 58602
45899 2 8 58617
45900 2 4 61972
45901 0 5 44291
45902 12 0 58620
45903 12 0 58621
45904 12 0 58622
45905 12 0 24704
45907 7 8 9134
45908 16 4 58836
45909 7 11 19284
45910 2 15 58520
45912 9 0 1103
45913 2 15 50138
45914 2 15 58518
45915 2 15 58507
45916 2 15 58514
45917 2 15 58509
45918 2 15 58505
45919 2 15 58498
45920 2 15 58512
45921 2 15 58506
45922 2 15 58510
45923 2 15 40609
45924 15 0 16065
45925 2 15 58521
45926 2 8 58676
45927 4 1 59719
45928 4 4 59751
45929 4 0 59325
45930 2 15 59371
45931 4 0 48009
45932 0 5 53565
45933 4 0 59307
45934 2 10 58928
45935 4 4 59676
45936 4 4 59752
45937 2 3 56176
45938 2 2 58934
45939 2 18 55932
45940 4 2 59119
45941 4 3 59774
45942 15 2 58737
45943 4 3 61842
45945 4 0 59308
45946 4 0 39127
45947 2 7 58938
45948 2 1 55925
45949 2 5 58962
45950 2 8 57463
45951 2 6 58963
45952 2 10 56259
45953 2 10 56252
45954 2 10 56252
45955 2 10 56252
45956 2 10 56252
45957 2 0 56204
45958 2 15 56226
45959 2 4 58958
45960 2 7 58966
45961 2 0 56204
45962 2 15 56226
45963 2 13 56256
45964 2 4 58958
45965 2 7 58966
45966 2 0 56204
45967 2 15 56226
45968 2 13 58951
45969 2 13 56257
45970 2 15 56220
45971 2 4 58960
45972 2 4 58906
45973 4 1 56737
45974 4 2 59760
45975 4 4 59749
45976 4 1 59033
45977 15 0 40714
45978 15 0 58679
45979 15 0 58680
45980 15 0 58681
45981 15 0 58682
45982 4 4 59163
45983 4 0 58701
45984 15 0 58710
45985 2 15 58713
45986 15 0 54724
45987 3 2 58714
45988 4 4 59218
45989 4 3 59779
45990 2 7 58735
45991 2 20 58715
45992 2 20 58716
45993 4 2 59279
45994 4 0 31664
45995 4 0 35359
45996 2 6 58914
45997 4 4 58235
45998 4 0 37617
45999 15 0 30634
46000 15 0 20977
46001 15 0 35842
46002 15 0 33297
46003 15 0 35844
46004 12 0 55318
46005 12 0 55318
46006 0 8 58725
46007 15 0 2591
46008 4 0 34034
46009 4 2 59756
46010 4 0 34336
46011 2 15 59375
46012 4 1 59725
46013 4 1 59031
46014 4 1 59026
46015 4 0 31899
46016 2 8 58945
46017 2 4 61655
46018 2 18 58879
46019 4 3 59777
46020 2 0 58733
46021 4 0 59316
46022 4 0 34274
46023 15 0 21431
46024 2 15 59372
46025 2 10 58917
46026 0 6 811
46027 9 8 56793
46028 4 4 59750
46029 0 0 41434
46030 4 1 59036
46031 2 0 58877
46032 4 1 58999
46033 2 10 58926
46034 4 1 59720
46035 2 4 61656
46036 2 7 58944
46037 4 4 59143
46038 4 0 59323
46039 4 4 59233
46040 4 0 48507
46041 4 4 59140
46042 4 1 59000
46043 4 2 59526
46044 4 3 59771
46045 4 1 59018
46046 4 0 44357
46047 4 0 48508
46048 4 0 44358
46049 4 2 59762
46050 4 1 59724
46051 4 0 59328
46052 12 0 58742
46053 12 0 58742
46054 9 9 1134
46055 9 9 1246
46057 4 4 58776
46058 4 4 58775
46059 4 3 58777
46060 4 3 58778
46061 4 3 58778
46062 4 2 58779
46063 4 2 59684
46064 4 2 59684
46065 4 1 52361
46066 4 1 58783
46067 2 5 58911
46068 4 1 59717
46069 2 14 58809
46070 2 14 58873
46071 4 4 60347
46072 4 4 60346
46073 4 3 60345
46074 4 3 60345
46075 4 3 60344
46076 4 2 58814
46077 4 2 58814
46078 4 2 58815
46079 4 1 58816
46080 4 1 58817
46081 4 0 58820
46082 4 0 58819
46083 4 0 58822
46084 4 0 58823
46085 4 0 58821
46086 4 0 58824
46087 4 0 58824
46088 4 0 58824
46089 2 15 58873
46090 2 15 58809
46092 4 6 58869
46093 4 6 58870
46095 4 2 59114
46096 4 0 28831
46097 2 4 58740
46098 0 6 811
46099 15 5 16208
46100 15 5 29448
46101 15 5 17786
46102 15 5 17494
46103 4 0 59429
46104 4 0 59430
46105 4 0 52955
46106 2 14 59115
46107 2 15 59115
46108 9 0 1103
46109 15 5 59435
46110 15 0 20503
46111 4 4 58246
46112 2 3 59329
46113 4 4 58748
46114 15 0 55297
46115 4 4 59332
46116 4 4 58969
46117 4 4 59334
46118 4 4 58246
46119 4 4 59335
46120 4 4 59332
46121 4 4 60033
46122 4 4 59336
46123 4 2 59057
46124 4 2 59340
46125 4 2 59341
46126 4 2 59342
46127 4 2 59344
46129 4 1 61892
46130 4 1 62580
46131 4 1 58258
46132 4 1 61878
46133 4 1 61894
46134 4 1 61895
46135 4 1 61912
46136 4 1 61913
46137 4 1 61917
46138 4 8 34954
46139 4 1 61918
46140 4 1 61919
46141 4 3 59058
46142 4 3 61840
46143 4 3 59659
46144 4 3 59404
46145 4 3 59407
46146 4 4 59047
46148 4 4 59417
46149 4 4 59419
46150 4 4 59420
46151 4 4 59675
46152 4 4 59608
46153 4 4 59606
46154 4 4 59602
46155 4 4 59427
46156 4 4 59603
46157 4 2 59436
46158 4 2 59437
46159 4 2 59438
46160 4 2 59439
46161 4 2 59441
46162 4 4 59047
46163 4 1 61891
46164 4 4 59446
46165 4 1 59447
46166 4 4 59675
46167 4 4 59448
46168 4 1 59451
46169 4 4 59449
46170 4 1 59450
46171 15 5 59504
46172 4 1 59480
46173 4 4 59602
46174 4 4 59458
46175 4 4 59603
46176 4 4 59605
46177 4 4 59607
46178 4 4 59602
46179 4 4 59458
46180 4 4 59603
46181 4 4 59604
46182 4 4 59609
46183 4 2 59477
46184 4 2 59572
46185 4 2 59479
46186 4 2 59438
46187 4 2 59436
46188 4 1 61891
46189 4 2 59477
46190 4 1 59447
46191 4 2 59572
46192 4 2 59479
46193 4 1 59451
46194 4 2 59438
46195 4 1 59450
46196 4 2 59436
46197 4 1 59480
46198 4 3 59486
46199 4 3 59481
46200 4 3 59483
46201 4 3 59644
46202 4 3 59484
46203 4 3 59487
46204 4 3 59489
46205 4 3 59486
46206 4 3 59486
46207 4 3 59481
46208 4 3 59491
46209 4 3 59644
46210 4 3 58339
46211 4 3 59489
46212 4 3 59643
46213 4 4 58264
46214 4 4 58264
46215 4 4 58269
46216 4 4 58270
46217 4 4 58265
46218 4 4 58274
46219 4 4 58275
46220 4 4 58269
46221 4 4 58269
46222 4 4 58277
46223 4 4 58277
46224 4 4 59454
46225 4 4 58278
46226 4 4 58272
46227 4 4 58268
46228 4 4 59051
46229 4 1 58280
46230 4 1 58280
46231 4 1 58284
46232 4 4 58229
46233 4 4 58229
46234 4 4 58231
46235 4 4 58247
46236 4 4 58230
46237 4 4 58231
46238 4 4 58330
46239 4 4 58329
46240 4 4 58233
46241 4 4 58249
46242 4 1 58302
46243 4 1 59396
46244 4 1 58327
46245 4 1 58328
46246 4 1 58307
46247 4 1 58331
46248 4 1 58331
46249 4 1 58258
46250 4 1 58259
46251 4 1 59431
46252 4 1 58262
46253 4 1 58261
46254 4 1 58332
46255 4 1 58283
46256 4 1 58332
46257 4 1 58333
46258 4 1 58333
46259 4 1 58283
46260 4 2 58250
46261 4 2 58239
46262 4 2 58251
46263 4 2 58242
46264 4 2 58335
46265 4 2 58334
46266 4 2 58243
46267 4 2 59055
46268 4 2 58337
46269 4 2 58243
46270 4 2 58243
46271 4 2 58335
46272 4 2 58337
46273 4 3 58338
46274 4 3 58255
46275 4 3 58256
46276 4 3 58257
46277 4 3 58253
46278 4 4 58308
46279 4 4 58308
46280 4 4 58313
46281 4 4 59677
46282 4 4 59677
46283 4 4 58309
46284 4 4 58311
46285 4 4 58314
46286 4 4 58312
46287 4 4 58315
46288 4 2 58287
46289 4 2 58288
46290 4 2 58322
46291 4 2 58290
46292 4 2 58291
46293 4 3 59488
46294 4 3 58299
46295 4 3 58293
46296 4 3 58298
46297 4 3 58293
46298 4 3 59485
46299 4 3 58294
46300 4 3 58294
46301 4 3 58339
46302 4 3 58339
46303 4 3 58301
46304 4 3 58296
46305 4 3 58296
46306 4 3 59485
46307 4 3 58639
46308 15 5 17786
46309 4 2 58239
46312 4 0 34132
46313 4 2 59573
46319 0 0 18102
46320 4 1 59001
46321 4 1 59034
46322 4 0 45362
46323 4 0 24646
46324 4 0 39121
46326 4 4 59528
46327 4 4 59529
46328 4 4 59530
46329 4 4 59531
46330 4 4 59532
46331 4 4 59533
46332 4 4 59534
46333 4 4 59535
46334 4 4 59537
46335 4 4 59539
46336 0 3 56991
46339 2 3 58899
46340 4 4 59306
46341 4 1 26233
46342 2 2 59552
46343 4 0 31907
46344 4 1 59031
46345 4 4 59747
46346 4 3 59650
46347 4 1 59553
46348 9 8 56793
46349 4 0 59630
46350 2 10 58928
46351 2 4 58908
46358 15 0 59577
46359 15 0 59578
46360 15 0 59579
46361 15 0 23717
46362 12 0 59587
46364 12 0 59588
46367 12 0 59598
46368 15 0 45923
46369 15 0 59600
46371 2 14 59619
46372 16 11 58828
46373 4 0 39162
46374 4 0 39162
46375 4 0 39162
46376 0 3 54995
46377 0 3 54994
46378 0 3 57030
46379 0 3 57028
46380 12 0 22193
46381 12 0 37681
46382 12 0 18053
46393 4 1 33257
46394 4 1 33258
46395 12 0 6682
46396 15 0 30959
46397 15 0 30959
46398 15 2 20629
46399 0 0 18102
46400 0 0 18102
46401 0 0 18102
46402 0 0 18102
46403 0 0 18102
46544 15 2 59827
46545 15 2 59828
46547 2 14 34365
46689 2 14 59838
46690 0 5 60079
46691 0 5 60078
46693 12 0 59853
46707 15 2 44587
46708 15 5 59504
46709 7 3 35133
46710 9 5 811
46711 0 0 7301
46712 4 0 59878
46717 0 0 59878
46718 0 0 59878
46723 4 0 59905
46725 0 0 60707
46733 2 14 59919
46735 4 0 59921
46736 2 8 59923
46737 2 8 59924
46738 2 10 59925
46740 15 0 29902
46743 15 5 58403
46744 15 5 58401
46745 15 5 58400
46746 15 5 58407
46747 15 5 58399
46748 15 5 58398
46749 15 5 58404
46750 15 5 58402
46751 15 5 58406
46752 15 5 25132
46755 15 5 58402
46756 15 5 58400
46757 15 5 58404
46758 15 5 25132
46759 15 5 58401
46760 15 5 58403
46761 15 5 58406
46762 15 5 58398
46763 15 5 58399
46764 15 5 58407
46765 0 0 55112
46766 0 0 55101
46767 15 2 51620
46775 12 0 59954
46778 15 5 18051
46779 0 0 60005
46780 0 0 60006
46783 0 0 59969
46784 0 5 3225
46793 0 5 50879
46796 0 5 3225
46797 0 5 6624
46799 7 8 4112
46800 4 0 59999
46802 15 2 18051
46803 9 5 9135
46804 9 5 9135
46805 9 5 9135
46806 9 5 9135
46807 9 5 9135
46809 9 0 1588
46810 9 0 1588
46812 15 0 58497
46813 15 5 47934
46814 15 5 44756
46815 15 5 25132
46816 15 5 58406
46817 4 0 61333
46818 4 0 61334
46820 15 2 60025
46821 15 2 60025
46824 4 0 60042
46830 15 0 60051
46831 15 2 55089
46837 2 6 60071
46839 4 0 31479
46840 4 0 31479
46841 2 15 7481
46842 4 0 44357
46843 0 0 60075
46844 4 0 39162
46845 0 8 8625
46846 0 8 8625
46847 0 0 7624
46849 7 12 35023
46852 0 8 8928
46854 6 2 60089
46859 12 0 60111
46860 4 0 60348
46861 4 0 60349
46862 4 2 58797
46863 4 2 58798
46864 4 2 58799
46865 4 2 58800
46866 4 2 58796
46870 12 0 36578
46873 4 0 54171
46874 4 0 60400
46875 12 0 1102
46876 12 0 1102
46877 12 0 1102
46878 12 0 1102
46879 12 0 1102
46880 12 0 1102
46881 12 0 1102
46882 12 0 1102
46883 12 0 1102
46884 12 0 1102
46885 12 0 3673
46886 12 0 60170
46887 0 5 60172
46888 7 11 60173
46889 12 0 60175
46890 15 2 25593
46891 15 2 60207
46892 15 2 25593
46893 12 0 60208
46894 15 2 1262
46895 13 0 34378
46897 9 10 6270
46898 9 10 6270
46899 9 10 6270
46900 9 10 6270
46901 9 10 6270
46902 9 10 6270
46903 9 10 6270
46904 9 10 6270
46905 9 10 6270
46906 9 10 6270
46907 9 10 6270
46908 9 10 6270
46909 9 10 6270
46910 9 10 6270
46911 9 10 6270
46912 9 10 6270
46913 9 10 6270
46914 9 10 6270
46915 9 10 6270
46916 9 10 6270
46917 9 10 6270
46918 9 10 6270
46919 9 10 6270
46920 9 10 6270
46921 9 10 6270
46922 9 10 6270
46923 9 10 6270
46924 9 10 6270
46925 9 10 6270
46926 9 10 6270
46927 9 10 6270
46928 9 10 6270
46929 9 10 6270
46930 9 10 6270
46931 9 10 6270
46932 9 10 6270
46933 9 10 6270
46934 9 10 6270
46935 9 10 6270
46936 9 10 6270
46937 9 10 6270
46938 9 10 6270
46939 9 10 6270
46940 9 10 6270
46941 9 10 6270
46942 9 10 6270
46943 9 10 6270
46944 9 10 6270
46945 9 10 6270
46946 9 10 6270
46947 9 10 6270
46948 9 10 6270
46949 9 10 6270
46950 9 10 6270
46951 9 10 6270
46952 9 10 6270
46953 9 10 6270
46954 12 0 53326
46955 12 0 30593
46956 9 10 6270
46957 2 7 60253
46958 2 15 60576
46959 4 0 53042
46960 4 3 61825
46961 4 4 62005
46962 4 4 61000
46963 4 6 61780
46964 4 6 61780
46965 4 3 61825
46966 4 0 53042
46967 4 4 62005
46968 4 4 61000
46969 2 15 60610
46970 4 1 61403
46971 4 1 61403
46972 4 1 61233
46973 4 1 61233
46974 4 2 61927
46975 4 2 61927
46976 4 1 61401
46977 4 1 61401
46978 4 9 34958
46979 2 15 60577
46980 2 15 60577
46981 2 13 31754
46982 2 13 60254
46983 2 10 60261
46984 2 10 60264
46985 4 4 61365
46986 4 4 61365
46987 2 4 60258
46988 4 2 61707
46989 4 2 61707
46990 4 3 61939
46991 4 3 61939
46992 4 1 61722
46993 4 1 61722
46994 2 18 60579
46995 2 18 60664
46996 2 0 60578
46997 4 4 61372
46998 2 3 60259
46999 4 4 61342
47000 4 2 61930
47001 2 0 60649
47002 4 4 61342
47003 4 4 61372
47004 4 2 61930
47005 2 15 60262
47006 12 0 60271
47007 9 10 6270
47008 9 10 6270
47009 12 0 60274
47010 9 10 6270
47011 9 10 6270
47012 9 10 6270
47013 2 6 60281
47014 2 2 60282
47015 9 10 6270
47016 9 10 6270
47017 9 10 6270
47018 9 10 6270
47019 9 10 6270
47020 9 10 6270
47021 9 10 6270
47022 9 10 6270
47023 9 10 6270
47024 2 0 55906
47025 2 18 58880
47026 4 4 58746
47027 4 4 59219
47028 4 2 59746
47029 12 0 7111
47030 0 0 39014
47031 2 6 60283
47032 2 0 60284
47033 12 0 60291
47034 2 1 60286
47035 12 0 35920
47036 12 0 60296
47037 12 0 39119
47041 4 0 59319
47042 4 1 26064
47043 4 0 39210
47048 12 0 58170
47051 4 1 61170
47052 4 4 62025
47053 4 0 61788
47054 4 0 39126
47055 4 2 61650
47056 4 3 62050
47057 4 4 62024
47059 4 0 59319
47060 4 0 39210
47061 4 4 62025
47062 4 1 61170
47063 4 1 26064
47064 4 0 61788
47065 4 0 39123
47066 4 2 61650
47067 4 4 62024
47068 4 3 62050
47069 2 1 60580
47070 4 0 39127
47071 4 2 61706
47072 4 4 61368
47073 4 3 62051
47074 4 3 62051
47075 4 0 39127
47076 4 4 61368
47077 4 2 61706
47078 2 1 60650
47079 4 6 61781
47080 4 0 61410
47081 4 1 61234
47082 4 4 61347
47083 4 3 61988
47084 4 1 61234
47085 4 6 61781
47086 4 4 61347
47087 4 3 61988
47088 4 0 61410
47089 4 1 61405
47090 4 3 61961
47092 4 1 61235
47093 4 4 62004
47094 4 2 61713
47095 4 1 61405
47096 4 2 61713
47097 4 1 61235
47098 4 4 62004
47099 4 3 61961
47100 15 5 17606
47101 15 5 17786
47102 4 1 60350
47103 4 1 60352
47104 2 15 60610
47105 4 0 39209
47106 4 3 61941
47107 4 2 61652
47108 4 4 62000
47109 4 3 61941
47110 4 0 39209
47111 4 4 62000
47112 4 2 61652
47113 2 15 60610
47114 2 10 60582
47115 4 0 61413
47116 4 0 48509
47117 2 15 23248
47118 2 1 23904
47119 4 3 15809
47120 2 4 34109
47121 4 4 62026
47122 2 2 30926
47123 2 10 45947
47124 4 0 24784
47125 4 3 30925
47126 4 1 61721
47127 4 4 29964
47128 4 2 25700
47129 4 1 61721
47130 2 10 60653
47131 4 0 61413
47132 4 4 62026
47133 4 0 48509
47134 4 2 28179
47135 4 0 6337
47136 4 1 29798
47137 2 7 25648
47138 4 0 61377
47139 4 0 39162
47140 4 2 61639
47141 4 1 61236
47142 4 4 61849
47143 4 1 61236
47144 4 0 39162
47145 4 2 61639
47146 4 0 61377
47147 4 4 61849
47148 2 0 60613
47149 4 0 39123
47150 4 4 62290
47151 4 2 61653
47152 4 3 61962
47153 4 3 61962
47154 4 4 62290
47155 4 2 61653
47156 2 0 60578
47157 4 0 39123
47158 4 3 59148
47159 4 4 59696
47160 4 2 59741
47161 2 0 55906
47162 4 0 35313
47170 4 2 60526
47171 4 4 60525
47172 4 4 55312
47173 4 1 60523
47174 4 2 60457
47175 4 3 60524
47176 4 4 60528
47177 4 2 60530
47178 4 3 60531
47179 15 5 60401
47180 15 5 60687
47181 4 1 60527
47182 4 0 59316
47183 4 1 33732
47184 4 3 62162
47185 4 1 60529
47186 4 2 61926
47187 4 1 61185
47188 4 0 59316
47189 4 1 61185
47190 4 2 61926
47191 4 3 62162
47192 4 1 33732
47193 2 4 61659
47194 4 1 61237
47195 4 4 61341
47196 12 0 60403
47197 4 4 60532
47199 4 4 60638
47200 4 0 39125
47201 4 4 60639
47202 4 2 55856
47203 4 1 61238
47204 4 3 59179
47205 4 1 61237
47206 2 4 61660
47207 4 4 61341
47208 4 1 61238
47209 4 3 59179
47210 4 2 60465
47211 4 3 60537
47212 4 4 60539
47213 4 0 48010
47214 4 0 61414
47215 4 0 59322
47216 4 0 61415
47217 4 2 60536
47218 4 1 60540
47219 4 0 39212
47220 4 4 60478
47221 4 2 60545
47222 4 0 49005
47223 4 0 50376
47224 4 0 50376
47225 4 1 15040
47226 4 1 60518
47227 4 4 60544
47228 4 3 60546
47229 4 4 60641
47230 4 1 60549
47231 4 3 60640
47232 4 1 31131
47233 2 6 60657
47234 4 4 62059
47235 4 1 61243
47236 4 1 61243
47237 4 0 39126
47238 4 1 15040
47239 2 6 60657
47240 4 4 62059
47241 10 0 62232
47242 15 4 60746
47243 4 0 39129
47244 4 3 60551
47245 4 3 60505
47246 12 0 6270
47247 12 0 6270
47248 4 2 60642
47249 4 2 60550
47250 4 3 60488
47251 4 3 61219
47252 4 0 53042
47253 4 4 62143
47254 4 4 61525
47255 2 15 60591
47256 4 1 61402
47257 4 1 61404
47258 4 1 59003
47259 4 2 61250
47260 4 6 61785
47261 2 15 60592
47262 4 2 61249
47263 4 4 61540
47264 4 1 62082
47265 4 3 61254
47266 2 0 60659
47267 2 18 60595
47268 4 4 62138
47269 4 4 61545
47270 4 2 61208
47271 4 0 59319
47272 4 0 39210
47273 4 4 62127
47274 4 1 62074
47275 4 1 43290
47276 4 0 61790
47277 4 2 61182
47278 4 0 50376
47279 4 4 62119
47280 4 3 61113
47281 4 3 61253
47282 4 0 39127
47283 4 4 62137
47284 4 2 61173
47285 2 1 60596
47286 4 1 61872
47287 4 6 62299
47288 4 4 61485
47289 4 3 62102
47290 4 0 61410
47291 4 1 61406
47292 4 2 61720
47293 4 1 62109
47294 4 4 61550
47295 4 3 61114
47296 4 3 61104
47297 4 0 39209
47298 4 4 61550
47299 4 2 61181
47300 2 15 60660
47301 4 1 61866
47302 2 10 60598
47303 4 0 61413
47304 4 4 62122
47305 4 0 48509
47306 4 1 61827
47307 4 0 39162
47308 4 2 62081
47309 4 0 61791
47310 4 4 61499
47311 4 3 61103
47312 4 4 62140
47313 4 2 61175
47314 2 0 60603
47315 4 0 39123
47316 4 0 59316
47317 4 1 62076
47318 4 2 61252
47319 4 3 62101
47320 4 1 26141
47321 4 1 62110
47322 2 4 60685
47323 4 4 62136
47324 4 1 61814
47325 4 3 62104
47326 4 1 62069
47327 4 0 39126
47328 4 1 15163
47329 2 6 60602
47330 4 4 62113
47331 4 4 58748
47332 2 6 58913
47333 4 1 59028
47334 4 0 39123
47335 4 1 59734
47336 4 3 59181
47337 4 1 59004
47338 4 4 59194
47339 2 4 59368
47340 4 1 59727
47341 4 1 58998
47342 4 3 59185
47343 4 2 59127
47344 4 1 59732
47345 4 0 59249
47346 4 0 35313
47347 2 0 55906
47348 4 2 59741
47349 4 4 59696
47350 4 3 59148
47351 4 4 59207
47352 4 0 59661
47353 4 2 59112
47354 4 0 59307
47355 4 1 59728
47356 4 0 48510
47357 4 4 59697
47358 4 0 59322
47359 2 10 58927
47360 4 1 59508
47361 2 15 59371
47362 4 2 59114
47363 4 4 59713
47364 4 0 39209
47365 4 3 59248
47366 4 3 59166
47367 4 4 59205
47368 4 1 59024
47369 4 2 59129
47370 4 1 58997
47371 4 0 59320
47372 4 3 59257
47373 4 4 59705
47374 4 6 61786
47375 4 1 59726
47376 2 1 58876
47377 4 2 59738
47378 4 4 58770
47379 4 0 33808
47380 4 3 59236
47381 4 3 59159
47382 4 4 59201
47383 4 0 39123
47384 4 2 59100
47385 4 0 61790
47386 4 1 35430
47387 4 1 59010
47388 4 4 59714
47389 4 0 9858
47390 4 0 59319
47391 4 2 59746
47392 4 4 59219
47393 4 4 58746
47394 2 18 58880
47395 10 0 34869
47396 2 0 55906
47397 4 3 59153
47398 4 1 59021
47399 4 4 59204
47400 4 2 59094
47401 2 15 58888
47402 4 6 59290
47403 4 2 58763
47404 4 1 59003
47405 4 1 51374
47406 4 1 59028
47407 2 15 59371
47408 4 4 59716
47409 4 4 59698
47410 4 0 53042
47411 4 3 61858
47412 4 3 61219
47413 4 0 53042
47414 4 4 62143
47415 4 4 61525
47416 2 15 60591
47417 4 1 61402
47418 4 1 61404
47419 4 1 59003
47420 4 2 61250
47421 4 6 61785
47422 2 15 60592
47423 4 2 61249
47424 4 4 61551
47425 4 1 62082
47426 4 3 61112
47427 2 0 60659
47428 2 18 60595
47429 4 4 62138
47430 4 4 61545
47431 4 2 61208
47432 4 0 59319
47433 4 0 39210
47434 4 4 62127
47435 4 1 62074
47436 4 1 43290
47437 4 0 61790
47438 4 2 61182
47439 4 0 50376
47440 4 4 62119
47441 4 3 61113
47442 4 3 61253
47443 4 0 39127
47444 4 4 62137
47445 4 2 61173
47446 2 1 60596
47447 4 1 61872
47448 4 6 62299
47449 4 4 61485
47450 4 3 62102
47451 4 0 61410
47452 4 1 61406
47453 4 2 61720
47454 4 1 62109
47455 4 4 61550
47456 4 3 61114
47457 4 3 61104
47458 4 0 39209
47459 4 4 61550
47460 4 2 61181
47461 2 15 60660
47462 4 1 61866
47463 2 10 60598
47464 4 0 61413
47465 4 4 62122
47466 4 0 48509
47467 4 1 61827
47468 4 0 39162
47469 4 2 62081
47470 4 0 61791
47471 4 4 61499
47472 4 3 61103
47473 4 4 62140
47474 4 2 61175
47475 2 0 60603
47476 4 0 39123
47477 4 0 59316
47478 4 1 62076
47479 4 2 61205
47480 4 3 62101
47481 4 1 26141
47482 4 1 62110
47483 2 4 61657
47484 4 4 62136
47485 4 1 59004
47486 4 3 62104
47487 4 1 62069
47488 4 0 39123
47489 4 0 39126
47490 4 1 15163
47491 2 6 60602
47492 4 4 62113
47493 2 1 60562
47494 4 0 39162
47495 4 4 60555
47496 4 2 60557
47497 4 4 60556
47498 4 2 60554
47499 0 3 57028
47500 2 7 60564
47501 4 1 61408
47502 4 4 60502
47503 4 4 60560
47504 4 2 60643
47505 2 6 60430
47506 2 7 60617
47507 9 6 15274
47508 2 4 60561
47509 2 4 61663
47510 4 4 60644
47511 4 4 63410
47512 4 0 33534
47513 2 7 60674
47514 4 4 60508
47515 2 8 60665
47516 2 8 60670
47517 2 7 60666
47518 2 7 60671
47519 2 5 60652
47520 2 5 60669
47521 2 3 60667
47522 2 6 40365
47523 2 3 60623
47524 2 10 60611
47525 2 10 60672
47526 2 4 61679
47527 4 1 60570
47528 2 4 60673
47529 4 2 60510
47541 0 0 60689
47542 4 1 59202
47543 4 1 59202
47544 4 1 59202
47545 4 1 61260
47546 4 1 61400
47547 4 1 61260
47548 4 1 61400
47549 4 1 61260
47550 4 1 61400
47551 4 1 61400
47552 4 1 61260
47553 4 1 61260
47554 4 1 61400
47555 4 1 59028
47556 7 11 60436
47557 15 0 41438
47558 15 0 41438
47559 15 0 41438
47560 4 1 60568
47561 4 3 60569
47562 4 0 39211
47563 4 3 60646
47564 4 1 60520
47565 4 4 60575
47566 4 0 40038
47567 4 4 60574
47568 2 3 60647
47569 2 15 60572
47570 4 4 61897
47571 4 4 62141
47572 4 4 62003
47573 4 4 62142
47574 4 4 62002
47575 4 4 61550
47576 4 3 62051
47577 4 3 61253
47578 4 0 35431
47579 4 3 62050
47580 4 3 61113
47581 4 2 61653
47582 4 2 61175
47583 4 2 61650
47584 4 2 61182
47585 4 1 61241
47586 4 1 61827
47587 4 1 61238
47588 4 1 61814
47589 4 4 62047
47590 4 4 61485
47591 4 4 61347
47592 4 4 62052
47593 4 4 61849
47594 4 4 61499
47595 4 3 61825
47596 4 3 61219
47597 4 3 59179
47598 4 3 62104
47599 4 2 61930
47600 4 2 61208
47601 4 2 61720
47602 4 2 61713
47603 4 1 61717
47604 4 1 61866
47605 4 1 61722
47606 4 1 62082
47607 4 0 34274
47608 4 2 61706
47609 4 4 62065
47610 4 3 62051
47611 4 4 62001
47612 2 19 60605
47613 4 2 61932
47614 4 4 62006
47615 4 4 62008
47616 4 3 61938
47617 4 1 61682
47618 4 0 39123
47619 4 0 59307
47620 4 1 61170
47621 4 3 61939
47622 9 4 1096
47623 9 4 1096
47624 9 4 1096
47625 9 4 1096
47626 9 4 1096
47627 9 4 1096
47628 9 1 1096
47629 9 1 1096
47630 9 1 1096
47631 9 1 1096
47632 9 1 1096
47633 9 1 1096
47634 9 1 1096
47635 9 1 1096
47636 9 2 1096
47637 9 2 1096
47638 9 2 1096
47639 9 2 1096
47640 9 4 1096
47641 9 4 1096
47642 9 4 1096
47643 9 4 1096
47644 9 4 1096
47645 9 4 1096
47646 9 1 1096
47647 9 1 1096
47648 9 1 1096
47649 9 1 1096
47650 9 1 1096
47651 9 1 1096
47652 9 1 1096
47653 9 1 1096
47654 9 2 1096
47655 9 2 1096
47656 9 2 1096
47657 9 2 1096
47658 2 19 60586
47659 2 16 60590
47660 2 16 60588
47661 4 7 34960
47662 4 7 34961
47663 4 1 61241
47664 4 7 34960
47665 4 9 25246
47666 4 9 54871
47667 4 9 62300
47668 4 8 54700
47669 4 2 61639
47670 4 8 34954
47671 4 8 34954
47672 4 10 51913
47673 4 10 51913
47674 4 4 62039
47675 4 4 62115
47676 2 15 60610
47677 4 4 62027
47678 4 4 62117
47679 4 0 48510
47680 4 4 61999
47681 4 4 62035
47682 4 4 62116
47683 4 3 61941
47684 4 3 62098
47685 4 3 61984
47686 4 3 61985
47687 4 3 62053
47688 4 2 61210
47689 4 2 62160
47690 4 2 62159
47691 4 2 61198
47692 4 1 62073
47693 4 1 61162
47694 4 1 61188
47695 4 1 62071
47696 4 4 61731
47697 4 4 62010
47698 4 4 62011
47699 4 4 62134
47700 4 0 39128
47701 4 4 62133
47702 4 4 62014
47703 4 0 39120
47704 4 3 61995
47705 4 3 62107
47706 4 3 61226
47707 4 3 61938
47708 4 2 61933
47709 4 2 61213
47710 4 2 61201
47711 4 4 61297
47712 4 2 61932
47713 4 1 61190
47714 4 1 62092
47715 4 1 61172
47716 4 1 62087
47717 4 4 62035
47718 4 3 61984
47719 4 2 61903
47720 4 4 62009
47721 4 1 61561
47724 2 15 60658
47725 4 0 61409
47726 4 0 45854
47727 4 0 7244
47728 4 0 48009
47729 4 0 44841
47730 4 0 33808
47731 4 0 35313
47732 4 0 43095
47733 4 0 39123
47734 4 0 59322
47735 4 0 59320
47736 2 15 60609
47737 2 8 60608
47738 4 4 61372
47739 4 2 61930
47740 2 3 60607
47741 2 18 60579
47742 4 0 60705
47743 2 10 60611
47744 4 3 62093
47745 4 1 61243
47746 4 2 62159
47747 4 0 59307
47748 4 1 61162
47749 4 1 61721
47750 4 1 61189
47751 4 1 61190
47752 4 1 61163
47753 4 1 61163
47754 4 1 61162
47755 4 1 61189
47756 4 1 61721
47757 4 1 61190
47758 4 1 61190
47759 4 1 61721
47760 4 1 61189
47761 4 1 61162
47762 4 1 61163
47763 4 1 62066
47764 4 1 62070
47765 4 1 62075
47766 4 1 62080
47767 4 1 62090
47768 4 1 62090
47769 4 1 62080
47770 4 1 62075
47771 4 1 62070
47772 4 1 62066
47773 4 1 62066
47774 4 1 62070
47775 4 1 62075
47776 4 1 62080
47777 4 1 62090
47778 4 1 61184
47779 4 1 61717
47780 4 1 61185
47781 4 1 61187
47782 4 1 61183
47783 4 1 61183
47784 4 1 61184
47785 4 1 61185
47786 4 1 61717
47787 4 1 61187
47788 4 1 61183
47789 4 1 61184
47790 4 1 61185
47791 4 1 61717
47792 4 1 61187
47793 4 1 62092
47794 4 1 62083
47795 4 1 62076
47796 4 1 62073
47797 4 1 62068
47798 4 1 62092
47799 4 1 62083
47800 4 1 62076
47801 4 1 62073
47802 4 1 62068
47803 4 1 62068
47804 4 1 62073
47805 4 1 62076
47806 4 1 62083
47807 4 1 62092
47808 2 0 60613
47809 2 4 61659
47810 2 7 60617
47811 4 4 62045
47812 4 6 61777
47813 4 3 61985
47814 2 7 61692
47815 2 10 60611
47816 2 4 60675
47828 7 3 60494
47829 4 3 61995
47830 4 4 62021
47832 4 2 61933
47834 2 6 60619
47835 4 6 61776
47836 4 4 62023
47837 4 1 61233
47838 4 1 61721
47840 15 5 59504
47842 7 3 40557
47844 2 15 60542
47846 2 7 60543
47849 4 0 34274
47850 4 3 61253
47851 4 4 61486
47852 4 4 61535
47853 4 2 62079
47854 4 0 35431
47855 4 1 61861
47856 2 19 61271
47857 4 2 61201
47858 4 4 62136
47859 4 4 62137
47860 4 3 61226
47861 4 1 61827
47862 4 0 39123
47863 4 2 61179
47864 4 0 59307
47865 4 1 62074
47866 4 3 61254
47867 4 3 61104
47868 4 0 39120
47869 4 4 61541
47870 4 4 62138
47871 2 15 60621
47872 4 0 48510
47873 4 1 62108
47874 2 15 60592
47875 4 3 62098
47876 4 4 62115
47877 4 4 62129
47878 4 2 61209
47879 4 0 45854
47880 4 0 48009
47881 4 0 61409
47882 4 0 7244
47883 2 3 60623
47884 2 8 60682
47885 4 4 61551
47886 2 15 60625
47887 4 2 61208
47888 4 0 39128
47889 4 1 61865
47890 4 0 59307
47891 4 2 61198
47892 2 10 60626
47893 4 3 62095
47894 2 4 61658
47895 4 6 62145
47896 4 4 61499
47897 4 3 62053
47898 2 0 60603
47899 2 7 60628
47900 2 10 60672
47901 4 3 62106
47902 4 4 62118
47903 2 7 60684
47904 4 2 61213
47905 2 4 60673
47906 4 1 62080
47907 2 18 60686
47908 4 4 62119
47909 4 1 61806
47910 4 6 61783
47911 2 6 60633
47913 4 0 60704
47914 4 1 61188
47915 4 0 34274
47916 4 3 62051
47917 4 4 62065
47918 4 4 62001
47919 4 2 61706
47920 4 0 35431
47921 4 1 61682
47922 2 19 60605
47923 4 2 61932
47924 4 4 62008
47925 4 4 62007
47926 4 3 61938
47927 4 1 61241
47928 4 0 39123
47929 4 2 61639
47930 4 0 59307
47931 4 1 61170
47932 4 3 61939
47933 4 3 61941
47934 4 0 39120
47935 4 4 61999
47936 4 1 61722
47937 4 4 61354
47938 2 15 60610
47939 4 0 48510
47940 4 1 61561
47941 2 15 60658
47942 4 3 61984
47943 4 4 62035
47944 4 4 62009
47945 4 2 61903
47946 4 0 45854
47947 4 0 48009
47948 4 0 61409
47949 4 0 7244
47950 2 3 60607
47951 2 8 60608
47952 4 4 61372
47953 2 15 60609
47954 4 2 61930
47955 4 0 39128
47956 4 1 61243
47957 4 0 59307
47958 4 0 60705
47959 4 2 62159
47960 2 10 60611
47961 4 3 62093
47962 2 4 61659
47963 4 6 61777
47964 4 4 62045
47965 4 3 61985
47966 2 0 60613
47967 2 7 60617
47968 2 10 60611
47969 4 3 61995
47970 4 4 62021
47971 2 7 61692
47972 4 2 61933
47973 2 4 60675
47974 4 1 61721
47975 2 18 60579
47976 4 4 62023
47977 4 1 61233
47978 4 6 61776
47979 2 6 60619
47980 4 1 61170
47981 4 1 61172
47982 4 1 61168
47983 4 1 61168
47984 4 1 61188
47985 4 1 61170
47986 4 1 61722
47987 4 1 61172
47988 4 0 34274
47989 4 3 61253
47990 4 4 61486
47991 4 4 61535
47992 4 2 62079
47993 4 0 35431
47994 4 1 61861
47995 2 19 61271
47996 4 2 61201
47997 4 4 62136
47998 4 4 62137
47999 4 3 61226
48000 4 1 61827
48001 4 0 39123
48002 4 2 61179
48003 4 0 59307
48004 4 1 62074
48005 4 3 61254
48006 4 3 61104
48007 4 0 39120
48008 4 4 61541
48009 4 4 62138
48010 2 15 60621
48011 4 0 48510
48012 4 1 62108
48013 2 15 60592
48014 4 3 62098
48015 4 4 62115
48016 4 4 62129
48017 4 2 61209
48018 4 0 45854
48019 4 0 48009
48020 4 0 61409
48021 4 0 7244
48022 2 3 60623
48023 2 8 60682
48024 4 4 61551
48025 2 15 60625
48026 4 2 61208
48027 4 0 39128
48028 4 1 61865
48029 4 1 61172
48030 4 0 59307
48031 4 1 61722
48032 4 0 60704
48033 4 1 61170
48034 4 2 61198
48035 4 1 61188
48036 2 10 60626
48037 4 1 61168
48038 4 3 62095
48039 2 4 61658
48040 4 6 62145
48041 4 4 61499
48042 4 3 62053
48043 2 0 60603
48044 2 7 60628
48045 2 10 60672
48046 4 3 62106
48047 4 4 62118
48048 2 7 60684
48049 4 2 61213
48050 2 4 60673
48051 4 1 62080
48052 2 18 60686
48053 4 4 62119
48054 4 1 61806
48055 4 6 61783
48056 2 6 60663
48057 4 1 62067
48058 4 1 62071
48059 4 1 62074
48060 4 1 62082
48061 4 1 62087
48062 4 1 62087
48063 4 1 62082
48064 4 1 62074
48065 4 1 62071
48066 4 1 62067
48067 4 1 62067
48068 4 1 62071
48069 4 1 62074
48070 4 1 62082
48071 4 1 62087
48072 4 1 61168
48073 4 1 61188
48074 4 1 61170
48075 4 1 61722
48076 4 1 61172
48077 4 1 61168
48078 4 1 61188
48079 4 1 61170
48080 4 1 61722
48081 4 1 61172
48082 4 1 61172
48083 4 1 61722
48084 4 1 61170
48085 4 1 61188
48086 4 1 61168
48087 4 1 62067
48088 4 1 62071
48089 4 1 62074
48090 4 1 62082
48091 4 1 62087
48092 4 1 62087
48093 4 1 62082
48094 4 1 62074
48095 4 1 62071
48096 4 1 62067
48097 4 1 62067
48098 4 1 62071
48099 4 1 62074
48100 4 1 62082
48101 4 1 62087
48102 4 2 62159
48112 15 2 30111
48114 15 2 30111
48116 15 2 60636
48118 15 2 60636
48120 15 2 60636
48122 15 2 60636
48124 15 2 30111
48126 15 2 30111
48129 4 2 61713
48130 4 2 61926
48131 4 2 61932
48132 4 2 61902
48133 4 2 61902
48134 4 2 62159
48135 4 2 61926
48136 4 2 61713
48137 4 2 61932
48138 4 2 61932
48139 4 2 61713
48140 4 2 61926
48141 4 2 62159
48142 4 2 61902
48143 4 2 61197
48144 4 2 61198
48145 4 2 61205
48146 4 2 61720
48147 4 2 61201
48148 4 2 61201
48149 4 2 61720
48150 4 2 61205
48151 4 2 61198
48152 4 2 61197
48153 4 2 61197
48154 4 2 61198
48155 4 2 61205
48156 4 2 61720
48157 4 2 61201
48158 4 2 62159
48159 4 2 61713
48160 4 2 61926
48161 4 2 61932
48162 4 2 61902
48163 4 2 61902
48164 4 2 62159
48165 4 2 61926
48166 4 2 61713
48167 4 2 61932
48168 4 2 61932
48169 4 2 61713
48170 4 2 61926
48171 4 2 62159
48172 4 2 61902
48173 4 2 61197
48174 4 2 61198
48175 4 2 61205
48176 4 2 61720
48177 4 2 61201
48178 4 2 61201
48179 4 2 61720
48180 4 2 61205
48181 4 2 61198
48182 4 2 61197
48183 4 2 61197
48184 4 2 61198
48185 4 2 61205
48186 4 2 61720
48187 4 2 61201
48188 4 2 61203
48189 4 2 61720
48190 4 2 61204
48191 4 2 61201
48192 4 2 61202
48193 4 2 61202
48194 4 2 61203
48195 4 2 61204
48196 4 2 61720
48197 4 2 61201
48198 4 2 61201
48199 4 2 61720
48200 4 2 61204
48201 4 2 61203
48202 4 2 61202
48203 4 2 61902
48204 4 2 62159
48205 4 2 61926
48206 4 2 61713
48207 4 2 61932
48208 4 2 61932
48209 4 2 61713
48210 4 2 61926
48211 4 2 62159
48212 4 2 61902
48213 4 2 61902
48214 4 2 62159
48215 4 2 61926
48216 4 2 61713
48217 4 2 61932
48218 4 2 62160
48219 4 2 61930
48220 4 2 61927
48221 4 2 61933
48222 4 2 61903
48223 4 2 61930
48224 4 2 61903
48225 4 2 62160
48226 4 2 61927
48227 4 2 61933
48228 4 2 61933
48229 4 2 61927
48230 4 2 62160
48231 4 2 61903
48232 4 2 61930
48233 4 2 61208
48234 4 2 61209
48235 4 2 61210
48236 4 2 61250
48237 4 2 61213
48238 4 2 61213
48239 4 2 61250
48240 4 2 61210
48241 4 2 61209
48242 4 2 61208
48243 4 2 61208
48244 4 2 61209
48245 4 2 61210
48246 4 2 61250
48247 4 2 61213
48250 4 3 61984
48251 4 3 61825
48252 4 3 62162
48253 4 3 61995
48254 4 3 62094
48255 4 3 61825
48256 4 3 62094
48257 4 3 61984
48258 4 3 62162
48259 4 3 61995
48260 4 3 61995
48261 4 3 62162
48262 4 3 61984
48263 4 3 62094
48264 4 3 61828
48265 4 3 61219
48266 4 3 62096
48267 4 3 62098
48268 4 3 62101
48269 4 3 62107
48270 4 3 62107
48271 4 3 62101
48272 4 3 62098
48273 4 3 62096
48274 4 3 61219
48275 4 3 61096
48276 4 3 62096
48277 4 3 62098
48278 4 3 62101
48279 4 3 62107
48280 4 3 61985
48281 4 3 59179
48282 4 3 61988
48283 4 3 61938
48284 4 3 62093
48285 4 3 59179
48286 4 3 62093
48287 4 3 61985
48288 4 3 61988
48289 4 3 61938
48290 4 3 61938
48291 4 3 61988
48292 4 3 61985
48293 4 3 62093
48294 4 3 59179
48295 4 3 62104
48296 4 3 62095
48297 4 3 62053
48298 4 3 62102
48299 4 3 61226
48300 4 3 62104
48301 4 3 62095
48302 4 3 62053
48303 4 3 62102
48304 4 3 61226
48305 4 3 62104
48306 4 3 62095
48307 4 3 62053
48308 4 3 62102
48309 4 3 61226
48310 4 3 59181
48311 4 3 59181
48312 4 3 62093
48313 4 3 61985
48314 4 3 61988
48315 4 3 61938
48316 4 3 59179
48317 4 3 62093
48318 4 3 61985
48319 4 3 61988
48320 4 3 61938
48321 4 3 61938
48322 4 3 61988
48323 4 3 61985
48324 4 3 62093
48325 4 3 59179
48326 4 3 62104
48327 4 3 62095
48328 4 3 62053
48329 4 3 62102
48330 4 3 61226
48331 4 3 61226
48332 4 3 62102
48333 4 3 62053
48334 4 3 62095
48335 4 3 62104
48336 4 3 62104
48337 4 3 62095
48338 4 3 62053
48339 4 3 62102
48340 4 3 61226
48341 4 3 59179
48342 4 3 62093
48343 4 3 61985
48344 4 3 61988
48345 4 3 61938
48346 4 3 59179
48347 4 3 62093
48348 4 3 61985
48349 4 3 61988
48350 4 3 61938
48351 4 3 61938
48352 4 3 61988
48353 4 3 61985
48354 4 3 62093
48355 4 3 59179
48356 4 3 62105
48357 4 3 62097
48358 4 3 62100
48359 4 3 62103
48360 4 3 61226
48361 4 3 61226
48362 4 3 62103
48363 4 3 62100
48364 4 3 62097
48365 4 3 62105
48366 4 3 62104
48367 4 3 62097
48368 4 3 62100
48369 4 3 62103
48370 4 3 61226
48371 4 4 62039
48372 4 4 62048
48373 4 4 62019
48374 4 4 62010
48375 4 4 62064
48376 4 4 62048
48377 4 4 62064
48378 4 4 62039
48379 4 4 62019
48380 4 4 62010
48381 4 4 62010
48382 4 4 62019
48383 4 4 62039
48384 4 4 62064
48385 4 4 62048
48386 4 4 61525
48387 4 4 62113
48388 4 4 62117
48389 4 4 62118
48390 4 4 62135
48391 4 4 61525
48392 4 4 62113
48393 4 4 62117
48394 4 4 62118
48395 4 4 62135
48396 4 4 61525
48397 4 4 62113
48398 4 4 62117
48399 4 4 62118
48400 4 4 62135
48402 2 1 60850
48404 2 5 60808
48406 2 8 60810
48408 2 15 60834
48410 2 10 60812
48412 2 10 60804
48414 2 10 60812
48416 0 0 59906
48418 12 0 60706
48420 2 2 60841
48422 2 18 60842
48424 2 3 60847
48426 2 0 60814
48428 2 15 60815
48429 4 4 62039
48430 4 4 62039
48432 2 13 60830
48433 4 4 62039
48435 2 4 60838
48436 4 4 62048
48438 2 7 60832
48440 2 0 60825
48442 2 15 60817
48444 2 13 60829
48445 4 4 62020
48446 4 4 62020
48447 4 4 62020
48448 4 4 62009
48449 4 4 62064
48450 4 4 62048
48451 4 4 62048
48452 4 4 62064
48453 4 4 62064
48454 4 4 62009
48455 4 4 62009
48456 4 4 61525
48457 4 4 62114
48458 4 4 62117
48459 4 4 62127
48460 4 4 62129
48461 4 4 61525
48462 4 4 62114
48463 4 4 62117
48464 4 4 62127
48465 4 4 62129
48466 4 4 61525
48467 4 4 62114
48468 4 4 62117
48469 4 4 62127
48470 4 4 62129
48472 4 4 62032
48474 4 4 61347
48476 4 4 61853
48478 4 4 62012
48480 4 4 62059
48481 4 4 61347
48482 4 4 62059
48483 4 4 62032
48484 4 4 61853
48485 4 4 62012
48486 4 4 62012
48487 4 4 61853
48488 4 4 62032
48489 4 4 62059
48490 4 4 61347
48491 4 4 61485
48492 4 4 61486
48493 4 4 62115
48494 4 4 62122
48495 4 4 62130
48496 4 4 62130
48497 4 4 62122
48498 4 4 62115
48499 4 4 61486
48500 4 4 61485
48501 4 4 61485
48502 4 4 61486
48503 4 4 62115
48504 4 4 62122
48505 4 4 62130
48507 2 0 60811
48509 2 15 60817
48511 2 4 60852
48513 2 7 60832
48515 2 13 60821
48517 2 6 60826
48519 2 4 60845
48521 2 10 60812
48523 2 10 60822
48527 15 2 33967
48529 4 4 62032
48531 4 4 61347
48533 4 4 61854
48535 4 4 62011
48537 4 4 62059
48538 4 4 61347
48539 4 4 62059
48540 4 4 62032
48541 4 4 61854
48542 4 4 62011
48543 4 4 62011
48544 4 4 61854
48545 4 4 62032
48546 4 4 62059
48547 4 4 61347
48548 4 4 61485
48549 4 4 61487
48550 4 4 62115
48551 4 4 62123
48552 4 4 62131
48553 4 4 62131
48554 4 4 62123
48555 4 4 62115
48556 4 4 61487
48557 4 4 61485
48558 4 4 61485
48559 4 4 61487
48560 4 4 62115
48561 4 4 62123
48562 4 4 62131
48564 4 4 62035
48566 4 4 61849
48568 4 4 61856
48572 4 4 62014
48574 4 4 62062
48575 4 4 61849
48576 4 4 62062
48577 4 4 62035
48578 4 4 61856
48579 4 4 62014
48580 4 4 62014
48581 4 4 61856
48582 4 4 62035
48583 4 4 62062
48584 4 4 61849
48585 4 4 62133
48586 4 4 62119
48587 4 4 62116
48588 4 4 62112
48589 4 4 61499
48590 4 4 62133
48591 4 4 62119
48592 4 4 62116
48593 4 4 62112
48594 4 4 61499
48595 4 4 62133
48596 4 4 62119
48597 4 4 62116
48598 4 4 62112
48599 4 4 61499
48601 0 0 1816
48602 4 4 61849
48603 4 4 62062
48604 4 4 62035
48605 4 4 61846
48606 4 4 62015
48607 4 4 61849
48608 4 4 62062
48609 4 4 62035
48610 4 4 61846
48611 4 4 62015
48612 4 4 62015
48613 4 4 61846
48614 4 4 62035
48615 4 4 62062
48616 4 4 61849
48617 4 4 61499
48618 4 4 62111
48619 4 4 62116
48620 4 4 62124
48621 4 4 62132
48622 4 4 62132
48623 4 4 62124
48624 4 4 62116
48625 4 4 62111
48626 4 4 61499
48627 4 4 62132
48628 4 4 62124
48629 4 4 62116
48630 4 4 62111
48631 4 4 61499
48632 4 4 61849
48633 4 4 62062
48634 4 4 62035
48635 4 4 61855
48636 4 4 62013
48637 4 4 62013
48638 4 4 61855
48639 4 4 62035
48640 4 4 62062
48641 4 4 61849
48642 4 4 61849
48643 4 4 62062
48644 4 4 62035
48645 4 4 61855
48646 4 4 62013
48647 4 4 62134
48648 4 4 62126
48649 4 4 62116
48650 4 4 62112
48651 4 4 61499
48652 4 4 61499
48653 4 4 62112
48654 4 4 62116
48655 4 4 62126
48656 4 4 62134
48657 4 4 61499
48658 4 4 62112
48659 4 4 62116
48660 4 4 62126
48661 4 4 62134
48663 2 4 60715
48666 4 1 61400
48667 4 1 61400
48668 4 1 61400
48669 4 1 61400
48670 4 1 61400
48671 4 1 61260
48672 4 1 61260
48673 4 1 61260
48674 4 1 61260
48675 4 1 61260
48677 4 3 28712
48679 12 0 60716
48681 12 0 60716
48683 4 3 31416
48685 4 4 29958
48687 4 2 25699
48689 4 2 28160
48691 4 1 29792
48693 2 4 61658
48695 2 1 60596
48697 2 2 62470
48699 2 4 60673
48701 2 7 61689
48703 2 13 61676
48705 2 10 61690
48708 2 7 60666
48709 2 4 61659
48710 2 10 61686
48711 2 2 61687
48712 2 13 61678
48713 2 1 61688
48714 2 4 60675
48716 2 4 28799
48718 2 5 31265
48720 16 11 58828
48722 4 0 59320
48724 4 0 59322
48725 4 1 61163
48726 4 1 62177
48727 4 1 61189
48728 4 1 61721
48729 4 1 61190
48730 4 1 62066
48731 4 1 62070
48732 4 1 62075
48733 4 1 62182
48734 4 1 62090
48735 4 1 62068
48736 4 1 62073
48737 4 1 62076
48738 4 1 62083
48739 4 1 62092
48740 4 1 61183
48741 4 1 62178
48742 4 1 61185
48743 4 1 61717
48744 4 1 61187
48745 4 1 62176
48746 4 1 61168
48747 4 1 61170
48748 4 1 61171
48749 4 1 61172
48750 4 1 62071
48751 4 1 62067
48752 4 1 62074
48753 4 1 62082
48754 4 1 62087
48755 4 1 62176
48756 4 1 61168
48757 4 1 61172
48758 4 1 61170
48759 4 1 61722
48760 4 1 62071
48761 4 1 62067
48762 4 1 62087
48763 4 1 62074
48764 4 1 62082
48769 4 2 61197
48770 4 2 61198
48771 4 2 62088
48772 4 2 61720
48773 4 2 61201
48774 4 2 61901
48775 4 2 62171
48776 4 2 61709
48777 4 2 61713
48778 4 2 61931
48781 4 2 61198
48782 4 2 61197
48783 4 2 61201
48784 4 2 62088
48785 4 2 61720
48786 4 2 62171
48787 4 2 61901
48788 4 2 61931
48789 4 2 61709
48790 4 2 61713
48794 4 2 61202
48795 4 2 61203
48796 4 2 62089
48797 4 2 61720
48798 4 2 61201
48799 4 2 61902
48800 4 2 62172
48801 4 2 61926
48802 4 2 61713
48803 4 2 61931
48804 4 2 61208
48805 4 2 61209
48806 4 2 61210
48807 4 2 61250
48808 4 2 61213
48809 4 2 61930
48810 4 2 61903
48811 4 2 62174
48812 4 2 61927
48813 4 2 62175
48814 4 3 62096
48815 4 3 62098
48816 4 3 62101
48817 4 3 62107
48818 4 3 61096
48819 4 3 62169
48820 4 3 61942
48821 4 3 62162
48822 4 3 61995
48823 4 3 61825
48824 4 3 62165
48825 4 3 61980
48826 4 3 62164
48827 4 3 61938
48828 4 3 59179
48829 4 3 62095
48830 4 3 62053
48831 4 3 62102
48832 4 3 61226
48833 4 3 62104
48836 4 3 62165
48837 4 3 59181
48838 4 3 61980
48839 4 3 62164
48840 4 3 61938
48841 4 3 62095
48842 4 3 62104
48843 4 3 62193
48844 4 3 62103
48845 4 3 61226
48846 4 3 59179
48847 4 3 61953
48848 4 3 62166
48849 4 3 61996
48850 4 3 61988
48851 4 3 62104
48852 4 3 62190
48853 4 3 62097
48854 4 3 62192
48855 4 3 62103
48860 4 4 61525
48861 4 4 62113
48862 4 4 62117
48863 4 4 62118
48864 4 4 62135
48865 4 4 59705
48866 4 4 58748
48867 4 4 62040
48868 4 4 62019
48869 4 4 62010
48870 4 4 61525
48871 4 4 62117
48872 4 4 62114
48873 4 4 62127
48874 4 4 62129
48875 4 4 62049
48876 4 4 62038
48877 4 4 59709
48878 4 4 62020
48879 4 4 62009
48880 4 4 61485
48881 4 4 61486
48882 4 4 62115
48883 4 4 62122
48884 4 4 62130
48885 4 4 61485
48886 4 4 61350
48887 4 4 62033
48888 4 4 61853
48889 4 4 62012
48890 4 4 61485
48891 4 4 62115
48892 4 4 61487
48893 4 4 62123
48894 4 4 62131
48895 4 4 59716
48896 4 4 62031
48897 4 4 61386
48898 4 4 61854
48899 4 4 62011
48900 4 4 61849
48901 4 4 62014
48902 4 4 62036
48903 4 4 61856
48904 4 4 61394
48905 4 4 61499
48906 4 4 62133
48907 4 4 62116
48908 4 4 62119
48909 4 4 62112
48910 4 4 61499
48911 4 4 62111
48912 4 4 62116
48913 4 4 62124
48914 4 4 62132
48915 4 4 61849
48916 4 4 58748
48917 4 4 62037
48918 4 4 61846
48919 4 4 62015
48922 4 4 61499
48923 4 4 62116
48924 4 4 62112
48925 4 4 62126
48926 4 4 62134
48927 4 4 61849
48928 4 4 62034
48929 4 4 59709
48930 4 4 61855
48931 4 4 62013
48933 4 0 60797
48945 4 0 19667
48947 2 0 60827
48949 2 1 60835
48954 4 0 52632
48955 4 0 52459
48956 4 0 52632
48957 4 0 52459
48974 4 2 48681
48975 4 2 48681
48976 4 2 48682
48977 4 4 48662
48978 4 4 48664
48979 4 1 48687
48980 4 3 48673
48981 4 3 48673
48982 4 3 48673
48983 4 3 60195
48984 4 2 60860
48985 4 4 60200
48986 4 1 60184
48987 4 2 60860
48988 4 2 60877
48989 4 3 60886
48990 4 3 60891
48991 4 1 60893
48992 4 4 60898
48993 4 4 58794
48994 4 3 60891
48995 4 1 60159
48996 4 4 60898
48997 4 1 60916
48998 4 2 60860
48999 4 0 39129
49000 4 0 39129
49016 2 14 23917
49018 2 4 60973
49020 2 4 60978
49022 2 2 60979
49024 2 4 60980
49040 7 3 61018
49044 15 5 25132
49046 15 5 16208
49050 9 3 6270
49052 4 0 61012
49054 4 0 61013
49070 2 13 61020
49072 2 13 61021
49074 4 0 29947
49076 4 0 43431
49078 4 0 18047
49080 4 0 53485
49084 16 1 58843
49086 4 0 58700
49096 15 5 60687
49098 15 5 61039
49106 2 8 61058
49110 3 8 54314
49112 9 10 6270
49116 4 0 49636
49118 4 0 49650
49120 2 15 23262
49121 4 0 47325
49122 4 4 51920
49123 4 0 47325
49124 4 0 47325
49126 4 4 51920
49128 2 7 31419
49148 2 1 61095
49152 2 15 61115
49154 2 15 61117
49156 2 1 61133
49158 2 2 61136
49160 4 0 61143
49177 9 0 61330
49179 4 1 61481
49181 4 1 61480
49183 4 1 61482
49185 2 19 60836
49187 4 0 39505
49189 2 15 60848
49191 2 15 60834
49192 15 0 7695
49193 15 0 7695
49198 2 1 61565
49205 15 0 1301
49206 2 4 40660
49209 15 0 37657
49223 0 0 57288
49224 0 0 61964
49225 0 0 8623
49227 2 15 61992
49231 4 1 61235
49232 4 1 62109
49233 4 1 62109
49234 4 1 61235
49235 4 3 61961
49236 4 3 61114
49237 4 3 61114
49238 4 3 61961
49278 4 0 62218
49282 15 5 40160
49283 15 5 59462
49284 15 5 59462
49285 15 5 48951
49286 15 5 48948
49287 15 2 62280
49288 0 0 2618
49289 0 0 62237
49290 15 5 18051
49291 2 1 64907
49292 2 8 62259
49293 2 5 62244
49294 15 0 1282
49295 1 0 30271
49296 2 7 62984
49297 2 0 62983
49298 2 7 62970
49299 2 8 62985
49301 2 6 62977
49302 2 6 62977
49303 2 7 52784
49304 2 15 62971
49305 2 3 63201
49306 4 0 16132
49307 4 1 29719
49308 4 0 29717
49309 4 0 9823
49310 4 0 26374
49311 2 10 62257
49312 4 0 30764
49313 4 0 26391
49314 4 0 9860
49315 4 1 62986
49316 4 1 62980
49317 4 1 62980
49318 4 1 62978
49319 4 3 62976
49320 4 4 62987
49321 4 4 62987
49322 4 2 62981
49323 4 4 62979
49324 4 4 62979
49325 4 4 62979
49326 4 2 64902
49327 4 2 64902
49328 4 2 64902
49329 4 3 62982
49330 4 3 62982
49331 4 3 62982
49332 4 4 62974
49333 4 4 62974
49334 7 6 20914
49335 12 0 62270
49340 2 7 62281
49341 2 7 62282
49342 2 7 62283
49343 15 2 63022
49344 2 7 62286
49345 2 7 62287
49346 2 7 62288
49349 0 0 62351
49351 12 0 38720
49352 12 0 37851
49353 2 6 62366
49357 2 4 62414
49358 2 4 62413
49362 15 2 51621
49363 2 6 62481
49372 0 0 8623
49373 0 0 61964
49374 0 0 57288
49377 12 0 62525
49426 10 0 64062
49437 2 15 62972
49463 4 0 26374
49464 4 0 26374
49465 2 15 62972
49466 4 4 62974
49467 4 4 62974
49468 4 3 62982
49469 4 3 62982
49470 4 3 62982
49471 4 2 64902
49472 4 2 64902
49473 4 2 64902
49474 4 4 62979
49475 4 4 62979
49476 4 4 62979
49477 4 2 62981
49478 4 4 62987
49479 4 4 62987
49480 4 3 34367
49481 4 1 62978
49482 4 1 62980
49483 4 1 62980
49484 4 1 62986
49485 4 0 9860
49486 4 0 26391
49487 4 0 30764
49488 4 0 26374
49489 4 0 9823
49490 4 0 29717
49491 4 1 29719
49492 4 0 16132
49493 2 3 63201
49494 2 15 62971
49495 2 7 52784
49496 2 6 62977
49497 2 6 62977
49498 2 8 62985
49499 2 7 62970
49500 2 0 62983
49501 2 7 62984
49536 12 0 62650
49623 2 1 65153
49631 0 0 13884
49632 0 4 62832
49633 0 8 41050
49634 0 8 41061
49635 12 0 55297
49636 15 5 62879
49637 2 7 62880
49638 4 6 62881
49640 7 12 62885
49641 12 0 34656
49643 12 0 28496
49644 12 0 28496
49645 2 1 62890
49646 15 2 62891
49648 12 0 39940
49653 2 10 62902
49654 2 6 62906
49655 12 0 13291
49658 12 0 62910
49659 15 2 62911
49660 15 2 62912
49661 12 0 16028
49662 15 2 62935
49663 15 2 62968
49664 15 2 54324
49665 15 2 62969
49666 2 8 57463
49667 12 0 60716
49668 12 0 62923
49669 12 0 62924
49670 12 0 34674
49675 4 0 62218
49676 12 0 62932
49677 12 0 62932
49678 12 0 15027
49680 12 0 21333
49681 2 1 62933
49682 2 15 59375
49684 2 8 62934
49686 4 0 62936
49687 2 7 62943
49689 2 0 62949
49690 2 0 63283
49691 2 0 62961
49692 0 0 62991
49693 15 2 31577
49698 12 0 1103
49702 12 0 63020
49703 15 0 34282
49704 15 0 47906
49706 2 8 63051
49708 2 8 63063
49709 2 10 63077
49713 2 15 60577
49714 2 15 60610
49715 4 0 63867
49716 2 10 58921
49717 2 4 61659
49718 12 0 63117
49719 2 7 60617
49720 4 6 61781
49721 2 7 60666
49722 4 0 61788
49723 12 0 63118
49724 2 10 60611
49725 2 4 60675
49726 4 6 54064
49727 2 7 60674
49728 4 6 62299
49729 2 7 60671
49730 4 0 61790
49731 2 4 61658
49732 4 6 59289
49733 2 8 60682
49734 2 15 60660
49735 2 15 60815
49736 2 10 60626
49737 2 4 60673
49738 4 6 61785
49739 12 0 63119
49740 12 0 63120
49741 12 0 63118
49750 12 0 63135
49761 2 2 61687
49762 2 3 60623
49763 2 7 56663
49764 2 15 60592
49766 12 0 63135
49767 2 8 63202
49768 0 4 56319
49773 2 1 63226
49774 2 0 63232
49775 2 4 63233
49777 4 6 63273
49778 2 8 2380
49783 2 4 64744
49784 4 4 64844
49785 4 2 64561
49786 4 2 65307
49787 4 3 64666
49788 4 1 64613
49789 2 15 64743
49790 2 10 64742
49791 4 4 64845
49792 4 1 64640
49793 2 10 64741
49794 4 4 64722
49795 4 4 64721
49796 4 1 64614
49797 4 4 64724
49798 4 3 64665
49799 4 0 54999
49800 4 0 33534
49801 2 10 64739
49802 2 5 64740
49803 4 0 31657
49804 4 3 64650
49805 4 1 64579
49806 4 2 64562
49807 2 15 64737
49808 4 4 64847
49809 4 1 64591
49810 4 3 64699
49811 4 3 64662
49812 4 0 31906
49813 2 3 52413
49814 2 7 63334
49816 4 4 64854
49817 4 2 64563
49818 4 0 9852
49819 4 4 64951
49820 4 3 64696
49821 4 6 64881
49822 4 1 64621
49823 4 1 17238
49824 4 3 64946
49825 4 1 64616
49826 4 3 64680
49827 2 7 64757
49828 4 1 64597
49829 4 4 64718
49830 4 2 64949
49831 4 3 64710
49832 4 1 64647
49833 2 7 64753
49834 4 1 64607
49835 4 6 64882
49836 4 3 64712
49837 4 3 64682
49838 4 2 64564
49839 2 8 64750
49840 2 0 64749
49841 4 2 64533
49842 4 1 64648
49843 4 4 64723
49844 2 2 64748
49845 2 4 65164
49846 2 15 64746
49847 4 3 64662
49848 4 2 64558
49849 4 1 64599
49851 4 4 64950
49852 2 19 64745
49853 4 4 64856
49854 4 1 64606
49855 4 4 64843
49856 0 0 55097
49857 0 0 55110
49858 0 0 63368
49859 0 0 55106
49860 0 0 63367
49861 0 0 55102
49862 2 2 63363
49863 0 5 34584
49864 2 8 63366
49865 12 0 63369
49867 12 0 11448
49868 12 0 63381
49869 12 0 63382
49870 12 0 63135
49871 12 0 64620
49872 12 0 60285
49873 2 16 62961
49879 12 0 63135
49886 2 1 63405
49888 2 1 63876
49889 12 0 63135
49890 4 1 64343
49891 4 1 64241
49892 4 1 43421
49893 4 1 65408
49894 4 2 64489
49895 4 2 64414
49896 4 3 65409
49897 4 3 65410
49898 4 2 64486
49899 4 2 64416
49900 4 3 65038
49901 4 3 64821
49902 4 4 64852
49903 4 4 64848
49904 4 4 64848
49905 4 4 64846
49906 4 4 64789
49907 4 4 64789
49908 7 11 63554
49909 15 0 40293
49911 15 2 63419
49912 15 2 7251
49913 12 0 64028
49914 2 2 63421
49915 12 0 8040
49916 4 0 63430
49917 15 0 41434
49918 15 0 3426
49919 2 5 64393
49920 12 0 63119
49922 15 0 1103
49923 15 0 8628
49924 15 0 16065
49925 15 0 1103
49926 15 0 63437
49927 15 0 34508
49931 2 7 63202
49933 4 6 63463
49935 2 15 63448
49936 0 0 34656
49937 0 0 34656
49938 0 0 34656
49939 0 0 34656
49940 0 0 34656
49941 0 0 34656
49942 0 0 34656
49943 0 0 34656
49949 4 0 64169
49950 4 2 64414
49951 4 4 64569
49952 4 3 67434
49953 9 2 1096
49954 9 2 1096
49955 9 2 1096
49956 9 2 1096
49957 9 1 1096
49958 9 1 1096
49959 9 1 1096
49960 4 4 64796
49961 9 1 1096
49962 9 1 1096
49963 9 1 1096
49964 4 4 64572
49965 9 1 1096
49966 9 1 1096
49967 4 0 64230
49968 2 15 64646
49969 9 4 1096
49970 9 4 1096
49971 9 4 1096
49972 9 4 1096
49973 9 4 1096
49974 9 4 1096
49975 4 0 64194
49976 4 6 65030
49977 4 0 64176
49978 4 1 64347
49979 4 2 64491
49980 4 4 64998
49981 2 18 64371
49982 2 15 64669
49983 4 4 64789
49984 2 8 63467
49985 4 0 64229
49986 4 4 64570
49987 4 2 64398
49988 4 3 64821
49989 4 0 64190
49990 4 0 33864
49991 4 1 64243
49992 2 10 64342
49993 4 3 65036
49994 4 1 64345
49995 4 4 64668
49996 4 2 64490
49997 2 4 64508
49998 4 1 64304
49999 4 0 64169
50000 4 3 64824
50001 4 2 64426
50002 4 4 64795
50003 4 4 64622
50004 4 0 34132
50005 4 0 64219
50006 4 1 64160
50007 4 0 59319
50008 4 0 64170
50009 4 2 64489
50010 4 4 64660
50011 4 1 65002
50012 2 0 64480
50013 4 0 59318
50014 4 1 64300
50015 4 3 65035
50016 2 15 64681
50019 4 1 64307
50020 4 4 64622
50021 4 2 64424
50022 4 3 64819
50023 4 0 64213
50024 4 4 64569
50025 4 0 64225
50026 4 2 64488
50027 4 4 64658
50028 2 4 64514
50029 4 0 59249
50030 4 3 65034
50032 4 1 64165
50033 2 19 64357
50034 2 2 65744
50035 2 13 64461
50036 4 4 64784
50037 4 4 64571
50038 4 3 64828
50039 2 8 63548
50040 2 10 64340
50041 4 2 64486
50042 4 2 64416
50043 2 1 63549
50045 16 8 58830
50046 2 7 64153
50047 2 7 64153
50048 2 8 64152
50049 2 8 64152
50050 2 4 41873
50051 2 4 64954
50052 2 5 64158
50055 2 15 6442
50056 4 1 64241
50057 2 15 37170
50058 4 2 59127
50059 4 3 65033
50060 4 4 64688
50061 4 0 64203
50062 4 1 64343
50063 4 1 64208
50064 4 3 65032
50065 4 6 65056
50066 4 0 59318
50067 4 2 64422
50068 2 7 64546
50069 4 2 64492
50070 2 8 64557
50071 4 3 64822
50072 4 4 64570
50073 4 2 64427
50074 4 1 54674
50075 4 4 64571
50076 0 0 12547
50077 16 9 58841
50078 4 4 64523
50079 4 4 64525
50080 4 4 64527
50081 4 4 64568
50082 4 4 64618
50083 4 4 63560
50084 4 4 63561
50085 4 4 63563
50087 4 2 63692
50088 4 2 63693
50089 4 2 63690
50090 4 2 63691
50091 0 0 12547
50092 0 0 12547
50093 0 0 12547
50094 4 4 64592
50095 4 4 64593
50096 4 4 64594
50097 4 4 64595
50098 4 4 64705
50099 4 4 63570
50100 4 4 63569
50101 4 4 63568
50102 4 2 63688
50103 4 2 63581
50104 4 2 63694
50105 4 2 63689
50106 4 2 64730
50107 4 2 64448
50108 4 2 64446
50109 4 2 64458
50110 4 2 63592
50111 4 2 63593
50112 4 2 63595
50113 4 2 64457
50114 4 3 64810
50115 4 3 65130
50116 4 3 64812
50117 4 3 64804
50118 4 3 64814
50119 4 3 63604
50120 4 3 63605
50121 4 3 63606
50123 4 3 63605
50124 4 3 63606
50125 16 11 58828
50129 2 5 63625
50130 12 0 7889
50131 12 0 58440
50132 4 0 35431
50133 4 0 35431
50151 15 2 34535
50160 15 0 18721
50161 15 0 15692
50163 0 0 7341
50164 0 0 64023
50166 9 0 36488
50167 9 0 36488
50168 9 0 36488
50169 2 16 64770
50170 4 0 64174
50171 4 2 64496
50172 4 1 64162
50173 4 0 64440
50174 4 0 64173
50175 4 4 64689
50176 4 1 64214
50177 4 3 65039
50178 2 6 64379
50179 2 4 64500
50180 4 0 64201
50181 2 10 64337
50182 4 0 64222
50183 2 15 64677
50184 2 13 64463
50185 4 0 64170
50186 4 0 64227
50187 4 4 64784
50188 4 3 64823
50190 4 4 64789
50191 2 0 64769
50192 4 4 64572
50193 4 1 64605
50194 4 4 64830
50195 4 0 64211
50196 4 0 64207
50197 4 3 64693
50198 4 0 64254
50199 4 4 64667
50201 4 3 59257
50202 4 3 65040
50203 2 15 64768
50204 2 19 64700
50205 4 1 28951
50206 4 2 65136
50207 4 4 64721
50208 4 4 64813
50209 4 3 64696
50210 2 7 64767
50211 4 0 43085
50212 4 2 64550
50213 4 1 64565
50214 4 3 64650
50215 4 4 64721
50216 4 6 63750
50217 2 7 63754
50221 2 1 63784
50224 2 10 63806
50225 2 10 63807
50226 15 0 63829
50227 2 15 64766
50228 4 0 34034
50229 4 4 64722
50230 4 4 64833
50231 15 0 19312
50233 4 3 64698
50234 4 4 64853
50235 4 0 67667
50240 4 1 64283
50241 4 1 64286
50242 4 1 64287
50243 4 1 64288
50244 4 1 64289
50245 4 1 63839
50246 4 1 63840
50247 4 1 63845
50248 2 7 63854
50249 2 7 63855
50250 15 5 63856
50251 2 0 63787
50252 2 7 63548
50254 12 0 63135
50255 4 0 31657
50256 2 0 63787
50257 2 7 63859
50259 4 0 64256
50260 4 0 64252
50262 2 18 64765
50263 4 1 64952
50264 4 2 64552
50265 4 3 64662
50266 4 1 64608
50267 2 1 64764
50268 2 7 64763
50269 4 2 64553
50270 4 3 64699
50271 4 0 9833
50272 4 4 64836
50273 2 10 64762
50274 15 0 63877
50275 4 1 64267
50276 4 1 64892
50277 4 1 64269
50278 4 1 64858
50279 4 1 64893
50280 4 1 63884
50281 4 1 63885
50282 4 1 63886
50283 4 3 64665
50284 4 4 64723
50285 4 4 64854
50286 4 1 64579
50287 4 0 63888
50289 12 0 38894
50290 2 0 64761
50291 2 19 64760
50292 4 1 64609
50293 4 2 64558
50294 4 4 64716
50295 4 3 64701
50296 2 6 64758
50297 4 3 64703
50298 4 1 65155
50299 4 1 64581
50300 4 2 64559
50301 15 0 35407
50302 2 7 64756
50303 2 4 64755
50304 4 3 64704
50305 4 4 64857
50306 4 0 26537
50307 0 0 50628
50308 4 2 64560
50309 4 0 64447
50310 4 0 64197
50311 4 4 64950
50312 4 2 64547
50313 4 0 44358
50314 4 1 64953
50315 2 13 41398
50316 1 0 39459
50317 1 0 39459
50318 4 2 64373
50319 2 15 64754
50320 12 0 34656
50321 4 4 63928
50322 4 4 63927
50323 4 4 63934
50324 4 4 64999
50325 4 4 64633
50326 4 4 64630
50327 4 4 64627
50328 4 4 64637
50329 15 0 63935
50330 15 0 63935
50331 15 0 63935
50332 15 0 63935
50333 4 2 64421
50335 12 0 55782
50336 12 0 55784
50337 12 0 55786
50338 12 0 40399
50339 4 0 64261
50340 4 0 43609
50341 4 0 64923
50342 4 0 61413
50343 4 0 61413
50344 4 0 64923
50345 4 0 43609
50346 4 0 64261
50347 4 0 61409
50348 4 0 64245
50349 4 0 64239
50350 4 0 61409
50351 4 0 64711
50352 4 0 64239
50353 4 0 64245
50354 4 0 64237
50355 4 0 48008
50356 4 0 64264
50357 4 0 64236
50358 4 0 64631
50359 4 0 64236
50360 4 0 64247
50361 4 0 64251
50362 4 0 64244
50363 4 0 64244
50364 4 0 64251
50365 4 0 64247
50366 4 0 64236
50367 12 0 55997
50368 12 0 55863
50369 12 0 55995
50370 12 0 40395
50372 12 0 40395
50373 12 0 40395
50375 4 0 63959
50376 4 0 63958
50377 4 0 63960
50378 4 0 63949
50379 12 0 63120
50380 12 0 63120
50384 4 0 63960
50386 4 0 63949
50387 4 0 63958
50388 4 0 63959
50389 4 1 64164
50390 4 1 64165
50391 4 1 64257
50392 4 1 64258
50393 4 1 64255
50394 4 1 64167
50395 4 1 64166
50396 4 1 64183
50397 4 0 63960
50398 4 0 63960
50399 4 0 63949
50400 4 0 63949
50401 4 0 63958
50402 4 0 63958
50403 4 0 63959
50404 4 0 63959
50406 9 8 56741
50411 2 0 64472
50412 2 7 64535
50413 4 3 64820
50414 4 0 64173
50415 2 1 64879
50416 4 4 64664
50417 4 2 64474
50418 4 1 64242
50419 4 6 63998
50421 4 0 64216
50422 7 2 7627
50423 4 0 64441
50424 4 0 31498
50425 2 6 64390
50426 2 15 64996
50427 2 7 64531
50428 2 4 64520
50429 2 10 64334
50431 2 4 64008
50432 12 0 8952
50433 2 0 64009
50434 2 1 61565
50435 15 5 59504
50442 2 8 64030
50444 2 3 64366
50446 15 2 8283
50447 4 0 64173
50449 4 1 64163
50450 4 3 65037
50451 4 4 64660
50452 4 0 64272
50453 4 0 64174
50454 4 8 58200
50455 4 7 54524
50456 4 8 39652
50457 4 8 64624
50458 4 9 64629
50459 4 10 64573
50460 4 7 64625
50461 4 7 64626
50462 4 10 64615
50463 4 9 64628
50464 4 9 46045
50466 4 1 64328
50467 4 1 33096
50468 4 1 59028
50469 4 1 58977
50470 4 1 64326
50471 0 0 64034
50472 2 19 64360
50474 2 16 64454
50475 2 5 63834
50476 4 0 33808
50477 4 3 59660
50478 4 4 61879
50479 4 2 59738
50480 2 15 58888
50481 4 0 35358
50482 4 0 50376
50483 4 4 59713
50484 4 4 59714
50485 4 1 59726
50486 4 0 44841
50487 4 2 59123
50488 4 6 61888
50489 4 4 59210
50490 4 0 33808
50491 4 3 59631
50492 4 4 59700
50493 2 15 58881
50494 4 0 52632
50495 4 4 59201
50496 4 4 59697
50497 4 4 59707
50498 4 3 59280
50499 4 0 48510
50500 4 1 58977
50501 4 1 59508
50502 4 2 59100
50503 2 19 59389
50504 4 4 59204
50505 4 0 54999
50506 4 0 61409
50507 4 0 61877
50508 4 0 50376
50509 4 0 61409
50510 2 2 58878
50511 4 4 59696
50512 4 4 59711
50513 2 15 60171
50514 4 0 52632
50515 4 1 61862
50516 4 0 50376
50517 4 3 59185
50518 4 2 59744
50519 4 0 9852
50520 2 10 58920
50521 4 2 59128
50522 4 4 54711
50523 4 1 59728
50524 4 3 59166
50525 4 1 51374
50526 2 0 58877
50527 4 3 59236
50528 4 2 59746
50529 4 0 43095
50530 4 0 40051
50531 4 4 61876
50532 4 4 59715
50533 4 1 59989
50534 4 0 61409
50535 4 1 61891
50536 4 0 34336
50537 4 2 59094
50538 4 0 61409
50539 4 4 59194
50540 4 1 59028
50541 4 0 61409
50542 4 2 59745
50543 4 3 59153
50544 2 7 59382
50545 4 3 59252
50546 4 4 59704
50547 4 2 58761
50548 2 15 60171
50549 4 1 58998
50550 4 0 31616
50551 4 2 59184
50552 4 4 59207
50553 4 4 59716
50554 4 0 48510
50555 4 0 61409
50556 2 19 59389
50557 2 4 58909
50558 4 1 56215
50559 4 3 59284
50560 4 3 59148
50561 4 3 61885
50562 4 4 59699
50563 4 4 59708
50564 2 13 59387
50565 4 0 43095
50566 4 1 59733
50567 2 10 58927
50568 4 2 59479
50569 4 2 58763
50570 4 3 59139
50571 4 1 59735
50572 4 0 35358
50573 4 4 59191
50574 4 1 61867
50575 4 3 59272
50576 2 7 58735
50577 4 2 59112
50578 4 0 61409
50579 4 2 58747
50580 2 4 58908
50581 2 1 58876
50582 2 13 59387
50583 4 3 59248
50584 4 4 59701
50585 4 2 59739
50586 4 0 44841
50587 4 2 59132
50588 4 4 59710
50589 4 1 61875
50590 4 1 59035
50591 4 0 61864
50592 4 0 50376
50593 4 4 59205
50594 4 1 59006
50595 4 3 59271
50596 4 0 40051
50597 2 10 58931
50598 4 0 61409
50599 2 6 58915
50600 4 0 9852
50601 4 6 57003
50603 2 5 63834
50604 4 0 64169
50605 4 3 65131
50606 4 4 64584
50607 4 2 64437
50608 2 15 64649
50609 4 0 64194
50610 4 0 64230
50611 4 4 64799
50612 4 4 64588
50613 4 1 64349
50614 4 0 64176
50615 4 2 64510
50616 4 6 65029
50617 4 4 65000
50618 4 0 64227
50619 4 3 64827
50620 4 4 64798
50621 2 15 64678
50622 4 0 64170
50623 4 4 64674
50624 4 4 64588
50625 4 4 64797
50626 4 3 65175
50627 4 0 64211
50628 4 1 28951
50629 4 1 64279
50630 4 2 64484
50631 2 19 64360
50632 4 4 64672
50633 4 0 64216
50634 4 0 61409
50635 4 0 64441
50636 4 0 31498
50637 4 0 61409
50638 2 2 64356
50639 4 4 64797
50640 4 4 64587
50641 2 15 64671
50642 4 0 64229
50643 4 1 64278
50644 4 0 33864
50645 4 3 64832
50646 4 2 64431
50647 4 0 64190
50648 2 10 64342
50649 4 2 64507
50650 4 4 64694
50651 4 1 64361
50652 4 3 65187
50653 4 1 64304
50654 2 0 64472
50655 4 3 64831
50656 4 2 64435
50657 4 0 64169
50658 4 0 64219
50659 4 4 64800
50660 4 4 64707
50661 4 1 64224
50662 4 0 61409
50663 4 1 64359
50664 4 0 64170
50665 4 2 64489
50666 4 0 61409
50667 4 4 64702
50668 4 1 64300
50669 4 0 61409
50670 4 2 64439
50671 4 3 65186
50672 2 7 64536
50673 4 3 64829
50674 4 4 64707
50675 4 2 64434
50676 2 15 64683
50677 4 1 64307
50678 4 0 64225
50679 4 2 64503
50680 4 4 64695
50681 4 4 64584
50682 4 0 64213
50683 4 0 61409
50684 2 19 64357
50685 2 4 64515
50686 4 1 64231
50687 4 3 65185
50688 4 3 64837
50689 4 3 64838
50690 4 4 64585
50691 4 4 64798
50692 2 13 64462
50693 4 0 64173
50694 4 1 64291
50695 2 10 64340
50696 4 2 64502
50697 4 2 64432
50698 4 3 65176
50699 4 1 64351
50700 4 0 64203
50701 4 4 64692
50702 4 1 64389
50703 4 3 65174
50704 2 7 64542
50705 4 2 64501
50706 4 0 64711
50707 4 2 64430
50708 2 4 64511
50709 2 1 64879
50710 2 13 64464
50711 4 3 64835
50712 4 4 64587
50713 4 2 64429
50714 4 0 64174
50715 4 2 64444
50716 4 4 64585
50717 4 1 64860
50718 4 1 54674
50719 4 0 64440
50720 4 0 64173
50721 4 4 64690
50722 4 1 64383
50723 4 3 65173
50724 4 0 64222
50725 2 10 64337
50726 4 0 64237
50727 2 6 64554
50728 4 0 64201
50729 4 6 65055
50730 2 8 64397
50731 2 10 64334
50732 2 7 64530
50733 2 18 64371
50734 2 4 64521
50735 2 6 64554
50736 2 15 64997
50737 2 0 64480
50738 2 4 64313
50741 4 1 64043
50747 4 1 61878
50748 4 1 61892
50749 4 1 61894
50750 4 1 62580
50751 4 1 61895
50752 2 4 64049
50753 2 4 64050
50754 2 5 55822
50755 2 5 64055
50756 2 5 64053
50757 2 5 53229
50758 2 5 64059
50759 2 0 64471
50760 2 4 64516
50761 2 8 64396
50762 4 3 64809
50763 4 0 64199
50764 4 1 61403
50765 4 1 64258
50766 4 1 64257
50767 4 1 64183
50768 4 1 64167
50769 4 1 64255
50771 2 7 64544
50772 4 4 64655
50773 4 1 64374
50774 4 3 65224
50775 4 4 64633
50776 2 2 64354
50777 4 3 64810
50778 4 2 63688
50779 4 4 64527
50780 4 2 64408
50781 4 0 64433
50782 4 1 64295
50783 4 2 64469
50784 4 3 65226
50785 4 1 64376
50786 4 4 64775
50787 2 0 64472
50788 4 4 64771
50789 4 3 64818
50790 4 0 64171
50791 4 1 64325
50792 4 3 64804
50793 2 15 64675
50794 4 6 64409
50795 4 2 64470
50796 4 4 64772
50797 4 3 65227
50798 2 1 64321
50799 4 2 64402
50800 4 3 64817
50801 4 4 64523
50802 4 4 64772
50803 4 0 64174
50804 4 1 64296
50805 2 10 64341
50806 4 2 64458
50807 4 1 64258
50808 4 4 64568
50809 4 0 64218
50810 2 4 64499
50811 4 4 64525
50812 4 3 64816
50814 2 6 63202
50815 2 7 64073
50816 0 6 811
50817 2 3 20726
50818 15 5 58122
50819 4 2 64457
50820 4 2 64458
50821 4 2 64446
50822 4 2 64448
50823 4 2 64730
50824 4 2 64457
50825 4 2 64458
50826 4 2 64446
50827 4 2 64448
50828 4 2 64456
50830 4 3 65228
50831 4 3 65230
50832 4 3 65227
50833 4 3 65232
50834 4 3 65233
50835 4 3 65228
50836 4 3 65230
50837 4 3 65227
50838 4 3 65232
50839 4 3 65233
50840 2 8 64086
50841 4 3 65228
50842 4 3 65230
50843 4 3 65227
50844 4 3 65232
50845 4 3 65233
50846 4 4 64618
50847 4 4 64568
50848 4 4 64527
50849 4 4 64525
50850 4 4 64523
50851 12 0 1262
50852 4 0 53560
50853 4 4 64705
50854 4 4 64595
50855 4 4 64594
50856 4 4 64593
50857 4 4 64592
50858 4 2 63691
50859 4 1 35430
50860 4 4 64999
50861 4 4 64633
50862 4 4 64630
50863 4 4 64627
50864 4 4 64637
50865 4 4 64999
50866 4 4 64633
50867 4 4 64630
50868 4 4 64627
50869 4 4 64637
50870 4 4 63571
50871 4 4 63572
50872 4 4 63573
50873 4 4 63574
50874 4 4 63575
50875 4 4 63575
50876 4 4 63574
50877 4 4 63573
50878 4 4 63572
50879 4 4 63571
50880 4 2 63596
50881 4 2 63590
50882 4 2 63589
50883 4 2 63588
50884 4 2 63587
50885 4 2 64085
50886 4 2 63588
50887 4 2 63589
50888 4 2 63590
50889 4 2 63596
50890 4 2 63587
50891 4 2 63588
50892 4 2 63589
50893 4 2 63590
50894 4 2 63596
50895 4 3 63602
50896 4 3 63603
50897 4 3 63600
50898 4 3 63599
50899 4 3 63597
50900 4 1 63883
50901 4 1 63882
50902 4 1 63881
50903 4 1 63880
50904 4 1 63879
50905 4 4 63929
50906 4 4 63930
50907 4 4 63931
50908 4 4 64061
50909 4 4 63933
50910 4 4 63929
50911 4 4 63930
50912 4 4 63931
50913 4 4 64061
50914 4 4 63933
50915 4 4 63929
50916 4 4 63930
50917 4 4 63931
50918 4 4 64061
50919 4 4 63933
50920 4 1 63975
50921 4 1 63976
50922 4 1 63978
50923 4 1 63973
50924 4 1 63974
50925 4 1 63974
50926 4 1 64087
50927 4 1 63978
50928 4 1 63976
50929 4 1 63975
50930 4 2 63693
50931 4 2 63692
50932 4 2 63691
50933 4 2 63690
50934 4 2 63689
50935 4 3 57057
50936 4 3 57060
50937 4 3 57058
50938 4 3 57065
50939 4 3 57063
50940 4 3 57057
50941 4 3 57060
50942 4 3 57058
50943 4 3 57065
50944 4 3 57063
50945 4 3 57057
50946 4 3 57060
50947 4 3 57058
50948 4 3 57065
50949 4 3 57063
50950 4 1 63846
50951 4 1 63844
50952 4 1 63984
50953 4 1 63842
50954 4 1 63841
50955 4 4 63566
50956 4 4 63565
50957 4 4 63830
50958 4 4 63562
50959 4 4 63559
50960 4 4 63559
50961 4 4 63562
50962 4 4 63830
50963 4 4 63565
50964 4 4 63566
50965 4 4 64569
50966 2 10 64330
50967 4 4 64627
50968 4 4 64569
50969 4 4 64658
50970 4 3 64828
50971 4 3 65039
50972 4 2 64426
50973 4 2 64490
50974 4 1 64350
50975 4 1 64162
50976 4 4 64668
50977 4 4 64571
50978 4 4 64571
50979 4 3 64823
50980 4 3 65032
50981 4 2 64491
50982 4 2 64424
50983 4 1 65002
50984 4 1 64214
50985 4 2 64455
50986 4 0 64176
50987 4 4 64784
50988 4 1 64183
50989 4 4 64660
50990 4 1 64269
50991 4 4 64784
50992 4 3 65035
50993 4 3 64820
50994 4 2 64492
50995 4 2 64635
50996 4 1 64347
50997 4 1 64208
50998 2 10 64336
50999 2 16 48157
51000 4 4 64774
51001 4 0 64229
51002 4 3 65130
51003 2 13 64466
51004 2 4 64506
51005 4 1 64369
51006 4 3 65259
51007 4 1 64294
51008 4 0 64203
51009 4 2 64442
51010 2 7 64537
51011 2 15 64656
51012 4 0 64213
51013 4 2 63690
51014 4 4 64618
51015 4 3 64804
51016 4 0 64205
51017 4 1 64348
51018 4 4 64637
51019 4 3 65231
51020 4 1 64893
51021 2 7 64540
51022 2 6 64382
51023 4 2 64399
51024 4 0 64230
51025 4 4 64568
51026 12 0 64092
51027 12 0 64092
51028 2 8 60670
51029 2 15 60171
51030 4 4 63571
51031 4 4 63572
51032 4 4 63573
51033 4 4 63574
51034 4 4 63575
51035 4 4 63575
51036 4 4 63574
51037 4 4 63573
51038 4 4 63572
51039 4 4 63571
51040 4 2 63596
51041 4 2 63590
51042 4 2 63589
51043 4 2 63588
51044 4 2 63587
51045 4 2 64085
51046 4 2 63588
51047 4 2 63589
51048 4 2 63590
51049 4 2 63596
51050 4 2 63587
51051 4 2 63588
51052 4 2 63589
51053 4 2 63590
51054 4 2 63596
51055 4 3 63602
51056 4 3 63603
51057 4 3 63600
51058 4 3 63599
51059 4 3 63597
51060 4 1 63883
51061 4 1 63882
51062 4 1 63881
51063 4 1 63880
51064 4 1 63879
51065 4 4 63929
51066 4 4 63930
51067 4 4 63931
51068 4 4 64061
51069 4 4 63933
51070 4 4 63929
51071 4 4 63930
51072 4 4 63931
51073 4 4 64061
51074 4 4 63933
51075 4 4 63929
51076 4 4 63930
51077 4 4 63931
51078 4 4 64061
51079 4 4 63933
51080 4 1 63975
51081 4 1 63976
51082 4 1 63978
51083 4 1 63973
51084 4 1 63974
51085 4 1 63974
51086 4 1 64087
51087 4 1 63978
51088 4 1 63976
51089 4 1 63975
51090 4 2 63693
51091 4 2 63692
51092 4 2 63691
51093 4 2 63690
51094 4 2 63689
51095 4 3 57057
51096 4 3 57060
51097 4 3 57058
51098 4 3 57065
51099 4 3 57063
51100 4 3 57057
51101 4 3 57060
51102 4 3 57058
51103 4 3 57065
51104 4 3 57063
51105 4 3 57057
51106 4 3 57060
51107 4 3 57058
51108 4 3 57065
51109 4 3 57063
51110 4 1 63846
51111 4 1 63844
51112 4 1 63984
51113 4 1 63842
51114 4 1 63841
51115 4 4 63566
51116 4 4 63565
51117 4 4 63830
51118 4 4 63562
51119 4 4 63559
51120 4 4 63559
51121 4 4 63562
51122 4 4 63830
51123 4 4 63565
51124 4 4 63566
51125 4 4 64706
51126 4 4 64603
51127 4 4 64601
51128 4 4 64602
51129 4 4 64600
51130 4 4 64706
51131 4 4 64603
51132 4 4 64602
51133 4 4 64601
51134 4 4 64600
51135 4 2 64496
51136 4 2 64486
51137 4 2 64488
51138 4 2 64494
51139 4 2 64732
51140 4 2 64496
51141 4 2 64490
51142 4 2 64486
51143 4 2 64488
51144 4 2 64494
51145 4 2 64732
51146 4 2 64486
51147 4 2 64496
51148 4 2 64494
51149 4 2 64488
51150 4 3 64828
51151 4 3 64819
51152 4 3 64821
51153 4 3 65129
51154 4 3 64823
51155 4 1 64895
51156 4 1 64242
51157 4 1 64241
51158 4 1 65647
51159 4 1 64235
51160 4 4 64998
51161 4 4 64667
51162 4 4 64688
51163 4 4 64668
51164 4 4 64658
51165 4 4 64658
51166 4 4 64998
51167 4 4 64688
51168 4 4 64667
51169 4 4 64668
51170 4 4 64998
51171 4 4 64667
51172 4 4 64668
51173 4 4 64688
51174 4 4 64658
51175 4 1 64163
51176 4 1 64162
51177 4 1 64212
51178 4 1 64160
51179 4 1 64159
51180 4 1 64162
51181 4 1 64212
51182 4 1 64163
51183 4 1 64159
51184 4 1 64160
51185 4 2 64398
51186 4 2 64416
51187 4 2 64427
51188 4 2 64943
51189 4 2 64426
51190 4 3 65039
51191 4 3 65032
51192 4 3 65040
51193 4 3 65038
51194 4 3 65033
51195 4 3 65039
51196 4 3 65032
51197 4 3 65040
51198 4 3 65038
51199 4 3 65033
51200 4 3 65039
51201 4 3 65032
51202 4 3 65040
51203 4 3 65038
51204 4 3 65033
51205 4 1 64277
51206 4 1 64276
51207 4 1 64290
51208 4 1 64274
51209 4 1 64284
51210 4 4 64622
51211 4 4 64572
51212 4 4 64570
51213 4 4 64571
51214 4 4 64569
51215 4 4 64622
51216 4 4 64572
51217 4 4 64571
51218 4 4 64570
51219 4 4 64569
51220 4 4 64580
51221 4 4 64577
51222 4 4 64578
51223 4 4 64576
51224 4 4 64623
51225 4 4 64580
51226 4 4 64578
51227 4 4 64577
51228 4 4 64576
51229 4 4 64623
51230 4 1 64285
51231 4 1 64281
51232 4 1 64291
51233 4 1 64279
51234 4 1 64278
51235 4 3 65176
51236 4 3 65172
51237 4 3 65175
51238 4 3 65174
51239 4 3 65173
51240 4 3 65176
51241 4 3 65172
51242 4 3 65175
51243 4 3 65174
51244 4 3 65173
51245 4 3 65176
51246 4 3 65172
51247 4 3 65175
51248 4 3 65174
51249 4 3 65173
51250 4 2 64435
51251 4 2 64944
51252 4 2 64429
51253 4 2 64432
51254 4 2 64431
51255 4 1 64224
51256 4 1 64386
51257 4 1 64221
51258 4 1 64385
51259 4 1 64860
51260 4 1 64386
51261 4 1 64224
51262 4 1 64385
51263 4 1 64860
51264 4 1 64221
51265 4 4 64695
51266 4 4 64692
51267 4 4 64694
51268 4 4 64697
51269 4 4 65000
51270 4 4 64694
51271 4 4 64674
51272 4 4 64692
51273 4 4 65000
51274 4 4 64695
51275 4 4 64695
51276 4 4 64694
51277 4 4 64692
51278 4 4 64674
51279 4 4 65000
51280 4 1 64250
51281 4 1 64897
51282 4 1 64246
51283 4 1 64859
51284 4 1 64896
51285 4 3 64827
51286 4 3 65131
51287 4 3 64832
51288 4 3 64829
51289 4 3 64840
51290 4 2 64503
51291 4 2 64504
51292 4 2 64444
51293 4 2 64502
51294 4 2 64734
51295 4 2 64504
51296 4 2 64503
51297 4 2 64502
51298 4 2 64507
51299 4 2 64444
51300 4 2 64734
51301 4 2 64504
51302 4 2 64503
51303 4 2 64502
51304 4 2 64444
51305 4 4 64584
51306 4 4 64587
51307 4 4 64585
51308 4 4 64588
51309 4 4 64707
51310 4 4 64584
51311 4 4 64585
51312 4 4 64587
51313 4 4 64588
51314 4 4 64707
51315 12 0 7243
51316 15 0 64093
51317 15 0 54319
51318 15 0 38543
51319 15 0 16204
51320 15 0 64096
51321 15 0 15711
51322 2 1 58876
51323 2 7 59382
51324 4 6 57003
51325 4 3 64809
51326 2 19 64995
51327 4 1 65289
51328 4 1 65290
51329 4 1 65296
51330 4 1 61562
51331 4 0 39162
51332 4 1 61563
51333 4 0 39162
51334 4 1 61648
51335 4 0 39162
51336 4 0 39129
51337 4 1 65443
51338 4 1 65291
51339 4 1 65296
51340 4 2 65179
51341 4 2 65182
51342 4 2 65178
51343 4 2 65179
51344 4 2 65182
51345 4 2 65178
51346 4 1 61563
51347 4 0 39162
51348 4 1 61562
51349 4 0 39162
51350 4 3 65459
51351 4 3 65461
51352 4 3 65458
51353 4 0 39162
51354 4 1 61564
51355 4 0 39162
51356 4 1 42615
51357 4 0 39162
51358 4 0 39129
51359 4 4 65239
51360 4 4 65241
51361 4 4 65244
51362 4 4 65240
51363 4 4 65242
51364 4 4 65245
51365 4 1 65443
51366 4 1 65444
51367 4 1 65445
51368 4 2 65200
51369 4 2 65201
51370 4 2 65199
51371 4 3 65236
51372 4 3 65237
51373 4 3 65238
51374 4 3 65236
51375 4 3 65237
51376 4 3 65238
51377 4 0 37840
51378 4 0 37841
51379 4 1 64167
51380 4 1 64372
51381 4 0 64225
51382 4 1 64323
51383 4 4 64618
51384 2 15 64654
51385 2 3 64363
51386 4 4 64780
51387 4 0 44357
51388 2 1 65309
51389 2 1 65310
51390 2 5 65314
51391 2 5 65312
51392 2 8 65315
51393 2 8 65316
51394 2 2 65318
51395 2 2 65317
51396 4 0 39505
51397 2 15 65320
51398 2 15 65325
51399 2 15 65323
51400 2 10 65332
51401 2 10 65331
51402 2 10 65333
51403 2 10 65334
51404 2 10 65332
51405 2 10 65331
51406 2 15 65324
51407 4 0 39505
51408 4 0 39505
51409 4 0 39505
51410 2 19 65366
51411 2 18 65335
51412 2 18 65337
51413 4 4 65246
51414 4 4 65247
51415 4 4 65248
51416 4 4 65249
51417 4 10 51913
51418 4 4 65579
51419 4 2 65162
51420 4 2 65152
51421 4 2 65154
51422 4 2 65157
51423 4 8 9659
51424 4 2 65649
51425 4 2 65162
51426 4 2 65152
51427 4 2 65154
51428 4 2 65157
51429 4 8 34953
51430 4 2 65649
51431 2 10 65166
51432 2 10 65167
51433 4 2 65162
51434 4 2 65152
51435 4 2 65154
51436 4 2 65157
51437 4 8 34953
51438 4 2 65649
51439 2 0 65357
51440 2 0 65361
51441 2 15 65343
51442 2 15 65342
51443 2 13 65308
51444 2 13 65349
51445 2 4 65377
51446 2 4 65378
51447 2 7 65390
51448 2 7 65385
51449 2 3 65364
51450 2 3 65365
51451 2 19 65370
51452 4 6 65580
51453 2 4 65379
51454 2 4 65380
51455 4 6 65581
51456 2 10 65327
51457 2 10 65330
51458 4 3 65463
51459 4 3 65464
51460 4 3 65919
51461 4 3 65465
51462 4 3 65214
51463 4 1 65274
51464 4 1 65279
51465 4 1 65280
51466 4 1 65282
51467 4 1 65285
51468 4 4 65271
51469 4 4 65272
51470 4 4 65270
51471 4 4 65273
51472 4 7 1103
51473 4 4 65268
51474 4 4 65271
51475 4 4 65272
51476 4 4 65270
51477 4 4 65273
51478 4 7 34960
51479 4 4 65268
51480 2 6 65382
51481 2 6 65648
51482 4 1 65447
51483 4 1 65952
51484 4 1 65281
51485 4 1 65451
51486 4 1 65286
51487 4 1 65447
51488 4 1 65452
51489 4 1 65281
51490 4 1 65451
51491 4 1 65286
51492 4 2 65198
51493 4 2 65188
51494 4 2 65195
51495 4 2 65203
51496 4 2 65202
51497 4 3 65218
51498 4 3 65219
51499 4 3 65221
51500 4 3 65235
51501 4 9 46045
51502 4 3 65597
51503 4 3 65218
51504 4 3 65219
51505 4 3 65221
51506 4 3 65235
51507 4 9 25246
51508 4 3 65597
51509 4 3 65218
51510 4 3 65219
51511 4 3 65221
51512 4 3 65235
51513 4 9 25246
51514 4 3 65597
51515 2 0 65363
51516 2 0 65361
51517 2 15 65401
51518 2 15 65340
51519 2 4 65372
51520 2 4 65376
51521 2 7 65389
51522 2 7 65388
51523 2 13 65353
51524 2 13 65404
51525 2 0 65363
51526 2 0 65361
51527 2 15 65401
51528 2 15 65340
51529 2 13 65350
51530 2 13 65351
51531 2 19 65371
51532 2 19 65369
51533 4 6 65582
51534 4 0 58691
51535 2 16 65394
51536 4 1 65275
51537 4 1 65277
51538 4 1 65284
51539 4 1 65283
51540 4 1 65288
51541 4 4 65251
51542 4 4 65252
51543 4 4 65253
51544 4 4 65266
51545 4 4 65267
51548 4 0 64190
51550 4 2 63691
51551 4 3 65228
51552 4 2 64457
51553 2 19 64358
51554 4 1 64892
51555 4 4 64661
51556 4 4 64525
51557 4 0 52459
51558 4 0 52459
51559 4 0 52632
51560 4 0 52632
51561 2 3 64365
51562 2 5 64393
51563 4 4 64779
51564 4 4 64774
51565 4 2 63689
51566 4 3 64812
51568 4 0 39162
51569 4 0 39162
51570 4 1 61563
51571 4 1 61564
51572 4 1 60169
51573 4 1 60161
51574 4 2 61447
51575 4 2 61447
51576 4 2 60929
51577 4 3 61461
51578 4 3 61280
51579 4 3 61280
51580 4 4 61831
51581 4 4 60908
51582 2 10 64338
51583 4 3 65276
51584 4 1 46455
51585 4 2 64446
51586 4 4 64999
51587 4 4 63571
51588 4 4 63572
51589 4 4 63573
51590 4 4 63574
51591 4 4 63575
51592 4 4 63575
51593 4 4 63574
51594 4 4 63573
51595 4 4 63572
51596 4 4 63571
51597 4 2 63596
51598 4 2 63590
51599 4 2 63589
51600 4 2 63588
51601 4 2 63587
51602 4 2 64085
51603 4 2 63588
51604 4 2 63589
51605 4 2 63590
51606 4 2 63596
51607 4 2 63587
51608 4 2 63588
51609 4 2 63589
51610 4 2 63590
51611 4 2 63596
51612 4 3 63602
51613 4 3 63603
51614 4 3 63600
51615 4 3 63599
51616 4 3 63597
51617 4 1 63883
51618 4 1 63882
51619 4 1 63881
51620 4 1 63880
51621 4 1 63879
51622 4 4 63929
51623 4 4 63930
51624 4 4 63931
51625 4 4 64061
51626 4 4 63933
51627 4 4 63929
51628 4 4 63930
51629 4 4 63931
51630 4 4 64061
51631 4 4 63933
51632 4 4 63929
51633 4 4 63930
51634 4 4 63931
51635 4 4 64061
51636 4 4 63933
51637 4 1 63975
51638 4 1 63976
51639 4 1 63978
51640 4 1 63973
51641 4 1 63974
51642 4 1 63974
51643 4 1 64087
51644 4 1 63978
51645 4 1 63976
51646 4 1 63975
51647 4 2 63693
51648 4 2 63692
51649 4 2 63691
51650 4 2 63690
51651 4 2 63689
51652 4 3 57057
51653 4 3 57060
51654 4 3 57058
51655 4 3 57065
51656 4 3 57063
51657 4 3 57057
51658 4 3 57060
51659 4 3 57058
51660 4 3 57065
51661 4 3 57063
51662 4 3 57057
51663 4 3 57060
51664 4 3 57058
51665 4 3 57065
51666 4 3 57063
51667 4 1 63846
51668 4 1 63844
51669 4 1 63984
51670 4 1 63842
51671 4 1 63841
51672 4 4 63566
51673 4 4 63565
51674 4 4 63830
51675 4 4 63562
51676 4 4 63559
51677 4 4 63559
51678 4 4 63562
51679 4 4 63830
51680 4 4 63565
51681 4 4 63566
51682 4 4 64705
51683 4 4 64595
51684 4 4 64594
51685 4 4 64593
51686 4 4 64592
51687 4 4 64592
51688 4 4 64593
51689 4 4 64594
51690 4 4 64595
51691 4 4 64705
51692 4 2 64457
51693 4 2 64458
51694 4 2 64446
51695 4 2 64448
51696 4 2 64730
51697 4 2 64456
51698 4 2 64448
51699 4 2 64446
51700 4 2 64458
51701 4 2 64457
51702 4 2 64731
51703 4 2 64448
51704 4 2 64446
51705 4 2 64458
51706 4 2 64457
51707 4 3 64814
51708 4 3 64804
51709 4 3 64812
51710 4 3 65130
51711 4 3 64810
51712 4 1 64271
51713 4 1 64270
51714 4 1 64269
51715 4 1 64268
51716 4 1 64267
51717 4 4 64637
51718 4 4 64627
51719 4 4 64630
51720 4 4 64633
51721 4 4 64999
51722 4 4 64637
51723 4 4 64627
51724 4 4 64630
51725 4 4 64633
51726 4 4 64999
51727 4 4 64637
51728 4 4 64627
51729 4 4 64630
51730 4 4 64633
51731 4 4 64999
51732 4 1 64255
51733 4 1 64196
51734 4 1 64183
51735 4 1 64257
51736 4 1 64258
51737 4 1 64258
51738 4 1 64257
51739 4 1 64183
51740 4 1 64196
51741 4 1 64255
51742 4 2 63693
51743 4 2 63692
51744 4 2 63691
51745 4 2 63690
51746 4 2 63689
51747 4 3 65228
51748 4 3 65230
51749 4 3 65227
51750 4 3 65232
51751 4 3 65233
51752 4 3 65228
51753 4 3 64776
51754 4 3 65227
51755 4 3 65232
51756 4 3 65233
51757 4 3 65278
51758 4 3 65230
51759 4 3 65227
51760 4 3 65232
51761 4 3 65233
51762 4 1 64289
51763 4 1 64288
51764 4 1 64287
51765 4 1 64286
51766 4 1 64283
51767 4 4 64618
51768 4 4 64568
51769 4 4 64527
51770 4 4 64525
51771 4 4 64523
51772 4 4 64523
51773 4 4 64525
51774 4 4 64527
51775 4 4 64568
51776 4 4 64618
51777 4 1 64255
51779 4 0 6510
51782 4 4 64774
51783 4 2 64405
51784 2 13 64468
51785 4 3 64816
51786 4 4 64568
51787 4 4 64771
51788 2 15 64645
51789 4 2 64448
51790 4 1 64858
51791 4 6 64415
51792 4 3 65233
51795 2 0 64485
51796 2 5 64555
51797 2 10 64352
51798 2 4 64518
51799 2 10 64172
51800 2 15 64678
51801 2 13 64467
51802 2 18 64370
51803 2 15 64651
51804 4 0 43423
51805 4 0 52417
51806 4 0 9854
51807 4 0 45351
51808 4 0 54999
51809 1 0 64151
51811 4 3 65033
51812 4 6 64417
51813 4 1 64312
51814 4 2 64479
51815 2 15 64646
51816 4 4 64781
51817 4 4 64595
51818 4 3 64822
51819 2 13 64468
51820 4 2 64421
51821 4 4 64786
51822 4 0 6510
51823 4 1 64200
51824 4 4 64998
51825 4 2 65160
51826 4 1 46455
51827 4 3 65032
51828 2 10 64338
51829 4 3 64821
51830 4 2 64419
51831 4 4 64786
51832 4 4 64790
51833 2 5 63834
51834 2 3 64365
51835 4 4 64593
51836 4 4 64660
51837 4 1 64302
51838 2 19 64358
51839 4 2 64478
51840 4 3 65039
51841 4 2 64416
51842 4 0 64190
51843 4 0 44357
51844 4 4 64791
51845 2 3 64363
51846 2 15 64653
51847 4 4 64705
51848 4 1 64323
51849 4 0 64225
51850 4 1 64198
51851 4 1 64168
51852 2 19 64995
51853 4 3 64820
51854 4 4 64595
51855 4 0 64230
51856 4 2 64414
51857 2 6 64379
51858 2 7 64541
51859 4 1 64301
51860 4 3 65038
51861 4 4 64658
51862 4 1 64181
51863 4 0 64205
51864 4 3 64819
51865 4 4 64705
51866 4 2 64427
51867 4 0 64213
51868 2 15 64657
51869 2 7 64539
51870 4 2 64476
51871 4 0 64203
51872 4 1 64298
51873 4 3 65036
51874 4 1 64377
51875 2 4 64512
51876 2 13 64466
51877 4 3 65132
51878 4 0 64229
51879 4 4 64786
51880 2 16 48157
51881 2 10 64336
51882 4 1 64311
51883 4 1 64179
51884 4 0 64176
51885 4 2 64483
51886 4 4 64668
51887 2 10 64330
51888 4 1 35430
51889 4 2 64416
51890 4 0 53560
51891 4 3 64822
51892 4 4 64593
51893 2 4 64509
51894 4 0 64218
51895 4 4 64595
51896 4 1 64945
51897 4 2 64481
51898 2 10 64341
51899 4 1 64310
51900 4 0 64174
51901 4 4 64782
51902 4 4 64592
51903 4 3 64825
51904 4 2 64424
51905 2 1 64320
51906 4 3 65040
51907 4 4 64782
51908 4 2 64477
51909 4 6 64410
51910 2 15 64676
51911 4 3 64819
51912 4 1 64325
51913 4 0 64171
51914 4 3 64824
51915 4 4 64781
51916 2 0 64472
51917 4 4 64787
51918 4 1 64204
51919 4 3 65035
51920 4 2 64475
51921 4 1 64303
51922 4 0 40786
51923 4 2 64423
51924 4 4 64594
51925 4 2 64422
51926 4 3 64823
51927 2 2 64353
51928 4 4 64667
51929 4 3 65034
51930 4 1 64378
51931 4 4 64664
51932 2 7 64549
51933 4 1 61403
51934 4 0 64199
51935 4 3 64820
51936 2 8 64556
51937 2 4 64517
51938 2 0 64471
51939 2 15 64645
51940 2 18 64370
51941 2 13 64467
51942 2 15 65104
51943 2 10 64172
51944 2 4 64519
51945 2 10 64352
51946 2 5 64394
51947 2 0 64485
51949 2 6 64234
51954 15 5 64403
51955 15 5 64403
51958 4 2 64735
51959 4 2 49925
51960 4 2 49985
51961 4 2 49919
51962 4 2 49982
51963 4 2 49979
51964 4 2 49925
51965 4 2 49985
51966 4 2 49919
51967 4 1 52117
51968 4 1 51783
51969 4 1 52068
51970 4 1 51840
51971 4 1 51783
51972 4 1 52113
51973 4 1 51840
51974 4 1 52068
51975 4 3 51883
51976 4 3 51883
51977 4 3 52166
51978 4 3 52166
51979 4 3 52164
51980 4 3 52164
51981 4 3 52165
51982 4 3 52163
51983 4 4 51297
51984 4 4 51297
51985 4 4 52055
51986 4 4 52055
51987 4 4 52054
51988 4 4 52054
51989 4 4 52058
51990 4 4 52057
51991 4 0 26537
51992 4 0 31800
51993 4 1 50059
51994 4 1 50059
51995 4 0 31603
51996 4 0 31603
51997 4 3 51883
51998 4 2 49919
51999 15 0 56915
52000 15 0 56915
52001 15 0 56915
52002 15 0 56915
52003 15 0 56915
52004 15 0 56915
52005 15 0 56915
52006 15 0 64736
52007 2 7 53563
52008 4 6 51453
52009 2 10 35563
52010 2 6 50350
52011 2 8 51606
52012 2 10 48290
52015 2 4 54760
52016 2 10 55711
52019 4 0 64872
52020 6 3 64870
52021 6 2 64928
52022 9 3 1096
52023 9 3 1096
52025 15 0 64877
52026 15 0 64877
52027 15 0 64877
52028 15 0 64878
52029 15 0 64878
52030 15 0 64878
52033 2 10 64905
52034 2 7 64906
52037 2 4 64910
52042 2 4 64994
52058 2 2 43809
52062 2 8 65082
52189 12 0 2351
52200 15 5 58122
52201 15 4 67489
52202 0 0 2351
52251 15 4 32321
52252 4 0 65733
52253 15 4 41449
52272 12 0 65424
52274 15 0 21202
52275 12 0 11185
52276 12 0 11185
52344 15 0 21202
52345 12 0 65424
52356 2 14 65519
52357 4 0 65520
52358 2 14 65521
52359 4 0 65521
52361 0 0 65526
52541 12 0 40553
52562 12 0 34752
52563 12 0 34751
52565 12 0 45202
52566 12 0 44269
52567 4 0 52632
52569 4 0 63958
52570 4 0 63958
52571 4 0 63958
52572 4 0 63958
52676 15 0 39458
52686 2 7 65871
52706 12 0 65893
52707 12 0 65893
52709 12 0 22299
52713 12 0 65909
52729 4 1 65920
52731 12 0 3027
52835 12 0 23712
53048 4 1 34752
53055 2 7 66128
53056 2 7 66129
53096 2 4 60714
53097 4 1 66184
53103 4 0 6510
53110 4 0 64230
53111 4 4 64771
53112 4 4 64779
53113 4 3 64804
53114 4 2 64408
53115 4 1 64323
53116 4 0 64225
53117 4 2 64448
53118 4 1 64348
53119 4 3 65259
53121 4 4 64661
53125 4 4 64789
53126 4 2 64421
53127 4 3 64822
53129 4 4 64789
53132 4 0 64190
53133 4 0 64225
53134 4 2 64484
53473 4 0 66207
53474 4 0 66212
53475 4 0 66213
53476 0 0 66218
53477 0 0 66228
53486 4 1 64345
53487 4 4 64664
53488 4 3 65035
53489 4 1 28951
53490 4 0 64230
53491 4 4 59713
53492 4 0 34336
53493 4 3 59185
53494 4 4 59194
53495 4 0 26537
53496 4 6 61884
53497 4 1 59000
53498 4 1 61875
53499 4 0 34034
53500 4 4 64836
53501 4 0 9833
53502 4 0 39209
53503 4 0 64207
53504 4 2 59094
53505 4 4 64854
53506 4 1 51374
53507 4 1 59727
53508 4 2 64559
53509 4 0 43085
53510 12 0 66265
53637 12 0 8442
53641 15 0 43520
53785 2 4 66474
53835 2 7 66550
53889 2 13 53119
53890 2 13 66549
53891 4 6 66551
53924 2 7 46788
53933 4 6 52200
53934 4 6 52199
53935 4 6 52201
53936 4 6 52202
53937 4 6 23976
53938 4 6 38258
53963 2 1 67204
54068 15 5 66745
54069 15 5 66746
54212 0 0 67469
54215 12 0 67328
54218 15 0 22192
54291 15 0 67003
54343 7 3 44269
54436 15 2 47926
54437 0 0 57664
54438 0 0 67092
54452 15 0 67105
54455 0 0 17902
54467 15 0 67129
54468 15 0 23293
54469 15 0 24677
54470 15 0 67130
54516 15 0 67153
54535 15 0 47493
54536 15 0 67167
54537 15 0 40293
54555 2 4 67187
54556 4 1 64323
54557 4 0 6510
54558 4 3 65259
54559 4 4 64779
54560 4 2 64448
54561 4 2 64408
54562 4 1 64348
54563 4 0 64225
54564 4 4 64771
54565 4 4 64661
54566 4 3 64804
54567 4 0 64230
54569 4 0 68109
54571 4 0 68107
54572 4 0 68106
54573 4 0 68108
54576 4 0 64225
54577 4 3 64822
54578 4 4 64789
54579 4 4 64789
54580 4 2 64421
54581 4 0 64190
54582 4 1 64345
54583 4 1 28951
54584 4 2 64484
54585 4 0 64230
54586 4 4 64664
54587 4 3 65035
54588 4 0 68106
54589 4 0 68108
54590 4 0 68109
54591 4 0 68107
54592 4 3 65224
54612 2 14 67215
54617 4 1 66212
54637 12 0 67279
54647 0 0 66184
54651 0 0 58579
54653 0 0 58582
54797 15 5 67577
54798 9 2 6270
54801 4 1 15239
54802 4 1 15239
54803 4 1 15239
54804 4 1 15239
54805 4 1 15239
54806 2 10 48878
54810 15 2 67453
54811 15 5 67452
54822 0 0 67444
54847 15 2 67475
54848 4 3 65233
54857 15 2 25593
54860 15 5 67573
56806 15 2 68742